,0
0,5f2bca14ba0be61b0c1ca23b
1,5f2bca14ba0be61b0c1ca273
2,5f2bca14ba0be61b0c1ca2a0
3,5f2bca14ba0be61b0c1ca2a6
4,5f2bca14ba0be61b0c1ca2a8
5,5f2bca14ba0be61b0c1ca405
6,5f2bca14ba0be61b0c1ca484
7,5f2bca14ba0be61b0c1ca4f0
8,5f2bca14ba0be61b0c1ca504
9,5f2bca16ba0be61b0c1ca598
10,5f2bca16ba0be61b0c1ca755
11,5f2bca16ba0be61b0c1ca7bc
12,5f2bca16ba0be61b0c1ca827
13,5f2bca16ba0be61b0c1ca853
14,5f2bca18ba0be61b0c1cab33
15,5f2bca18ba0be61b0c1cab81
16,5f2bca18ba0be61b0c1cac69
17,5f2bca18ba0be61b0c1cacbc
18,5f2bca18ba0be61b0c1cacbd
19,5f2bca1aba0be61b0c1cadfb
20,5f2bca1cba0be61b0c1cb2bf
21,5f2bca1dba0be61b0c1cb30e
22,5f2bca1dba0be61b0c1cb363
23,5f2bca1fba0be61b0c1cb50a
24,5f2bca1fba0be61b0c1cb607
25,5f2bca1fba0be61b0c1cb701
26,5f2bca20ba0be61b0c1cb93d
27,5f2bca20ba0be61b0c1cba18
28,5f2bca20ba0be61b0c1cba24
29,5f2bca20ba0be61b0c1cba2a
30,5f2bca20ba0be61b0c1cbb6f
31,5f2bca20ba0be61b0c1cbbab
32,5f2bca21ba0be61b0c1cbe0f
33,5f2bca21ba0be61b0c1cbf16
34,5f2bca21ba0be61b0c1cbfda
35,5f2bca22ba0be61b0c1cc2c3
36,5f2bca23ba0be61b0c1cc510
37,5f2bca23ba0be61b0c1cc51e
38,5f2bca23ba0be61b0c1cc62c
39,5f2bca23ba0be61b0c1cc691
40,5f2bca23ba0be61b0c1cc6b3
41,5f2bca25ba0be61b0c1cc9b4
42,5f2bca25ba0be61b0c1ccb0f
43,5f2bca25ba0be61b0c1ccc55
44,5f2bca26ba0be61b0c1cccd8
45,5f2bca26ba0be61b0c1cce50
46,5f2bca26ba0be61b0c1ccf2a
47,5f2bca26ba0be61b0c1ccf6b
48,5f2bca27ba0be61b0c1cd255
49,5f2bca27ba0be61b0c1cd275
50,5f2bca27ba0be61b0c1cd353
51,5f2bca27ba0be61b0c1cd383
52,5f2bca28ba0be61b0c1cd499
53,5f2bca28ba0be61b0c1cd4a1
54,5f2bca28ba0be61b0c1cd4fa
55,5f2bca28ba0be61b0c1cd552
56,5f2bca29ba0be61b0c1cd776
57,5f2bca29ba0be61b0c1cd789
58,5f2bca29ba0be61b0c1cd7a7
59,5f2bca2aba0be61b0c1cd835
60,5f2bca2cba0be61b0c1cdc61
61,5f2bca2cba0be61b0c1cddba
62,5f2bca2cba0be61b0c1cddee
63,5f2bca2cba0be61b0c1cde94
64,5f2bca2cba0be61b0c1cdf1e
65,5f2bca2dba0be61b0c1ce1d1
66,5f2bca2dba0be61b0c1ce2fe
67,5f2bca2eba0be61b0c1ce424
68,5f2bca2fba0be61b0c1ce805
69,5f2bca2fba0be61b0c1ce9a1
70,5f2bca30ba0be61b0c1cec01
71,5f2bca30ba0be61b0c1cecd3
72,5f2bca30ba0be61b0c1ced55
73,5f2bca30ba0be61b0c1cee5c
74,5f2bca31ba0be61b0c1cf0b2
75,5f2bca31ba0be61b0c1cf31a
76,5f2bca31ba0be61b0c1cf35c
77,5f2bca32ba0be61b0c1cf3fb
78,5f2bca32ba0be61b0c1cf4ee
79,5f2bca32ba0be61b0c1cf4f3
80,5f2bca32ba0be61b0c1cf5c7
81,5f2bca32ba0be61b0c1cf64b
82,5f2bca32ba0be61b0c1cf6c7
83,5f2bca33ba0be61b0c1cf801
84,5f2bca33ba0be61b0c1cfae0
85,5f2bca34ba0be61b0c1cfbb0
86,5f2bca34ba0be61b0c1cfc0a
87,5f2bca34ba0be61b0c1cfcaf
88,5f2bca34ba0be61b0c1cfcdc
89,5f2bca36ba0be61b0c1d000c
90,5f2bca37ba0be61b0c1d0352
91,5f2bca37ba0be61b0c1d0474
92,5f2bca37ba0be61b0c1d04c6
93,5f2bca38ba0be61b0c1d0aba
94,5f2bca39ba0be61b0c1d0b03
95,5f2bca39ba0be61b0c1d0c96
96,5f2bca39ba0be61b0c1d0cff
97,5f2bca39ba0be61b0c1d0d25
98,5f2bca39ba0be61b0c1d0d3d
99,5f2bca39ba0be61b0c1d0e68
100,5f2bca3aba0be61b0c1d0f4c
101,5f2bca3aba0be61b0c1d11fa
102,5f2bca3bba0be61b0c1d1499
103,5f2bca3bba0be61b0c1d154a
104,5f2bca3bba0be61b0c1d158d
105,5f2bca3dba0be61b0c1d194c
106,5f2bca3eba0be61b0c1d1ae9
107,5f2bca3eba0be61b0c1d1b24
108,5f2bca3eba0be61b0c1d1bdf
109,5f2bca3fba0be61b0c1d1e8e
110,5f2bca3fba0be61b0c1d2134
111,5f2bca41ba0be61b0c1d25c4
112,5f2bca43ba0be61b0c1d2da9
113,5f2bca44ba0be61b0c1d2f8c
114,5f2bca44ba0be61b0c1d30b4
115,5f2bca45ba0be61b0c1d34c9
116,5f2bca46ba0be61b0c1d3644
117,5f2bca46ba0be61b0c1d36e0
118,5f2bca46ba0be61b0c1d370b
119,5f2bca46ba0be61b0c1d388a
120,5f2bca46ba0be61b0c1d38a4
121,5f2bca46ba0be61b0c1d38b1
122,5f2bca47ba0be61b0c1d39d9
123,5f2bca47ba0be61b0c1d39e2
124,5f2bca47ba0be61b0c1d39f2
125,5f2bca48ba0be61b0c1d3a73
126,5f2bca48ba0be61b0c1d3ac3
127,5f2bca48ba0be61b0c1d3aeb
128,5f2bca48ba0be61b0c1d3b0a
129,5f2bca48ba0be61b0c1d3b31
130,5f2bca48ba0be61b0c1d3b56
131,5f2bca48ba0be61b0c1d3b90
132,5f2bca49ba0be61b0c1d4070
133,5f2bca49ba0be61b0c1d415f
134,5f2bca4bba0be61b0c1d4562
135,5f2bca4cba0be61b0c1d45fb
136,5f2bca4cba0be61b0c1d4636
137,5f2bca4cba0be61b0c1d4724
138,5f2bca4cba0be61b0c1d4778
139,5f2bca4dba0be61b0c1d4a9b
140,5f2bca4dba0be61b0c1d4ad9
141,5f2bca4dba0be61b0c1d4cfe
142,5f2bca4fba0be61b0c1d4f5c
143,5f2bca53ba0be61b0c1d5bfd
144,5f2bca54ba0be61b0c1d6068
145,5f2bca57ba0be61b0c1d639c
146,5f2bca5bba0be61b0c1d6c14
147,5f2bca5cba0be61b0c1d7001
148,5f2bca5cba0be61b0c1d715c
149,5f2bca5cba0be61b0c1d7233
150,5f2bca5dba0be61b0c1d7527
151,5f2bca5eba0be61b0c1d79f2
152,5f2bca61ba0be61b0c1d7fbf
153,5f2bca61ba0be61b0c1d8001
154,5f2bca62ba0be61b0c1d82f7
155,5f2bca62ba0be61b0c1d83a9
156,5f2bca63ba0be61b0c1d8432
157,5f2bca63ba0be61b0c1d8486
158,5f2bca63ba0be61b0c1d84ce
159,5f2bca65ba0be61b0c1d8952
160,5f2bca68ba0be61b0c1d91aa
161,5f2bca69ba0be61b0c1d9443
162,5f2bca69ba0be61b0c1d94c6
163,5f2bca69ba0be61b0c1d9646
164,5f2bca6aba0be61b0c1d99b2
165,5f2bca6aba0be61b0c1d9a64
166,5f2bca6aba0be61b0c1d9a9a
167,5f2bca6bba0be61b0c1d9ed0
168,5f2bca6cba0be61b0c1da338
169,5f2bca72ba0be61b0c1da74b
170,5f2bca72ba0be61b0c1da801
171,5f2bca72ba0be61b0c1da83d
172,5f2bca73ba0be61b0c1dab80
173,5f2bca73ba0be61b0c1dad5e
174,5f2bca73ba0be61b0c1dae7f
175,5f2bca73ba0be61b0c1dae93
176,5f2bca73ba0be61b0c1db134
177,5f2bca77ba0be61b0c1dbbcf
178,5f2bca77ba0be61b0c1dbcfe
179,5f2bca77ba0be61b0c1dbdb5
180,5f2bca77ba0be61b0c1dbe41
181,5f2bca78ba0be61b0c1dc14a
182,5f2bca78ba0be61b0c1dc1f4
183,5f2bca79ba0be61b0c1dc457
184,5f2bca7aba0be61b0c1dc991
185,5f2bca87ba0be61b0c1dd84a
186,5f2bca88ba0be61b0c1ddaa4
187,5f2bca8cba0be61b0c1de249
188,5f2bcaa4ba0be61b0c1dfcf9
189,5f2bcaa7ba0be61b0c1e0499
190,5f2bcaa7ba0be61b0c1e0502
191,5f2bcaa9ba0be61b0c1e092c
192,5f2bcaa9ba0be61b0c1e0a24
193,5f2bcaabba0be61b0c1e0ffd
194,5f2bcab1ba0be61b0c1e211b
195,5f2bcab1ba0be61b0c1e22e7
196,5f2bcab2ba0be61b0c1e2641
197,5f2bcab3ba0be61b0c1e2920
198,5f2bcabdba0be61b0c1e4ad5
199,5f2bcabdba0be61b0c1e4ad6
200,5f2bcabeba0be61b0c1e4ca9
201,5f2bcabeba0be61b0c1e4f14
202,5f2bcabfba0be61b0c1e5214
203,5f2bcac1ba0be61b0c1e5326
204,5f2bcac5ba0be61b0c1e5f1e
205,5f2bcacaba0be61b0c1e7489
206,5f2bcacbba0be61b0c1e7599
207,5f2bcad3ba0be61b0c1e8ccc
208,5f2bcad4ba0be61b0c1e8e38
209,5f2bcad5ba0be61b0c1e9363
210,5f2bcad6ba0be61b0c1e98bd
211,5f2bcad6ba0be61b0c1e98c8
212,5f2bcad6ba0be61b0c1e98f1
213,5f2bcad6ba0be61b0c1e990d
214,5f2bcad6ba0be61b0c1e9949
215,5f2bcad7ba0be61b0c1e997b
216,5f2bcad7ba0be61b0c1e9988
217,5f2bcad7ba0be61b0c1e999f
218,5f2bcad7ba0be61b0c1e99ae
219,5f2bcad7ba0be61b0c1e99cc
220,5f2bcad7ba0be61b0c1e99cd
221,5f2bcad7ba0be61b0c1e99df
222,5f2bcad7ba0be61b0c1e99e4
223,5f2bcad7ba0be61b0c1e99e7
224,5f2bcad7ba0be61b0c1e99f7
225,5f2bcad7ba0be61b0c1e99f8
226,5f2bcad7ba0be61b0c1e99fb
227,5f2bcad7ba0be61b0c1e99fd
228,5f2bcad7ba0be61b0c1e9a04
229,5f2bcad7ba0be61b0c1e9a05
230,5f2bcad7ba0be61b0c1e9a06
231,5f2bcad7ba0be61b0c1e9a0a
232,5f2bcad7ba0be61b0c1e9a0e
233,5f2bcad7ba0be61b0c1e9a0f
234,5f2bcad7ba0be61b0c1e9a13
235,5f2bcad7ba0be61b0c1e9a23
236,5f2bcad7ba0be61b0c1e9a2a
237,5f2bcad7ba0be61b0c1e9a2f
238,5f2bcad7ba0be61b0c1e9a31
239,5f2bcad7ba0be61b0c1e9a44
240,5f2bcad7ba0be61b0c1e9a4f
241,5f2bcad7ba0be61b0c1e9a5d
242,5f2bcad7ba0be61b0c1e9a68
243,5f2bcad7ba0be61b0c1e9a69
244,5f2bcad7ba0be61b0c1e9a74
245,5f2bcad7ba0be61b0c1e9a7c
246,5f2bcad7ba0be61b0c1e9a87
247,5f2bcad7ba0be61b0c1e9a88
248,5f2bcad7ba0be61b0c1e9af4
249,5f2bcad7ba0be61b0c1e9b03
250,5f2bcad7ba0be61b0c1e9b0f
251,5f2bcad7ba0be61b0c1e9b19
252,5f2bcad7ba0be61b0c1e9b1a
253,5f2bcad7ba0be61b0c1e9b1d
254,5f2bcad7ba0be61b0c1e9b21
255,5f2bcad7ba0be61b0c1e9b23
256,5f2bcad7ba0be61b0c1e9b27
257,5f2bcad7ba0be61b0c1e9b28
258,5f2bcad7ba0be61b0c1e9b52
259,5f2bcad7ba0be61b0c1e9b6e
260,5f2bcad7ba0be61b0c1e9b72
261,5f2bcad7ba0be61b0c1e9b82
262,5f2bcad7ba0be61b0c1e9b8e
263,5f2bcad7ba0be61b0c1e9b93
264,5f2bcad7ba0be61b0c1e9b96
265,5f2bcad7ba0be61b0c1e9b97
266,5f2bcad7ba0be61b0c1e9ba4
267,5f2bcad7ba0be61b0c1e9bb0
268,5f2bcad7ba0be61b0c1e9bb3
269,5f2bcad7ba0be61b0c1e9bc7
270,5f2bcad7ba0be61b0c1e9bc8
271,5f2bcad7ba0be61b0c1e9bc9
272,5f2bcad7ba0be61b0c1e9bcc
273,5f2bcad7ba0be61b0c1e9bde
274,5f2bcad7ba0be61b0c1e9be0
275,5f2bcad7ba0be61b0c1e9be6
276,5f2bcad7ba0be61b0c1e9bea
277,5f2bcad7ba0be61b0c1e9bfd
278,5f2bcad7ba0be61b0c1e9c35
279,5f2bcad7ba0be61b0c1e9c50
280,5f2bcad7ba0be61b0c1e9c65
281,5f2bcad7ba0be61b0c1e9c83
282,5f2bcad7ba0be61b0c1e9ce8
283,5f2bcad7ba0be61b0c1e9ce9
284,5f2bcad7ba0be61b0c1e9cf4
285,5f2bcad7ba0be61b0c1e9cfa
286,5f2bcad7ba0be61b0c1e9d02
287,5f2bcad7ba0be61b0c1e9d0c
288,5f2bcad7ba0be61b0c1e9d1b
289,5f2bcad7ba0be61b0c1e9d3d
290,5f2bcad8ba0be61b0c1e9d5c
291,5f2bcad8ba0be61b0c1e9d61
292,5f2bcad8ba0be61b0c1e9d67
293,5f2bcad8ba0be61b0c1e9d74
294,5f2bcad8ba0be61b0c1e9d81
295,5f2bcad8ba0be61b0c1e9da1
296,5f2bcad8ba0be61b0c1e9da2
297,5f2bcad8ba0be61b0c1e9da3
298,5f2bcad8ba0be61b0c1e9da6
299,5f2bcad8ba0be61b0c1e9dac
300,5f2bcad8ba0be61b0c1e9daf
301,5f2bcad8ba0be61b0c1e9db8
302,5f2bcad8ba0be61b0c1e9db9
303,5f2bcad8ba0be61b0c1e9dbb
304,5f2bcad8ba0be61b0c1e9dbe
305,5f2bcad8ba0be61b0c1e9dc0
306,5f2bcad8ba0be61b0c1e9dc1
307,5f2bcad8ba0be61b0c1e9dc5
308,5f2bcad8ba0be61b0c1e9dc6
309,5f2bcad8ba0be61b0c1e9dc8
310,5f2bcad8ba0be61b0c1e9dca
311,5f2bcad8ba0be61b0c1e9dcc
312,5f2bcad8ba0be61b0c1e9dda
313,5f2bcad8ba0be61b0c1e9ddb
314,5f2bcad8ba0be61b0c1e9ddc
315,5f2bcad8ba0be61b0c1e9dde
316,5f2bcad8ba0be61b0c1e9ddf
317,5f2bcad8ba0be61b0c1e9de0
318,5f2bcad8ba0be61b0c1e9de1
319,5f2bcad8ba0be61b0c1e9de3
320,5f2bcad8ba0be61b0c1e9de5
321,5f2bcad8ba0be61b0c1e9de6
322,5f2bcad8ba0be61b0c1e9de7
323,5f2bcad8ba0be61b0c1e9de9
324,5f2bcad8ba0be61b0c1e9dea
325,5f2bcad8ba0be61b0c1e9ded
326,5f2bcad8ba0be61b0c1e9dee
327,5f2bcad8ba0be61b0c1e9df1
328,5f2bcad8ba0be61b0c1e9df8
329,5f2bcad8ba0be61b0c1e9df9
330,5f2bcad8ba0be61b0c1e9dfe
331,5f2bcad8ba0be61b0c1e9dff
332,5f2bcad8ba0be61b0c1e9e00
333,5f2bcad8ba0be61b0c1e9e01
334,5f2bcad8ba0be61b0c1e9e02
335,5f2bcad8ba0be61b0c1e9e03
336,5f2bcad8ba0be61b0c1e9e05
337,5f2bcad8ba0be61b0c1e9e06
338,5f2bcad8ba0be61b0c1e9e07
339,5f2bcad8ba0be61b0c1e9e09
340,5f2bcad8ba0be61b0c1e9e0b
341,5f2bcad8ba0be61b0c1e9e0d
342,5f2bcad8ba0be61b0c1e9e0f
343,5f2bcad8ba0be61b0c1e9e10
344,5f2bcad8ba0be61b0c1e9e11
345,5f2bcad8ba0be61b0c1e9e21
346,5f2bcad8ba0be61b0c1e9e23
347,5f2bcad8ba0be61b0c1e9e24
348,5f2bcad8ba0be61b0c1e9e26
349,5f2bcad8ba0be61b0c1e9e28
350,5f2bcad8ba0be61b0c1e9e29
351,5f2bcad8ba0be61b0c1e9e2a
352,5f2bcad8ba0be61b0c1e9e31
353,5f2bcad8ba0be61b0c1e9e34
354,5f2bcad8ba0be61b0c1e9e35
355,5f2bcad8ba0be61b0c1e9e3b
356,5f2bcad8ba0be61b0c1e9e3c
357,5f2bcad8ba0be61b0c1e9e41
358,5f2bcad8ba0be61b0c1e9e42
359,5f2bcad8ba0be61b0c1e9e44
360,5f2bcad8ba0be61b0c1e9e45
361,5f2bcad8ba0be61b0c1e9e46
362,5f2bcad8ba0be61b0c1e9e47
363,5f2bcad8ba0be61b0c1e9e4a
364,5f2bcad8ba0be61b0c1e9e4b
365,5f2bcad8ba0be61b0c1e9e67
366,5f2bcad8ba0be61b0c1e9e68
367,5f2bcad8ba0be61b0c1e9e76
368,5f2bcad8ba0be61b0c1e9e78
369,5f2bcad8ba0be61b0c1e9e79
370,5f2bcad8ba0be61b0c1e9e8c
371,5f2bcad8ba0be61b0c1e9e8d
372,5f2bcad8ba0be61b0c1e9e91
373,5f2bcad8ba0be61b0c1e9e94
374,5f2bcad8ba0be61b0c1e9e98
375,5f2bcad8ba0be61b0c1e9e9c
376,5f2bcad8ba0be61b0c1e9e9d
377,5f2bcad8ba0be61b0c1e9e9e
378,5f2bcad8ba0be61b0c1e9e9f
379,5f2bcad8ba0be61b0c1e9ea0
380,5f2bcad8ba0be61b0c1e9ea1
381,5f2bcad8ba0be61b0c1e9ea2
382,5f2bcad8ba0be61b0c1e9ea6
383,5f2bcad8ba0be61b0c1e9ea9
384,5f2bcad8ba0be61b0c1e9eae
385,5f2bcad8ba0be61b0c1e9eaf
386,5f2bcad8ba0be61b0c1e9eb2
387,5f2bcad8ba0be61b0c1e9eb6
388,5f2bcad8ba0be61b0c1e9ec2
389,5f2bcad8ba0be61b0c1e9ec5
390,5f2bcad8ba0be61b0c1e9ec7
391,5f2bcad8ba0be61b0c1e9ec9
392,5f2bcad8ba0be61b0c1e9eca
393,5f2bcad8ba0be61b0c1e9ecf
394,5f2bcad8ba0be61b0c1e9ed1
395,5f2bcad8ba0be61b0c1e9ed2
396,5f2bcad8ba0be61b0c1e9ed8
397,5f2bcad8ba0be61b0c1e9ed9
398,5f2bcad8ba0be61b0c1e9ee2
399,5f2bcad8ba0be61b0c1e9ee7
400,5f2bcad8ba0be61b0c1e9eeb
401,5f2bcad8ba0be61b0c1e9eec
402,5f2bcad8ba0be61b0c1e9eef
403,5f2bcad8ba0be61b0c1e9ef0
404,5f2bcad8ba0be61b0c1e9ef1
405,5f2bcad8ba0be61b0c1e9ef3
406,5f2bcad8ba0be61b0c1e9ef5
407,5f2bcad8ba0be61b0c1e9ef6
408,5f2bcad8ba0be61b0c1e9ef7
409,5f2bcad8ba0be61b0c1e9efa
410,5f2bcad8ba0be61b0c1e9efb
411,5f2bcad8ba0be61b0c1e9efe
412,5f2bcad8ba0be61b0c1e9f05
413,5f2bcad8ba0be61b0c1e9f06
414,5f2bcad8ba0be61b0c1e9f07
415,5f2bcad8ba0be61b0c1e9f08
416,5f2bcad8ba0be61b0c1e9f0c
417,5f2bcad8ba0be61b0c1e9f0d
418,5f2bcad8ba0be61b0c1e9f0e
419,5f2bcad8ba0be61b0c1e9f0f
420,5f2bcad8ba0be61b0c1e9f10
421,5f2bcad8ba0be61b0c1e9f13
422,5f2bcad8ba0be61b0c1e9f16
423,5f2bcad8ba0be61b0c1e9f18
424,5f2bcad8ba0be61b0c1e9f20
425,5f2bcad8ba0be61b0c1e9f22
426,5f2bcad8ba0be61b0c1e9f28
427,5f2bcad8ba0be61b0c1e9f30
428,5f2bcad8ba0be61b0c1e9f31
429,5f2bcad8ba0be61b0c1e9f33
430,5f2bcad8ba0be61b0c1e9f3d
431,5f2bcad8ba0be61b0c1e9f4e
432,5f2bcad8ba0be61b0c1e9f51
433,5f2bcad8ba0be61b0c1e9f53
434,5f2bcad8ba0be61b0c1e9f56
435,5f2bcad8ba0be61b0c1e9f5a
436,5f2bcad8ba0be61b0c1e9f5f
437,5f2bcad8ba0be61b0c1e9f63
438,5f2bcad8ba0be61b0c1e9f67
439,5f2bcad8ba0be61b0c1e9f6a
440,5f2bcad8ba0be61b0c1e9f6f
441,5f2bcad8ba0be61b0c1e9f70
442,5f2bcad8ba0be61b0c1e9f71
443,5f2bcad8ba0be61b0c1e9f74
444,5f2bcad8ba0be61b0c1e9f78
445,5f2bcad8ba0be61b0c1e9f79
446,5f2bcad8ba0be61b0c1e9f7a
447,5f2bcad8ba0be61b0c1e9f7c
448,5f2bcad8ba0be61b0c1e9f7d
449,5f2bcad8ba0be61b0c1e9f7e
450,5f2bcad8ba0be61b0c1e9f82
451,5f2bcad8ba0be61b0c1e9f83
452,5f2bcad8ba0be61b0c1e9f85
453,5f2bcad8ba0be61b0c1e9f86
454,5f2bcad8ba0be61b0c1e9f87
455,5f2bcad8ba0be61b0c1e9f95
456,5f2bcad8ba0be61b0c1e9fab
457,5f2bcad8ba0be61b0c1e9faf
458,5f2bcad8ba0be61b0c1e9fc2
459,5f2bcad8ba0be61b0c1e9fc5
460,5f2bcad8ba0be61b0c1e9fcd
461,5f2bcad8ba0be61b0c1e9fce
462,5f2bcad8ba0be61b0c1e9fdf
463,5f2bcad8ba0be61b0c1ea008
464,5f2bcad8ba0be61b0c1ea01c
465,5f2bcad8ba0be61b0c1ea01d
466,5f2bcad8ba0be61b0c1ea01e
467,5f2bcad8ba0be61b0c1ea046
468,5f2bcad8ba0be61b0c1ea054
469,5f2bcad8ba0be61b0c1ea069
470,5f2bcad8ba0be61b0c1ea06c
471,5f2bcad8ba0be61b0c1ea06f
472,5f2bcad8ba0be61b0c1ea078
473,5f2bcad8ba0be61b0c1ea086
474,5f2bcad8ba0be61b0c1ea088
475,5f2bcad8ba0be61b0c1ea08d
476,5f2bcad8ba0be61b0c1ea098
477,5f2bcad8ba0be61b0c1ea09c
478,5f2bcad8ba0be61b0c1ea0a5
479,5f2bcad8ba0be61b0c1ea0a8
480,5f2bcad8ba0be61b0c1ea0c0
481,5f2bcad8ba0be61b0c1ea0e3
482,5f2bcadbba0be61b0c1ea5e5
483,5fa17df7caad2a449ecf4174
484,5fd224d15d62034e19d8add0
485,600ef7de6397ad0d0cd6b75e
486,605d7d351c314d73aeb31f20
487,608fcc9cefc22d8f5d2486f6
