,0
0,5f2bca14ba0be61b0c1ca23b
1,5f2bca14ba0be61b0c1ca273
2,5f2bca14ba0be61b0c1ca2a0
3,5f2bca14ba0be61b0c1ca2a6
4,5f2bca14ba0be61b0c1ca2a8
5,5f2bca14ba0be61b0c1ca405
6,5f2bca14ba0be61b0c1ca484
7,5f2bca14ba0be61b0c1ca4f0
8,5f2bca14ba0be61b0c1ca504
9,5f2bca16ba0be61b0c1ca598
10,5f2bca16ba0be61b0c1ca755
11,5f2bca16ba0be61b0c1ca7bc
12,5f2bca16ba0be61b0c1ca827
13,5f2bca16ba0be61b0c1ca853
14,5f2bca18ba0be61b0c1cab33
15,5f2bca18ba0be61b0c1cab81
16,5f2bca18ba0be61b0c1cac69
17,5f2bca18ba0be61b0c1cacbc
18,5f2bca18ba0be61b0c1cacbd
19,5f2bca1aba0be61b0c1cadfb
20,5f2bca1cba0be61b0c1cb2bf
21,5f2bca1dba0be61b0c1cb30e
22,5f2bca1dba0be61b0c1cb363
23,5f2bca1fba0be61b0c1cb50a
24,5f2bca1fba0be61b0c1cb607
25,5f2bca1fba0be61b0c1cb701
26,5f2bca20ba0be61b0c1cb93d
27,5f2bca20ba0be61b0c1cba18
28,5f2bca20ba0be61b0c1cba24
29,5f2bca20ba0be61b0c1cba2a
30,5f2bca20ba0be61b0c1cbb6f
31,5f2bca20ba0be61b0c1cbbab
32,5f2bca21ba0be61b0c1cbe0f
33,5f2bca21ba0be61b0c1cbf16
34,5f2bca21ba0be61b0c1cbfda
35,5f2bca22ba0be61b0c1cc2c3
36,5f2bca23ba0be61b0c1cc510
37,5f2bca23ba0be61b0c1cc51e
38,5f2bca23ba0be61b0c1cc62c
39,5f2bca23ba0be61b0c1cc691
40,5f2bca23ba0be61b0c1cc6b3
41,5f2bca25ba0be61b0c1cc9b4
42,5f2bca25ba0be61b0c1ccb0f
43,5f2bca25ba0be61b0c1ccc55
44,5f2bca26ba0be61b0c1ccc95
45,5f2bca26ba0be61b0c1cccd8
46,5f2bca26ba0be61b0c1cce50
47,5f2bca26ba0be61b0c1ccf2a
48,5f2bca26ba0be61b0c1ccf6b
49,5f2bca27ba0be61b0c1cd255
50,5f2bca27ba0be61b0c1cd275
51,5f2bca27ba0be61b0c1cd353
52,5f2bca27ba0be61b0c1cd383
53,5f2bca28ba0be61b0c1cd499
54,5f2bca28ba0be61b0c1cd4a1
55,5f2bca28ba0be61b0c1cd4fa
56,5f2bca28ba0be61b0c1cd552
57,5f2bca29ba0be61b0c1cd776
58,5f2bca29ba0be61b0c1cd789
59,5f2bca29ba0be61b0c1cd7a7
60,5f2bca2aba0be61b0c1cd835
61,5f2bca2cba0be61b0c1cdc61
62,5f2bca2cba0be61b0c1cddba
63,5f2bca2cba0be61b0c1cddee
64,5f2bca2cba0be61b0c1cde94
65,5f2bca2cba0be61b0c1cdf1e
66,5f2bca2dba0be61b0c1ce1d1
67,5f2bca2dba0be61b0c1ce2fe
68,5f2bca2eba0be61b0c1ce424
69,5f2bca2fba0be61b0c1ce805
70,5f2bca2fba0be61b0c1ce9a1
71,5f2bca30ba0be61b0c1cec01
72,5f2bca30ba0be61b0c1cecd3
73,5f2bca30ba0be61b0c1ced55
74,5f2bca30ba0be61b0c1cee5c
75,5f2bca31ba0be61b0c1cf0b2
76,5f2bca31ba0be61b0c1cf31a
77,5f2bca31ba0be61b0c1cf35c
78,5f2bca32ba0be61b0c1cf3fb
79,5f2bca32ba0be61b0c1cf4ee
80,5f2bca32ba0be61b0c1cf4f3
81,5f2bca32ba0be61b0c1cf5c7
82,5f2bca32ba0be61b0c1cf64b
83,5f2bca32ba0be61b0c1cf6c7
84,5f2bca33ba0be61b0c1cf801
85,5f2bca33ba0be61b0c1cfae0
86,5f2bca34ba0be61b0c1cfbb0
87,5f2bca34ba0be61b0c1cfc0a
88,5f2bca34ba0be61b0c1cfcaf
89,5f2bca34ba0be61b0c1cfcdc
90,5f2bca36ba0be61b0c1d000c
91,5f2bca37ba0be61b0c1d0352
92,5f2bca37ba0be61b0c1d0474
93,5f2bca37ba0be61b0c1d04c6
94,5f2bca38ba0be61b0c1d0aba
95,5f2bca39ba0be61b0c1d0b03
96,5f2bca39ba0be61b0c1d0c96
97,5f2bca39ba0be61b0c1d0cff
98,5f2bca39ba0be61b0c1d0d25
99,5f2bca39ba0be61b0c1d0d3d
100,5f2bca39ba0be61b0c1d0e68
101,5f2bca3aba0be61b0c1d0f4c
102,5f2bca3aba0be61b0c1d11fa
103,5f2bca3bba0be61b0c1d1499
104,5f2bca3bba0be61b0c1d154a
105,5f2bca3bba0be61b0c1d158d
106,5f2bca3dba0be61b0c1d194c
107,5f2bca3eba0be61b0c1d1ae9
108,5f2bca3eba0be61b0c1d1b24
109,5f2bca3eba0be61b0c1d1bdf
110,5f2bca3fba0be61b0c1d1e8e
111,5f2bca3fba0be61b0c1d2134
112,5f2bca41ba0be61b0c1d25c4
113,5f2bca43ba0be61b0c1d2da9
114,5f2bca44ba0be61b0c1d2f8c
115,5f2bca44ba0be61b0c1d30b4
116,5f2bca45ba0be61b0c1d34c9
117,5f2bca46ba0be61b0c1d3644
118,5f2bca46ba0be61b0c1d36e0
119,5f2bca46ba0be61b0c1d370b
120,5f2bca46ba0be61b0c1d388a
121,5f2bca46ba0be61b0c1d38a4
122,5f2bca46ba0be61b0c1d38b1
123,5f2bca47ba0be61b0c1d39d9
124,5f2bca47ba0be61b0c1d39e2
125,5f2bca47ba0be61b0c1d39f2
126,5f2bca48ba0be61b0c1d3a73
127,5f2bca48ba0be61b0c1d3ac3
128,5f2bca48ba0be61b0c1d3aeb
129,5f2bca48ba0be61b0c1d3b0a
130,5f2bca48ba0be61b0c1d3b31
131,5f2bca48ba0be61b0c1d3b56
132,5f2bca48ba0be61b0c1d3b90
133,5f2bca49ba0be61b0c1d4070
134,5f2bca49ba0be61b0c1d415f
135,5f2bca4bba0be61b0c1d4562
136,5f2bca4cba0be61b0c1d45fb
137,5f2bca4cba0be61b0c1d4636
138,5f2bca4cba0be61b0c1d4724
139,5f2bca4cba0be61b0c1d4778
140,5f2bca4dba0be61b0c1d4a9b
141,5f2bca4dba0be61b0c1d4ad9
142,5f2bca4dba0be61b0c1d4cfe
143,5f2bca4fba0be61b0c1d4f5c
144,5f2bca53ba0be61b0c1d5bfd
145,5f2bca54ba0be61b0c1d6068
146,5f2bca57ba0be61b0c1d639c
147,5f2bca5bba0be61b0c1d6c14
148,5f2bca5cba0be61b0c1d7001
149,5f2bca5cba0be61b0c1d715c
150,5f2bca5cba0be61b0c1d7233
151,5f2bca5dba0be61b0c1d7527
152,5f2bca5eba0be61b0c1d79f2
153,5f2bca61ba0be61b0c1d7fbf
154,5f2bca61ba0be61b0c1d8001
155,5f2bca62ba0be61b0c1d82f7
156,5f2bca62ba0be61b0c1d83a9
157,5f2bca63ba0be61b0c1d8432
158,5f2bca63ba0be61b0c1d8486
159,5f2bca63ba0be61b0c1d84ce
160,5f2bca65ba0be61b0c1d8952
161,5f2bca68ba0be61b0c1d91aa
162,5f2bca69ba0be61b0c1d9443
163,5f2bca69ba0be61b0c1d94c6
164,5f2bca69ba0be61b0c1d9646
165,5f2bca6aba0be61b0c1d99b2
166,5f2bca6aba0be61b0c1d9a64
167,5f2bca6aba0be61b0c1d9a9a
168,5f2bca6bba0be61b0c1d9ed0
169,5f2bca6cba0be61b0c1da338
170,5f2bca72ba0be61b0c1da74b
171,5f2bca72ba0be61b0c1da801
172,5f2bca72ba0be61b0c1da83d
173,5f2bca73ba0be61b0c1dab80
174,5f2bca73ba0be61b0c1dad5e
175,5f2bca73ba0be61b0c1dae7f
176,5f2bca73ba0be61b0c1dae93
177,5f2bca73ba0be61b0c1db134
178,5f2bca77ba0be61b0c1dbbcf
179,5f2bca77ba0be61b0c1dbcfe
180,5f2bca77ba0be61b0c1dbdb5
181,5f2bca77ba0be61b0c1dbe41
182,5f2bca78ba0be61b0c1dc14a
183,5f2bca78ba0be61b0c1dc1f4
184,5f2bca79ba0be61b0c1dc457
185,5f2bca7aba0be61b0c1dc991
186,5f2bca87ba0be61b0c1dd84a
187,5f2bca88ba0be61b0c1ddaa4
188,5f2bca8cba0be61b0c1de249
189,5f2bcaa4ba0be61b0c1dfcf9
190,5f2bcaa7ba0be61b0c1e0499
191,5f2bcaa7ba0be61b0c1e0502
192,5f2bcaa9ba0be61b0c1e092c
193,5f2bcaa9ba0be61b0c1e0a24
194,5f2bcaabba0be61b0c1e0ffd
195,5f2bcab1ba0be61b0c1e211b
196,5f2bcab1ba0be61b0c1e22e7
197,5f2bcab2ba0be61b0c1e2641
198,5f2bcab3ba0be61b0c1e2920
199,5f2bcabdba0be61b0c1e4ad5
200,5f2bcabdba0be61b0c1e4ad6
201,5f2bcabeba0be61b0c1e4ca9
202,5f2bcabeba0be61b0c1e4f14
203,5f2bcabfba0be61b0c1e5214
204,5f2bcac1ba0be61b0c1e5326
205,5f2bcac5ba0be61b0c1e5f1e
206,5f2bcacaba0be61b0c1e7489
207,5f2bcacbba0be61b0c1e7599
208,5f2bcad3ba0be61b0c1e8ccc
209,5f2bcad4ba0be61b0c1e8e38
210,5f2bcad5ba0be61b0c1e9363
211,5f2bcad6ba0be61b0c1e98bd
212,5f2bcad6ba0be61b0c1e98c8
213,5f2bcad6ba0be61b0c1e98f1
214,5f2bcad6ba0be61b0c1e990d
215,5f2bcad7ba0be61b0c1e997b
216,5f2bcad7ba0be61b0c1e9988
217,5f2bcad7ba0be61b0c1e999f
218,5f2bcad7ba0be61b0c1e99ae
219,5f2bcad7ba0be61b0c1e99cc
220,5f2bcad7ba0be61b0c1e99cd
221,5f2bcad7ba0be61b0c1e99df
222,5f2bcad7ba0be61b0c1e99e4
223,5f2bcad7ba0be61b0c1e99e7
224,5f2bcad7ba0be61b0c1e99f7
225,5f2bcad7ba0be61b0c1e99f8
226,5f2bcad7ba0be61b0c1e99fb
227,5f2bcad7ba0be61b0c1e99fd
228,5f2bcad7ba0be61b0c1e9a04
229,5f2bcad7ba0be61b0c1e9a05
230,5f2bcad7ba0be61b0c1e9a06
231,5f2bcad7ba0be61b0c1e9a0a
232,5f2bcad7ba0be61b0c1e9a0e
233,5f2bcad7ba0be61b0c1e9a0f
234,5f2bcad7ba0be61b0c1e9a13
235,5f2bcad7ba0be61b0c1e9a23
236,5f2bcad7ba0be61b0c1e9a2a
237,5f2bcad7ba0be61b0c1e9a2f
238,5f2bcad7ba0be61b0c1e9a31
239,5f2bcad7ba0be61b0c1e9a44
240,5f2bcad7ba0be61b0c1e9a4f
241,5f2bcad7ba0be61b0c1e9a5d
242,5f2bcad7ba0be61b0c1e9a68
243,5f2bcad7ba0be61b0c1e9a69
244,5f2bcad7ba0be61b0c1e9a74
245,5f2bcad7ba0be61b0c1e9a7c
246,5f2bcad7ba0be61b0c1e9a87
247,5f2bcad7ba0be61b0c1e9a88
248,5f2bcad7ba0be61b0c1e9af4
249,5f2bcad7ba0be61b0c1e9b03
250,5f2bcad7ba0be61b0c1e9b0f
251,5f2bcad7ba0be61b0c1e9b19
252,5f2bcad7ba0be61b0c1e9b1a
253,5f2bcad7ba0be61b0c1e9b1d
254,5f2bcad7ba0be61b0c1e9b21
255,5f2bcad7ba0be61b0c1e9b23
256,5f2bcad7ba0be61b0c1e9b27
257,5f2bcad7ba0be61b0c1e9b28
258,5f2bcad7ba0be61b0c1e9b52
259,5f2bcad7ba0be61b0c1e9b6e
260,5f2bcad7ba0be61b0c1e9b72
261,5f2bcad7ba0be61b0c1e9b82
262,5f2bcad7ba0be61b0c1e9b8e
263,5f2bcad7ba0be61b0c1e9b93
264,5f2bcad7ba0be61b0c1e9b96
265,5f2bcad7ba0be61b0c1e9b97
266,5f2bcad7ba0be61b0c1e9ba4
267,5f2bcad7ba0be61b0c1e9bb0
268,5f2bcad7ba0be61b0c1e9bb3
269,5f2bcad7ba0be61b0c1e9bc7
270,5f2bcad7ba0be61b0c1e9bc8
271,5f2bcad7ba0be61b0c1e9bc9
272,5f2bcad7ba0be61b0c1e9bcc
273,5f2bcad7ba0be61b0c1e9bde
274,5f2bcad7ba0be61b0c1e9be0
275,5f2bcad7ba0be61b0c1e9be6
276,5f2bcad7ba0be61b0c1e9bea
277,5f2bcad7ba0be61b0c1e9bfd
278,5f2bcad7ba0be61b0c1e9c0e
279,5f2bcad7ba0be61b0c1e9c35
280,5f2bcad7ba0be61b0c1e9c50
281,5f2bcad7ba0be61b0c1e9c65
282,5f2bcad7ba0be61b0c1e9c83
283,5f2bcad7ba0be61b0c1e9ce8
284,5f2bcad7ba0be61b0c1e9ce9
285,5f2bcad7ba0be61b0c1e9cf4
286,5f2bcad7ba0be61b0c1e9cfa
287,5f2bcad7ba0be61b0c1e9d02
288,5f2bcad7ba0be61b0c1e9d0c
289,5f2bcad7ba0be61b0c1e9d1b
290,5f2bcad7ba0be61b0c1e9d3d
291,5f2bcad8ba0be61b0c1e9d5c
292,5f2bcad8ba0be61b0c1e9d61
293,5f2bcad8ba0be61b0c1e9d67
294,5f2bcad8ba0be61b0c1e9d74
295,5f2bcad8ba0be61b0c1e9d7d
296,5f2bcad8ba0be61b0c1e9d81
297,5f2bcad8ba0be61b0c1e9da1
298,5f2bcad8ba0be61b0c1e9da2
299,5f2bcad8ba0be61b0c1e9da3
300,5f2bcad8ba0be61b0c1e9da6
301,5f2bcad8ba0be61b0c1e9dac
302,5f2bcad8ba0be61b0c1e9daf
303,5f2bcad8ba0be61b0c1e9db8
304,5f2bcad8ba0be61b0c1e9db9
305,5f2bcad8ba0be61b0c1e9dbb
306,5f2bcad8ba0be61b0c1e9dbe
307,5f2bcad8ba0be61b0c1e9dc0
308,5f2bcad8ba0be61b0c1e9dc1
309,5f2bcad8ba0be61b0c1e9dc5
310,5f2bcad8ba0be61b0c1e9dc6
311,5f2bcad8ba0be61b0c1e9dc8
312,5f2bcad8ba0be61b0c1e9dca
313,5f2bcad8ba0be61b0c1e9dcc
314,5f2bcad8ba0be61b0c1e9dda
315,5f2bcad8ba0be61b0c1e9ddb
316,5f2bcad8ba0be61b0c1e9ddc
317,5f2bcad8ba0be61b0c1e9dde
318,5f2bcad8ba0be61b0c1e9ddf
319,5f2bcad8ba0be61b0c1e9de0
320,5f2bcad8ba0be61b0c1e9de1
321,5f2bcad8ba0be61b0c1e9de3
322,5f2bcad8ba0be61b0c1e9de5
323,5f2bcad8ba0be61b0c1e9de6
324,5f2bcad8ba0be61b0c1e9de7
325,5f2bcad8ba0be61b0c1e9de9
326,5f2bcad8ba0be61b0c1e9dea
327,5f2bcad8ba0be61b0c1e9ded
328,5f2bcad8ba0be61b0c1e9dee
329,5f2bcad8ba0be61b0c1e9df1
330,5f2bcad8ba0be61b0c1e9df8
331,5f2bcad8ba0be61b0c1e9df9
332,5f2bcad8ba0be61b0c1e9dfe
333,5f2bcad8ba0be61b0c1e9dff
334,5f2bcad8ba0be61b0c1e9e00
335,5f2bcad8ba0be61b0c1e9e01
336,5f2bcad8ba0be61b0c1e9e02
337,5f2bcad8ba0be61b0c1e9e03
338,5f2bcad8ba0be61b0c1e9e05
339,5f2bcad8ba0be61b0c1e9e06
340,5f2bcad8ba0be61b0c1e9e07
341,5f2bcad8ba0be61b0c1e9e09
342,5f2bcad8ba0be61b0c1e9e0b
343,5f2bcad8ba0be61b0c1e9e0d
344,5f2bcad8ba0be61b0c1e9e0f
345,5f2bcad8ba0be61b0c1e9e10
346,5f2bcad8ba0be61b0c1e9e11
347,5f2bcad8ba0be61b0c1e9e21
348,5f2bcad8ba0be61b0c1e9e23
349,5f2bcad8ba0be61b0c1e9e24
350,5f2bcad8ba0be61b0c1e9e26
351,5f2bcad8ba0be61b0c1e9e28
352,5f2bcad8ba0be61b0c1e9e29
353,5f2bcad8ba0be61b0c1e9e2a
354,5f2bcad8ba0be61b0c1e9e31
355,5f2bcad8ba0be61b0c1e9e34
356,5f2bcad8ba0be61b0c1e9e35
357,5f2bcad8ba0be61b0c1e9e3b
358,5f2bcad8ba0be61b0c1e9e3c
359,5f2bcad8ba0be61b0c1e9e41
360,5f2bcad8ba0be61b0c1e9e42
361,5f2bcad8ba0be61b0c1e9e44
362,5f2bcad8ba0be61b0c1e9e45
363,5f2bcad8ba0be61b0c1e9e46
364,5f2bcad8ba0be61b0c1e9e47
365,5f2bcad8ba0be61b0c1e9e4a
366,5f2bcad8ba0be61b0c1e9e4b
367,5f2bcad8ba0be61b0c1e9e67
368,5f2bcad8ba0be61b0c1e9e68
369,5f2bcad8ba0be61b0c1e9e76
370,5f2bcad8ba0be61b0c1e9e78
371,5f2bcad8ba0be61b0c1e9e79
372,5f2bcad8ba0be61b0c1e9e8c
373,5f2bcad8ba0be61b0c1e9e8d
374,5f2bcad8ba0be61b0c1e9e91
375,5f2bcad8ba0be61b0c1e9e94
376,5f2bcad8ba0be61b0c1e9e98
377,5f2bcad8ba0be61b0c1e9e9c
378,5f2bcad8ba0be61b0c1e9e9d
379,5f2bcad8ba0be61b0c1e9e9e
380,5f2bcad8ba0be61b0c1e9e9f
381,5f2bcad8ba0be61b0c1e9ea0
382,5f2bcad8ba0be61b0c1e9ea1
383,5f2bcad8ba0be61b0c1e9ea2
384,5f2bcad8ba0be61b0c1e9ea6
385,5f2bcad8ba0be61b0c1e9ea9
386,5f2bcad8ba0be61b0c1e9eae
387,5f2bcad8ba0be61b0c1e9eaf
388,5f2bcad8ba0be61b0c1e9eb2
389,5f2bcad8ba0be61b0c1e9eb6
390,5f2bcad8ba0be61b0c1e9ec2
391,5f2bcad8ba0be61b0c1e9ec5
392,5f2bcad8ba0be61b0c1e9ec7
393,5f2bcad8ba0be61b0c1e9ec9
394,5f2bcad8ba0be61b0c1e9eca
395,5f2bcad8ba0be61b0c1e9ecf
396,5f2bcad8ba0be61b0c1e9ed1
397,5f2bcad8ba0be61b0c1e9ed2
398,5f2bcad8ba0be61b0c1e9ed8
399,5f2bcad8ba0be61b0c1e9ed9
400,5f2bcad8ba0be61b0c1e9ee2
401,5f2bcad8ba0be61b0c1e9ee7
402,5f2bcad8ba0be61b0c1e9eeb
403,5f2bcad8ba0be61b0c1e9eec
404,5f2bcad8ba0be61b0c1e9eef
405,5f2bcad8ba0be61b0c1e9ef0
406,5f2bcad8ba0be61b0c1e9ef1
407,5f2bcad8ba0be61b0c1e9ef3
408,5f2bcad8ba0be61b0c1e9ef5
409,5f2bcad8ba0be61b0c1e9ef6
410,5f2bcad8ba0be61b0c1e9ef7
411,5f2bcad8ba0be61b0c1e9efa
412,5f2bcad8ba0be61b0c1e9efb
413,5f2bcad8ba0be61b0c1e9efe
414,5f2bcad8ba0be61b0c1e9f05
415,5f2bcad8ba0be61b0c1e9f06
416,5f2bcad8ba0be61b0c1e9f07
417,5f2bcad8ba0be61b0c1e9f08
418,5f2bcad8ba0be61b0c1e9f0c
419,5f2bcad8ba0be61b0c1e9f0d
420,5f2bcad8ba0be61b0c1e9f0e
421,5f2bcad8ba0be61b0c1e9f0f
422,5f2bcad8ba0be61b0c1e9f10
423,5f2bcad8ba0be61b0c1e9f13
424,5f2bcad8ba0be61b0c1e9f16
425,5f2bcad8ba0be61b0c1e9f18
426,5f2bcad8ba0be61b0c1e9f20
427,5f2bcad8ba0be61b0c1e9f22
428,5f2bcad8ba0be61b0c1e9f28
429,5f2bcad8ba0be61b0c1e9f30
430,5f2bcad8ba0be61b0c1e9f31
431,5f2bcad8ba0be61b0c1e9f33
432,5f2bcad8ba0be61b0c1e9f34
433,5f2bcad8ba0be61b0c1e9f3d
434,5f2bcad8ba0be61b0c1e9f4e
435,5f2bcad8ba0be61b0c1e9f51
436,5f2bcad8ba0be61b0c1e9f53
437,5f2bcad8ba0be61b0c1e9f56
438,5f2bcad8ba0be61b0c1e9f5a
439,5f2bcad8ba0be61b0c1e9f5f
440,5f2bcad8ba0be61b0c1e9f63
441,5f2bcad8ba0be61b0c1e9f67
442,5f2bcad8ba0be61b0c1e9f6a
443,5f2bcad8ba0be61b0c1e9f6f
444,5f2bcad8ba0be61b0c1e9f70
445,5f2bcad8ba0be61b0c1e9f71
446,5f2bcad8ba0be61b0c1e9f74
447,5f2bcad8ba0be61b0c1e9f78
448,5f2bcad8ba0be61b0c1e9f79
449,5f2bcad8ba0be61b0c1e9f7a
450,5f2bcad8ba0be61b0c1e9f7c
451,5f2bcad8ba0be61b0c1e9f7d
452,5f2bcad8ba0be61b0c1e9f7e
453,5f2bcad8ba0be61b0c1e9f82
454,5f2bcad8ba0be61b0c1e9f83
455,5f2bcad8ba0be61b0c1e9f85
456,5f2bcad8ba0be61b0c1e9f86
457,5f2bcad8ba0be61b0c1e9f87
458,5f2bcad8ba0be61b0c1e9f95
459,5f2bcad8ba0be61b0c1e9fab
460,5f2bcad8ba0be61b0c1e9faf
461,5f2bcad8ba0be61b0c1e9fc2
462,5f2bcad8ba0be61b0c1e9fc5
463,5f2bcad8ba0be61b0c1e9fcd
464,5f2bcad8ba0be61b0c1e9fce
465,5f2bcad8ba0be61b0c1e9fdf
466,5f2bcad8ba0be61b0c1ea008
467,5f2bcad8ba0be61b0c1ea018
468,5f2bcad8ba0be61b0c1ea01c
469,5f2bcad8ba0be61b0c1ea01d
470,5f2bcad8ba0be61b0c1ea01e
471,5f2bcad8ba0be61b0c1ea046
472,5f2bcad8ba0be61b0c1ea054
473,5f2bcad8ba0be61b0c1ea069
474,5f2bcad8ba0be61b0c1ea06c
475,5f2bcad8ba0be61b0c1ea06f
476,5f2bcad8ba0be61b0c1ea078
477,5f2bcad8ba0be61b0c1ea086
478,5f2bcad8ba0be61b0c1ea088
479,5f2bcad8ba0be61b0c1ea08d
480,5f2bcad8ba0be61b0c1ea098
481,5f2bcad8ba0be61b0c1ea09c
482,5f2bcad8ba0be61b0c1ea0a5
483,5f2bcad8ba0be61b0c1ea0a8
484,5f2bcad8ba0be61b0c1ea0c0
485,5f2bcad8ba0be61b0c1ea0e3
486,5f2bcadbba0be61b0c1ea5e5
487,5fa17df7caad2a449ecf4174
488,5fd224d15d62034e19d8add0
489,605d7d351c314d73aeb31f20
490,608fcc9cefc22d8f5d2486f6
