,0
0,5f2bca14ba0be61b0c1ca400
1,5f2bca14ba0be61b0c1ca4bb
2,5f2bca14ba0be61b0c1ca4f9
3,5f2bca14ba0be61b0c1ca50c
4,5f2bca16ba0be61b0c1ca565
5,5f2bca16ba0be61b0c1ca576
6,5f2bca16ba0be61b0c1ca648
7,5f2bca16ba0be61b0c1ca860
8,5f2bca18ba0be61b0c1ca9b8
9,5f2bca18ba0be61b0c1caa55
10,5f2bca18ba0be61b0c1caa9b
11,5f2bca18ba0be61b0c1cab22
12,5f2bca18ba0be61b0c1cabc9
13,5f2bca1aba0be61b0c1cae19
14,5f2bca1aba0be61b0c1cae21
15,5f2bca1aba0be61b0c1cae8b
16,5f2bca1aba0be61b0c1caec8
17,5f2bca1aba0be61b0c1caf03
18,5f2bca1aba0be61b0c1cb0cd
19,5f2bca1cba0be61b0c1cb253
20,5f2bca1cba0be61b0c1cb292
21,5f2bca1cba0be61b0c1cb2b5
22,5f2bca1dba0be61b0c1cb2d5
23,5f2bca1dba0be61b0c1cb4f6
24,5f2bca1fba0be61b0c1cb54e
25,5f2bca1fba0be61b0c1cb555
26,5f2bca1fba0be61b0c1cb5db
27,5f2bca1fba0be61b0c1cb742
28,5f2bca1fba0be61b0c1cb764
29,5f2bca1fba0be61b0c1cb78b
30,5f2bca1fba0be61b0c1cb794
31,5f2bca1fba0be61b0c1cb79a
32,5f2bca1fba0be61b0c1cb7b6
33,5f2bca1fba0be61b0c1cb7bd
34,5f2bca1fba0be61b0c1cb7c2
35,5f2bca1fba0be61b0c1cb7c3
36,5f2bca1fba0be61b0c1cb7e0
37,5f2bca1fba0be61b0c1cb7e1
38,5f2bca1fba0be61b0c1cb7e3
39,5f2bca1fba0be61b0c1cb7e5
40,5f2bca1fba0be61b0c1cb7e6
41,5f2bca1fba0be61b0c1cb7e8
42,5f2bca1fba0be61b0c1cb802
43,5f2bca1fba0be61b0c1cb832
44,5f2bca1fba0be61b0c1cb85b
45,5f2bca1fba0be61b0c1cb866
46,5f2bca1fba0be61b0c1cb87e
47,5f2bca1fba0be61b0c1cb884
48,5f2bca1fba0be61b0c1cb8d3
49,5f2bca1fba0be61b0c1cb8dd
50,5f2bca20ba0be61b0c1cb8ed
51,5f2bca20ba0be61b0c1cb8f5
52,5f2bca20ba0be61b0c1cb90a
53,5f2bca20ba0be61b0c1cb921
54,5f2bca20ba0be61b0c1cb93c
55,5f2bca20ba0be61b0c1cb946
56,5f2bca20ba0be61b0c1cb94d
57,5f2bca20ba0be61b0c1cb94e
58,5f2bca20ba0be61b0c1cb955
59,5f2bca20ba0be61b0c1cb963
60,5f2bca20ba0be61b0c1cb964
61,5f2bca20ba0be61b0c1cb97d
62,5f2bca20ba0be61b0c1cb992
63,5f2bca20ba0be61b0c1cb993
64,5f2bca20ba0be61b0c1cb998
65,5f2bca20ba0be61b0c1cb9ba
66,5f2bca20ba0be61b0c1cb9d9
67,5f2bca20ba0be61b0c1cb9e9
68,5f2bca20ba0be61b0c1cb9ee
69,5f2bca20ba0be61b0c1cb9f3
70,5f2bca20ba0be61b0c1cba09
71,5f2bca20ba0be61b0c1cba3b
72,5f2bca20ba0be61b0c1cba41
73,5f2bca20ba0be61b0c1cba6d
74,5f2bca20ba0be61b0c1cba7d
75,5f2bca20ba0be61b0c1cbab4
76,5f2bca20ba0be61b0c1cbab6
77,5f2bca20ba0be61b0c1cbaba
78,5f2bca20ba0be61b0c1cbabc
79,5f2bca20ba0be61b0c1cbac7
80,5f2bca20ba0be61b0c1cbadf
81,5f2bca20ba0be61b0c1cbaec
82,5f2bca20ba0be61b0c1cbaf2
83,5f2bca20ba0be61b0c1cbafe
84,5f2bca20ba0be61b0c1cbb00
85,5f2bca20ba0be61b0c1cbb2b
86,5f2bca20ba0be61b0c1cbb42
87,5f2bca20ba0be61b0c1cbb62
88,5f2bca20ba0be61b0c1cbb67
89,5f2bca20ba0be61b0c1cbb71
90,5f2bca20ba0be61b0c1cbb81
91,5f2bca20ba0be61b0c1cbbc3
92,5f2bca20ba0be61b0c1cbbdd
93,5f2bca20ba0be61b0c1cbbde
94,5f2bca20ba0be61b0c1cbbe1
95,5f2bca20ba0be61b0c1cbbfd
96,5f2bca20ba0be61b0c1cbc0e
97,5f2bca20ba0be61b0c1cbc3c
98,5f2bca20ba0be61b0c1cbc42
99,5f2bca20ba0be61b0c1cbc43
100,5f2bca20ba0be61b0c1cbc58
101,5f2bca20ba0be61b0c1cbc60
102,5f2bca20ba0be61b0c1cbc61
103,5f2bca20ba0be61b0c1cbc62
104,5f2bca20ba0be61b0c1cbc69
105,5f2bca20ba0be61b0c1cbc72
106,5f2bca20ba0be61b0c1cbc7b
107,5f2bca20ba0be61b0c1cbc83
108,5f2bca20ba0be61b0c1cbc86
109,5f2bca20ba0be61b0c1cbcb9
110,5f2bca21ba0be61b0c1cbcd4
111,5f2bca21ba0be61b0c1cbcef
112,5f2bca21ba0be61b0c1cbd10
113,5f2bca21ba0be61b0c1cbd18
114,5f2bca21ba0be61b0c1cbd27
115,5f2bca21ba0be61b0c1cbd3d
116,5f2bca21ba0be61b0c1cbd50
117,5f2bca21ba0be61b0c1cbd6e
118,5f2bca21ba0be61b0c1cbd74
119,5f2bca21ba0be61b0c1cbd75
120,5f2bca21ba0be61b0c1cbd77
121,5f2bca21ba0be61b0c1cbd7a
122,5f2bca21ba0be61b0c1cbd86
123,5f2bca21ba0be61b0c1cbda8
124,5f2bca21ba0be61b0c1cbdae
125,5f2bca21ba0be61b0c1cbdb4
126,5f2bca21ba0be61b0c1cbdb8
127,5f2bca21ba0be61b0c1cbdbd
128,5f2bca21ba0be61b0c1cbdf5
129,5f2bca21ba0be61b0c1cbe31
130,5f2bca21ba0be61b0c1cbe3d
131,5f2bca21ba0be61b0c1cbe4a
132,5f2bca21ba0be61b0c1cbe4c
133,5f2bca21ba0be61b0c1cbe64
134,5f2bca21ba0be61b0c1cbe6f
135,5f2bca21ba0be61b0c1cbe89
136,5f2bca21ba0be61b0c1cbe93
137,5f2bca21ba0be61b0c1cbeca
138,5f2bca21ba0be61b0c1cbecb
139,5f2bca21ba0be61b0c1cbed4
140,5f2bca21ba0be61b0c1cbed8
141,5f2bca21ba0be61b0c1cbedf
142,5f2bca21ba0be61b0c1cbef6
143,5f2bca21ba0be61b0c1cbf09
144,5f2bca21ba0be61b0c1cbf43
145,5f2bca21ba0be61b0c1cbf66
146,5f2bca21ba0be61b0c1cbf70
147,5f2bca21ba0be61b0c1cbf78
148,5f2bca21ba0be61b0c1cbfa9
149,5f2bca21ba0be61b0c1cbfb9
150,5f2bca21ba0be61b0c1cbfc7
151,5f2bca21ba0be61b0c1cbfd8
152,5f2bca21ba0be61b0c1cbfe0
153,5f2bca21ba0be61b0c1cbfe9
154,5f2bca21ba0be61b0c1cbffc
155,5f2bca21ba0be61b0c1cc008
156,5f2bca21ba0be61b0c1cc05e
157,5f2bca22ba0be61b0c1cc0bb
158,5f2bca22ba0be61b0c1cc0ce
159,5f2bca22ba0be61b0c1cc0e0
160,5f2bca22ba0be61b0c1cc0ed
161,5f2bca22ba0be61b0c1cc0fa
162,5f2bca22ba0be61b0c1cc0fc
163,5f2bca22ba0be61b0c1cc10a
164,5f2bca22ba0be61b0c1cc11c
165,5f2bca22ba0be61b0c1cc158
166,5f2bca22ba0be61b0c1cc172
167,5f2bca22ba0be61b0c1cc186
168,5f2bca22ba0be61b0c1cc18c
169,5f2bca22ba0be61b0c1cc191
170,5f2bca22ba0be61b0c1cc1a4
171,5f2bca22ba0be61b0c1cc1b0
172,5f2bca22ba0be61b0c1cc1b6
173,5f2bca22ba0be61b0c1cc1c2
174,5f2bca22ba0be61b0c1cc1db
175,5f2bca22ba0be61b0c1cc1e0
176,5f2bca22ba0be61b0c1cc1eb
177,5f2bca22ba0be61b0c1cc1f1
178,5f2bca22ba0be61b0c1cc20e
179,5f2bca22ba0be61b0c1cc20f
180,5f2bca22ba0be61b0c1cc21e
181,5f2bca22ba0be61b0c1cc245
182,5f2bca22ba0be61b0c1cc25e
183,5f2bca22ba0be61b0c1cc27f
184,5f2bca22ba0be61b0c1cc282
185,5f2bca22ba0be61b0c1cc29d
186,5f2bca22ba0be61b0c1cc2a5
187,5f2bca22ba0be61b0c1cc2ae
188,5f2bca22ba0be61b0c1cc2b9
189,5f2bca22ba0be61b0c1cc2ef
190,5f2bca22ba0be61b0c1cc308
191,5f2bca22ba0be61b0c1cc320
192,5f2bca22ba0be61b0c1cc32c
193,5f2bca22ba0be61b0c1cc335
194,5f2bca22ba0be61b0c1cc339
195,5f2bca22ba0be61b0c1cc352
196,5f2bca22ba0be61b0c1cc38f
197,5f2bca22ba0be61b0c1cc39d
198,5f2bca22ba0be61b0c1cc3bb
199,5f2bca22ba0be61b0c1cc3c6
200,5f2bca22ba0be61b0c1cc3cf
201,5f2bca22ba0be61b0c1cc3d2
202,5f2bca22ba0be61b0c1cc3f6
203,5f2bca22ba0be61b0c1cc3f9
204,5f2bca22ba0be61b0c1cc40c
205,5f2bca22ba0be61b0c1cc441
206,5f2bca22ba0be61b0c1cc45d
207,5f2bca22ba0be61b0c1cc466
208,5f2bca22ba0be61b0c1cc47d
209,5f2bca23ba0be61b0c1cc120
210,5f2bca23ba0be61b0c1cc121
211,5f2bca23ba0be61b0c1cc4af
212,5f2bca23ba0be61b0c1cc4ba
213,5f2bca23ba0be61b0c1cc4c0
214,5f2bca23ba0be61b0c1cc4d3
215,5f2bca23ba0be61b0c1cc4d4
216,5f2bca23ba0be61b0c1cc4db
217,5f2bca23ba0be61b0c1cc4e3
218,5f2bca23ba0be61b0c1cc4f7
219,5f2bca23ba0be61b0c1cc4ff
220,5f2bca23ba0be61b0c1cc51b
221,5f2bca23ba0be61b0c1cc526
222,5f2bca23ba0be61b0c1cc536
223,5f2bca23ba0be61b0c1cc539
224,5f2bca23ba0be61b0c1cc53d
225,5f2bca23ba0be61b0c1cc551
226,5f2bca23ba0be61b0c1cc55a
227,5f2bca23ba0be61b0c1cc56e
228,5f2bca23ba0be61b0c1cc5a1
229,5f2bca23ba0be61b0c1cc5a2
230,5f2bca23ba0be61b0c1cc5b4
231,5f2bca23ba0be61b0c1cc5c2
232,5f2bca23ba0be61b0c1cc5d0
233,5f2bca23ba0be61b0c1cc5e9
234,5f2bca23ba0be61b0c1cc5f6
235,5f2bca23ba0be61b0c1cc600
236,5f2bca23ba0be61b0c1cc615
237,5f2bca23ba0be61b0c1cc619
238,5f2bca23ba0be61b0c1cc636
239,5f2bca23ba0be61b0c1cc63a
240,5f2bca23ba0be61b0c1cc652
241,5f2bca23ba0be61b0c1cc654
242,5f2bca23ba0be61b0c1cc657
243,5f2bca23ba0be61b0c1cc65d
244,5f2bca23ba0be61b0c1cc663
245,5f2bca23ba0be61b0c1cc67c
246,5f2bca23ba0be61b0c1cc685
247,5f2bca23ba0be61b0c1cc686
248,5f2bca23ba0be61b0c1cc687
249,5f2bca23ba0be61b0c1cc688
250,5f2bca23ba0be61b0c1cc69a
251,5f2bca23ba0be61b0c1cc69e
252,5f2bca23ba0be61b0c1cc6a0
253,5f2bca23ba0be61b0c1cc6a4
254,5f2bca23ba0be61b0c1cc6a6
255,5f2bca23ba0be61b0c1cc6b6
256,5f2bca23ba0be61b0c1cc6b7
257,5f2bca23ba0be61b0c1cc6b8
258,5f2bca23ba0be61b0c1cc6cc
259,5f2bca23ba0be61b0c1cc6d8
260,5f2bca23ba0be61b0c1cc6ee
261,5f2bca23ba0be61b0c1cc6f1
262,5f2bca23ba0be61b0c1cc723
263,5f2bca23ba0be61b0c1cc73b
264,5f2bca23ba0be61b0c1cc740
265,5f2bca23ba0be61b0c1cc75a
266,5f2bca23ba0be61b0c1cc75b
267,5f2bca23ba0be61b0c1cc783
268,5f2bca23ba0be61b0c1cc7b0
269,5f2bca23ba0be61b0c1cc7b8
270,5f2bca23ba0be61b0c1cc7be
271,5f2bca24ba0be61b0c1cc805
272,5f2bca24ba0be61b0c1cc80c
273,5f2bca24ba0be61b0c1cc81c
274,5f2bca24ba0be61b0c1cc821
275,5f2bca24ba0be61b0c1cc842
276,5f2bca24ba0be61b0c1cc851
277,5f2bca24ba0be61b0c1cc86e
278,5f2bca24ba0be61b0c1cc871
279,5f2bca24ba0be61b0c1cc872
280,5f2bca25ba0be61b0c1cc896
281,5f2bca25ba0be61b0c1cc8c1
282,5f2bca25ba0be61b0c1cc8cf
283,5f2bca25ba0be61b0c1cc8e5
284,5f2bca25ba0be61b0c1cc8ea
285,5f2bca25ba0be61b0c1cc8f6
286,5f2bca25ba0be61b0c1cc907
287,5f2bca25ba0be61b0c1cc908
288,5f2bca25ba0be61b0c1cc91a
289,5f2bca25ba0be61b0c1cc92b
290,5f2bca25ba0be61b0c1cc958
291,5f2bca25ba0be61b0c1cc963
292,5f2bca25ba0be61b0c1cc976
293,5f2bca25ba0be61b0c1cc978
294,5f2bca25ba0be61b0c1cc979
295,5f2bca25ba0be61b0c1cc9b3
296,5f2bca25ba0be61b0c1cc9c1
297,5f2bca25ba0be61b0c1cc9de
298,5f2bca25ba0be61b0c1cc9fc
299,5f2bca25ba0be61b0c1cca24
300,5f2bca25ba0be61b0c1cca2c
301,5f2bca25ba0be61b0c1cca5d
302,5f2bca25ba0be61b0c1cca5f
303,5f2bca25ba0be61b0c1cca60
304,5f2bca25ba0be61b0c1cca69
305,5f2bca25ba0be61b0c1ccad1
306,5f2bca25ba0be61b0c1ccad5
307,5f2bca25ba0be61b0c1ccae7
308,5f2bca25ba0be61b0c1ccaea
309,5f2bca25ba0be61b0c1ccaf2
310,5f2bca25ba0be61b0c1ccb15
311,5f2bca25ba0be61b0c1ccb21
312,5f2bca25ba0be61b0c1ccb46
313,5f2bca25ba0be61b0c1ccb73
314,5f2bca25ba0be61b0c1ccb7f
315,5f2bca25ba0be61b0c1ccba1
316,5f2bca25ba0be61b0c1ccba7
317,5f2bca25ba0be61b0c1ccbae
318,5f2bca25ba0be61b0c1ccbb4
319,5f2bca25ba0be61b0c1ccbff
320,5f2bca25ba0be61b0c1ccc0b
321,5f2bca25ba0be61b0c1ccc24
322,5f2bca25ba0be61b0c1ccc3d
323,5f2bca25ba0be61b0c1ccc4d
324,5f2bca25ba0be61b0c1ccc58
325,5f2bca25ba0be61b0c1ccc5a
326,5f2bca26ba0be61b0c1ccc83
327,5f2bca26ba0be61b0c1ccc86
328,5f2bca26ba0be61b0c1ccca6
329,5f2bca26ba0be61b0c1cccaf
330,5f2bca26ba0be61b0c1ccce2
331,5f2bca26ba0be61b0c1ccce9
332,5f2bca26ba0be61b0c1cccf1
333,5f2bca26ba0be61b0c1ccd0c
334,5f2bca26ba0be61b0c1ccd0e
335,5f2bca26ba0be61b0c1ccd17
336,5f2bca26ba0be61b0c1ccd20
337,5f2bca26ba0be61b0c1ccd41
338,5f2bca26ba0be61b0c1ccd4b
339,5f2bca26ba0be61b0c1ccd4e
340,5f2bca26ba0be61b0c1ccd58
341,5f2bca26ba0be61b0c1ccd70
342,5f2bca26ba0be61b0c1ccd79
343,5f2bca26ba0be61b0c1ccd7a
344,5f2bca26ba0be61b0c1ccd82
345,5f2bca26ba0be61b0c1ccd8a
346,5f2bca26ba0be61b0c1ccd95
347,5f2bca26ba0be61b0c1ccd96
348,5f2bca26ba0be61b0c1ccd97
349,5f2bca26ba0be61b0c1ccd9c
350,5f2bca26ba0be61b0c1ccdb2
351,5f2bca26ba0be61b0c1ccdd1
352,5f2bca26ba0be61b0c1ccdd3
353,5f2bca26ba0be61b0c1ccdf3
354,5f2bca26ba0be61b0c1cce0e
355,5f2bca26ba0be61b0c1cce0f
356,5f2bca26ba0be61b0c1cce13
357,5f2bca26ba0be61b0c1cce66
358,5f2bca26ba0be61b0c1cce6e
359,5f2bca26ba0be61b0c1cceaf
360,5f2bca26ba0be61b0c1cceb8
361,5f2bca26ba0be61b0c1ccec7
362,5f2bca26ba0be61b0c1cceeb
363,5f2bca26ba0be61b0c1ccf00
364,5f2bca26ba0be61b0c1ccf5e
365,5f2bca26ba0be61b0c1ccf66
366,5f2bca26ba0be61b0c1ccf6d
367,5f2bca26ba0be61b0c1ccf77
368,5f2bca26ba0be61b0c1ccfba
369,5f2bca26ba0be61b0c1ccfc0
370,5f2bca26ba0be61b0c1ccfc2
371,5f2bca26ba0be61b0c1ccfdc
372,5f2bca26ba0be61b0c1cd015
373,5f2bca26ba0be61b0c1cd01a
374,5f2bca26ba0be61b0c1cd024
375,5f2bca26ba0be61b0c1cd033
376,5f2bca27ba0be61b0c1cd096
377,5f2bca27ba0be61b0c1cd0d8
378,5f2bca27ba0be61b0c1cd0dc
379,5f2bca27ba0be61b0c1cd0e7
380,5f2bca27ba0be61b0c1cd0ea
381,5f2bca27ba0be61b0c1cd0ec
382,5f2bca27ba0be61b0c1cd11a
383,5f2bca27ba0be61b0c1cd12f
384,5f2bca27ba0be61b0c1cd135
385,5f2bca27ba0be61b0c1cd139
386,5f2bca27ba0be61b0c1cd13d
387,5f2bca27ba0be61b0c1cd150
388,5f2bca27ba0be61b0c1cd151
389,5f2bca27ba0be61b0c1cd192
390,5f2bca27ba0be61b0c1cd19c
391,5f2bca27ba0be61b0c1cd1d8
392,5f2bca27ba0be61b0c1cd1ef
393,5f2bca27ba0be61b0c1cd1fc
394,5f2bca27ba0be61b0c1cd207
395,5f2bca27ba0be61b0c1cd21f
396,5f2bca27ba0be61b0c1cd220
397,5f2bca27ba0be61b0c1cd23e
398,5f2bca27ba0be61b0c1cd251
399,5f2bca27ba0be61b0c1cd252
400,5f2bca27ba0be61b0c1cd26c
401,5f2bca27ba0be61b0c1cd277
402,5f2bca27ba0be61b0c1cd290
403,5f2bca27ba0be61b0c1cd291
404,5f2bca27ba0be61b0c1cd292
405,5f2bca27ba0be61b0c1cd2a2
406,5f2bca27ba0be61b0c1cd2c2
407,5f2bca27ba0be61b0c1cd2f6
408,5f2bca27ba0be61b0c1cd329
409,5f2bca27ba0be61b0c1cd341
410,5f2bca27ba0be61b0c1cd35b
411,5f2bca27ba0be61b0c1cd37a
412,5f2bca27ba0be61b0c1cd399
413,5f2bca27ba0be61b0c1cd3c0
414,5f2bca27ba0be61b0c1cd3d3
415,5f2bca27ba0be61b0c1cd3d6
416,5f2bca27ba0be61b0c1cd404
417,5f2bca27ba0be61b0c1cd41e
418,5f2bca27ba0be61b0c1cd420
419,5f2bca27ba0be61b0c1cd427
420,5f2bca28ba0be61b0c1cd448
421,5f2bca28ba0be61b0c1cd451
422,5f2bca28ba0be61b0c1cd469
423,5f2bca28ba0be61b0c1cd473
424,5f2bca28ba0be61b0c1cd475
425,5f2bca28ba0be61b0c1cd482
426,5f2bca28ba0be61b0c1cd4a9
427,5f2bca28ba0be61b0c1cd4b4
428,5f2bca28ba0be61b0c1cd4ce
429,5f2bca28ba0be61b0c1cd4cf
430,5f2bca28ba0be61b0c1cd4db
431,5f2bca28ba0be61b0c1cd4e5
432,5f2bca28ba0be61b0c1cd516
433,5f2bca28ba0be61b0c1cd51d
434,5f2bca28ba0be61b0c1cd51e
435,5f2bca28ba0be61b0c1cd527
436,5f2bca28ba0be61b0c1cd54f
437,5f2bca29ba0be61b0c1cd583
438,5f2bca29ba0be61b0c1cd58d
439,5f2bca29ba0be61b0c1cd59a
440,5f2bca29ba0be61b0c1cd59c
441,5f2bca29ba0be61b0c1cd5bb
442,5f2bca29ba0be61b0c1cd5c5
443,5f2bca29ba0be61b0c1cd5cb
444,5f2bca29ba0be61b0c1cd5cf
445,5f2bca29ba0be61b0c1cd5d7
446,5f2bca29ba0be61b0c1cd5f6
447,5f2bca29ba0be61b0c1cd5fc
448,5f2bca29ba0be61b0c1cd62f
449,5f2bca29ba0be61b0c1cd630
450,5f2bca29ba0be61b0c1cd64c
451,5f2bca29ba0be61b0c1cd64f
452,5f2bca29ba0be61b0c1cd667
453,5f2bca29ba0be61b0c1cd66d
454,5f2bca29ba0be61b0c1cd675
455,5f2bca29ba0be61b0c1cd682
456,5f2bca29ba0be61b0c1cd690
457,5f2bca29ba0be61b0c1cd698
458,5f2bca29ba0be61b0c1cd6da
459,5f2bca29ba0be61b0c1cd6f7
460,5f2bca29ba0be61b0c1cd71f
461,5f2bca29ba0be61b0c1cd725
462,5f2bca29ba0be61b0c1cd72b
463,5f2bca29ba0be61b0c1cd756
464,5f2bca29ba0be61b0c1cd75a
465,5f2bca29ba0be61b0c1cd774
466,5f2bca29ba0be61b0c1cd778
467,5f2bca29ba0be61b0c1cd7bf
468,5f2bca29ba0be61b0c1cd7c0
469,5f2bca29ba0be61b0c1cd7e3
470,5f2bca29ba0be61b0c1cd7ed
471,5f2bca29ba0be61b0c1cd80a
472,5f2bca2aba0be61b0c1cd856
473,5f2bca2aba0be61b0c1cd871
474,5f2bca2aba0be61b0c1cd8a5
475,5f2bca2aba0be61b0c1cd8b2
476,5f2bca2aba0be61b0c1cd8c6
477,5f2bca2aba0be61b0c1cd8ed
478,5f2bca2aba0be61b0c1cd8f2
479,5f2bca2aba0be61b0c1cd8f3
480,5f2bca2aba0be61b0c1cd8ff
481,5f2bca2aba0be61b0c1cd92d
482,5f2bca2aba0be61b0c1cd935
483,5f2bca2aba0be61b0c1cd95a
484,5f2bca2aba0be61b0c1cd95e
485,5f2bca2aba0be61b0c1cd980
486,5f2bca2aba0be61b0c1cd984
487,5f2bca2aba0be61b0c1cd987
488,5f2bca2aba0be61b0c1cd9a5
489,5f2bca2aba0be61b0c1cd9ee
490,5f2bca2aba0be61b0c1cda05
491,5f2bca2aba0be61b0c1cda08
492,5f2bca2aba0be61b0c1cda0c
493,5f2bca2aba0be61b0c1cda1d
494,5f2bca2aba0be61b0c1cda28
495,5f2bca2aba0be61b0c1cda2d
496,5f2bca2aba0be61b0c1cda47
497,5f2bca2aba0be61b0c1cda5a
498,5f2bca2aba0be61b0c1cdae1
499,5f2bca2aba0be61b0c1cdaf4
500,5f2bca2aba0be61b0c1cdb01
501,5f2bca2aba0be61b0c1cdb0a
502,5f2bca2aba0be61b0c1cdb1b
503,5f2bca2aba0be61b0c1cdb24
504,5f2bca2aba0be61b0c1cdb36
505,5f2bca2aba0be61b0c1cdb40
506,5f2bca2aba0be61b0c1cdb45
507,5f2bca2aba0be61b0c1cdb56
508,5f2bca2aba0be61b0c1cdb90
509,5f2bca2aba0be61b0c1cdb9b
510,5f2bca2aba0be61b0c1cdb9c
511,5f2bca2aba0be61b0c1cdba3
512,5f2bca2aba0be61b0c1cdbaf
513,5f2bca2aba0be61b0c1cdbc8
514,5f2bca2aba0be61b0c1cdc06
515,5f2bca2aba0be61b0c1cdc0b
516,5f2bca2bba0be61b0c1cdc1c
517,5f2bca2cba0be61b0c1cdc2d
518,5f2bca2cba0be61b0c1cdc33
519,5f2bca2cba0be61b0c1cdc71
520,5f2bca2cba0be61b0c1cdc9b
521,5f2bca2cba0be61b0c1cdcb1
522,5f2bca2cba0be61b0c1cdcb2
523,5f2bca2cba0be61b0c1cdcbf
524,5f2bca2cba0be61b0c1cdce2
525,5f2bca2cba0be61b0c1cdcfa
526,5f2bca2cba0be61b0c1cdd77
527,5f2bca2cba0be61b0c1cdd92
528,5f2bca2cba0be61b0c1cdd9a
529,5f2bca2cba0be61b0c1cdd9f
530,5f2bca2cba0be61b0c1cdda4
531,5f2bca2cba0be61b0c1cddb4
532,5f2bca2cba0be61b0c1cddca
533,5f2bca2cba0be61b0c1cddcb
534,5f2bca2cba0be61b0c1cddcc
535,5f2bca2cba0be61b0c1cdddc
536,5f2bca2cba0be61b0c1cde16
537,5f2bca2cba0be61b0c1cde1f
538,5f2bca2cba0be61b0c1cde22
539,5f2bca2cba0be61b0c1cde30
540,5f2bca2cba0be61b0c1cde57
541,5f2bca2cba0be61b0c1cded9
542,5f2bca2cba0be61b0c1cdee9
543,5f2bca2cba0be61b0c1cdfa7
544,5f2bca2cba0be61b0c1cdfdd
545,5f2bca2cba0be61b0c1cdfe0
546,5f2bca2cba0be61b0c1cdff5
547,5f2bca2dba0be61b0c1ce01d
548,5f2bca2dba0be61b0c1ce05b
549,5f2bca2dba0be61b0c1ce0bf
550,5f2bca2dba0be61b0c1ce0c3
551,5f2bca2dba0be61b0c1ce0ca
552,5f2bca2dba0be61b0c1ce0cb
553,5f2bca2dba0be61b0c1ce0f9
554,5f2bca2dba0be61b0c1ce10d
555,5f2bca2dba0be61b0c1ce11d
556,5f2bca2dba0be61b0c1ce135
557,5f2bca2dba0be61b0c1ce13b
558,5f2bca2dba0be61b0c1ce1c9
559,5f2bca2dba0be61b0c1ce225
560,5f2bca2dba0be61b0c1ce242
561,5f2bca2dba0be61b0c1ce279
562,5f2bca2dba0be61b0c1ce281
563,5f2bca2dba0be61b0c1ce2cd
564,5f2bca2dba0be61b0c1ce2fb
565,5f2bca2dba0be61b0c1ce326
566,5f2bca2dba0be61b0c1ce338
567,5f2bca2dba0be61b0c1ce379
568,5f2bca2dba0be61b0c1ce389
569,5f2bca2dba0be61b0c1ce394
570,5f2bca2dba0be61b0c1ce3a5
571,5f2bca2dba0be61b0c1ce3a7
572,5f2bca2dba0be61b0c1ce3bf
573,5f2bca2eba0be61b0c1ce442
574,5f2bca2eba0be61b0c1ce459
575,5f2bca2eba0be61b0c1ce4e5
576,5f2bca2eba0be61b0c1ce4ff
577,5f2bca2eba0be61b0c1ce529
578,5f2bca2eba0be61b0c1ce60d
579,5f2bca2eba0be61b0c1ce624
580,5f2bca2eba0be61b0c1ce690
581,5f2bca2eba0be61b0c1ce72e
582,5f2bca2eba0be61b0c1ce75b
583,5f2bca2fba0be61b0c1ce83a
584,5f2bca2fba0be61b0c1ce83b
585,5f2bca2fba0be61b0c1ce8af
586,5f2bca2fba0be61b0c1ce8c0
587,5f2bca2fba0be61b0c1ce925
588,5f2bca2fba0be61b0c1ceaf6
589,5f2bca30ba0be61b0c1cec0a
590,5f2bca30ba0be61b0c1cec2a
591,5f2bca30ba0be61b0c1cec4d
592,5f2bca30ba0be61b0c1cec52
593,5f2bca30ba0be61b0c1cec60
594,5f2bca30ba0be61b0c1cec66
595,5f2bca30ba0be61b0c1cec7e
596,5f2bca30ba0be61b0c1cec87
597,5f2bca30ba0be61b0c1cec89
598,5f2bca30ba0be61b0c1cec8b
599,5f2bca30ba0be61b0c1cec91
600,5f2bca30ba0be61b0c1cec92
601,5f2bca30ba0be61b0c1cec94
602,5f2bca30ba0be61b0c1ceca0
603,5f2bca30ba0be61b0c1ceca6
604,5f2bca30ba0be61b0c1ceca8
605,5f2bca30ba0be61b0c1ceca9
606,5f2bca30ba0be61b0c1cecb7
607,5f2bca30ba0be61b0c1cecb8
608,5f2bca30ba0be61b0c1cecba
609,5f2bca30ba0be61b0c1ceccf
610,5f2bca30ba0be61b0c1cecd4
611,5f2bca30ba0be61b0c1cecdd
612,5f2bca30ba0be61b0c1cecde
613,5f2bca30ba0be61b0c1cece1
614,5f2bca30ba0be61b0c1cecf2
615,5f2bca30ba0be61b0c1cecf6
616,5f2bca30ba0be61b0c1cecff
617,5f2bca30ba0be61b0c1ced0a
618,5f2bca30ba0be61b0c1ced0f
619,5f2bca30ba0be61b0c1ced14
620,5f2bca30ba0be61b0c1ced18
621,5f2bca30ba0be61b0c1ced24
622,5f2bca30ba0be61b0c1ced27
623,5f2bca30ba0be61b0c1ced28
624,5f2bca30ba0be61b0c1ced2d
625,5f2bca30ba0be61b0c1ced34
626,5f2bca30ba0be61b0c1ced38
627,5f2bca30ba0be61b0c1ced3e
628,5f2bca30ba0be61b0c1ced45
629,5f2bca30ba0be61b0c1ced46
630,5f2bca30ba0be61b0c1ced4d
631,5f2bca30ba0be61b0c1ced69
632,5f2bca30ba0be61b0c1ced6a
633,5f2bca30ba0be61b0c1ced73
634,5f2bca30ba0be61b0c1ced74
635,5f2bca30ba0be61b0c1ced81
636,5f2bca30ba0be61b0c1ced82
637,5f2bca30ba0be61b0c1ced8d
638,5f2bca30ba0be61b0c1ced91
639,5f2bca30ba0be61b0c1ced96
640,5f2bca30ba0be61b0c1ced9b
641,5f2bca30ba0be61b0c1ceda7
642,5f2bca30ba0be61b0c1cedab
643,5f2bca30ba0be61b0c1cedae
644,5f2bca30ba0be61b0c1cedaf
645,5f2bca30ba0be61b0c1cedb2
646,5f2bca30ba0be61b0c1cedb4
647,5f2bca30ba0be61b0c1cedba
648,5f2bca30ba0be61b0c1cedbb
649,5f2bca30ba0be61b0c1cedbc
650,5f2bca30ba0be61b0c1cedc2
651,5f2bca30ba0be61b0c1cedd6
652,5f2bca30ba0be61b0c1cedda
653,5f2bca30ba0be61b0c1ceddc
654,5f2bca30ba0be61b0c1cedf0
655,5f2bca30ba0be61b0c1cedf1
656,5f2bca30ba0be61b0c1cedf4
657,5f2bca30ba0be61b0c1cedfb
658,5f2bca30ba0be61b0c1cee13
659,5f2bca30ba0be61b0c1cee22
660,5f2bca30ba0be61b0c1cee26
661,5f2bca30ba0be61b0c1cee30
662,5f2bca30ba0be61b0c1cee4a
663,5f2bca30ba0be61b0c1cee52
664,5f2bca30ba0be61b0c1cee60
665,5f2bca30ba0be61b0c1cee6b
666,5f2bca30ba0be61b0c1cee74
667,5f2bca30ba0be61b0c1cee78
668,5f2bca30ba0be61b0c1cee7e
669,5f2bca30ba0be61b0c1cee87
670,5f2bca30ba0be61b0c1cee93
671,5f2bca30ba0be61b0c1cee94
672,5f2bca30ba0be61b0c1cee96
673,5f2bca30ba0be61b0c1cee99
674,5f2bca30ba0be61b0c1ceea0
675,5f2bca30ba0be61b0c1ceea1
676,5f2bca30ba0be61b0c1ceea5
677,5f2bca30ba0be61b0c1ceebb
678,5f2bca30ba0be61b0c1ceebc
679,5f2bca30ba0be61b0c1ceebd
680,5f2bca30ba0be61b0c1ceec0
681,5f2bca30ba0be61b0c1ceec4
682,5f2bca30ba0be61b0c1ceec5
683,5f2bca30ba0be61b0c1ceeca
684,5f2bca30ba0be61b0c1ceecc
685,5f2bca30ba0be61b0c1ceecd
686,5f2bca30ba0be61b0c1ceece
687,5f2bca30ba0be61b0c1ceed3
688,5f2bca30ba0be61b0c1ceedc
689,5f2bca30ba0be61b0c1ceee1
690,5f2bca30ba0be61b0c1ceee2
691,5f2bca30ba0be61b0c1ceee9
692,5f2bca30ba0be61b0c1ceeef
693,5f2bca30ba0be61b0c1ceef3
694,5f2bca30ba0be61b0c1ceef5
695,5f2bca30ba0be61b0c1ceef9
696,5f2bca30ba0be61b0c1ceefa
697,5f2bca30ba0be61b0c1cef00
698,5f2bca30ba0be61b0c1cef0f
699,5f2bca30ba0be61b0c1cef11
700,5f2bca30ba0be61b0c1cef17
701,5f2bca30ba0be61b0c1cef1f
702,5f2bca30ba0be61b0c1cef29
703,5f2bca30ba0be61b0c1cef35
704,5f2bca30ba0be61b0c1cef37
705,5f2bca30ba0be61b0c1cef38
706,5f2bca30ba0be61b0c1cef42
707,5f2bca30ba0be61b0c1cef43
708,5f2bca30ba0be61b0c1cef45
709,5f2bca30ba0be61b0c1cef46
710,5f2bca30ba0be61b0c1cef47
711,5f2bca30ba0be61b0c1cef62
712,5f2bca30ba0be61b0c1cef6d
713,5f2bca30ba0be61b0c1cef6f
714,5f2bca30ba0be61b0c1cef70
715,5f2bca30ba0be61b0c1cef71
716,5f2bca30ba0be61b0c1cef95
717,5f2bca31ba0be61b0c1cef99
718,5f2bca31ba0be61b0c1cefa5
719,5f2bca31ba0be61b0c1cefa9
720,5f2bca31ba0be61b0c1cefab
721,5f2bca31ba0be61b0c1cefc6
722,5f2bca31ba0be61b0c1cefc7
723,5f2bca31ba0be61b0c1cefce
724,5f2bca31ba0be61b0c1cefda
725,5f2bca31ba0be61b0c1cefe4
726,5f2bca31ba0be61b0c1cefe5
727,5f2bca31ba0be61b0c1ceff1
728,5f2bca31ba0be61b0c1cf015
729,5f2bca31ba0be61b0c1cf01e
730,5f2bca31ba0be61b0c1cf01f
731,5f2bca31ba0be61b0c1cf024
732,5f2bca31ba0be61b0c1cf038
733,5f2bca31ba0be61b0c1cf041
734,5f2bca31ba0be61b0c1cf048
735,5f2bca31ba0be61b0c1cf04c
736,5f2bca31ba0be61b0c1cf056
737,5f2bca31ba0be61b0c1cf065
738,5f2bca31ba0be61b0c1cf079
739,5f2bca31ba0be61b0c1cf07a
740,5f2bca31ba0be61b0c1cf09f
741,5f2bca31ba0be61b0c1cf0a1
742,5f2bca31ba0be61b0c1cf0a2
743,5f2bca31ba0be61b0c1cf0a6
744,5f2bca31ba0be61b0c1cf0af
745,5f2bca31ba0be61b0c1cf0b7
746,5f2bca31ba0be61b0c1cf0be
747,5f2bca31ba0be61b0c1cf0c5
748,5f2bca31ba0be61b0c1cf0ea
749,5f2bca31ba0be61b0c1cf0ec
750,5f2bca31ba0be61b0c1cf0f0
751,5f2bca31ba0be61b0c1cf0f2
752,5f2bca31ba0be61b0c1cf0f3
753,5f2bca31ba0be61b0c1cf0fd
754,5f2bca31ba0be61b0c1cf109
755,5f2bca31ba0be61b0c1cf10e
756,5f2bca31ba0be61b0c1cf11f
757,5f2bca31ba0be61b0c1cf127
758,5f2bca31ba0be61b0c1cf136
759,5f2bca31ba0be61b0c1cf148
760,5f2bca31ba0be61b0c1cf14e
761,5f2bca31ba0be61b0c1cf152
762,5f2bca31ba0be61b0c1cf15a
763,5f2bca31ba0be61b0c1cf170
764,5f2bca31ba0be61b0c1cf172
765,5f2bca31ba0be61b0c1cf174
766,5f2bca31ba0be61b0c1cf175
767,5f2bca31ba0be61b0c1cf179
768,5f2bca31ba0be61b0c1cf17c
769,5f2bca31ba0be61b0c1cf182
770,5f2bca31ba0be61b0c1cf18c
771,5f2bca31ba0be61b0c1cf193
772,5f2bca31ba0be61b0c1cf194
773,5f2bca31ba0be61b0c1cf199
774,5f2bca31ba0be61b0c1cf19c
775,5f2bca31ba0be61b0c1cf19e
776,5f2bca31ba0be61b0c1cf1ad
777,5f2bca31ba0be61b0c1cf1b3
778,5f2bca31ba0be61b0c1cf1be
779,5f2bca31ba0be61b0c1cf1d7
780,5f2bca31ba0be61b0c1cf1df
781,5f2bca31ba0be61b0c1cf1e5
782,5f2bca31ba0be61b0c1cf1fc
783,5f2bca31ba0be61b0c1cf203
784,5f2bca31ba0be61b0c1cf207
785,5f2bca31ba0be61b0c1cf20e
786,5f2bca31ba0be61b0c1cf237
787,5f2bca31ba0be61b0c1cf23f
788,5f2bca31ba0be61b0c1cf24e
789,5f2bca31ba0be61b0c1cf250
790,5f2bca31ba0be61b0c1cf251
791,5f2bca31ba0be61b0c1cf252
792,5f2bca31ba0be61b0c1cf253
793,5f2bca31ba0be61b0c1cf263
794,5f2bca31ba0be61b0c1cf268
795,5f2bca31ba0be61b0c1cf288
796,5f2bca31ba0be61b0c1cf2b7
797,5f2bca31ba0be61b0c1cf2bb
798,5f2bca31ba0be61b0c1cf2cc
799,5f2bca31ba0be61b0c1cf2cf
800,5f2bca31ba0be61b0c1cf2d1
801,5f2bca31ba0be61b0c1cf2e4
802,5f2bca31ba0be61b0c1cf2ef
803,5f2bca31ba0be61b0c1cf2f7
804,5f2bca31ba0be61b0c1cf30d
805,5f2bca31ba0be61b0c1cf30e
806,5f2bca31ba0be61b0c1cf321
807,5f2bca31ba0be61b0c1cf332
808,5f2bca31ba0be61b0c1cf344
809,5f2bca31ba0be61b0c1cf359
810,5f2bca31ba0be61b0c1cf36f
811,5f2bca31ba0be61b0c1cf371
812,5f2bca31ba0be61b0c1cf377
813,5f2bca32ba0be61b0c1cf37f
814,5f2bca32ba0be61b0c1cf3a3
815,5f2bca32ba0be61b0c1cf3a7
816,5f2bca32ba0be61b0c1cf3cb
817,5f2bca32ba0be61b0c1cf3d1
818,5f2bca32ba0be61b0c1cf3dd
819,5f2bca32ba0be61b0c1cf3e3
820,5f2bca32ba0be61b0c1cf3e4
821,5f2bca32ba0be61b0c1cf3e5
822,5f2bca32ba0be61b0c1cf3eb
823,5f2bca32ba0be61b0c1cf3ec
824,5f2bca32ba0be61b0c1cf3ed
825,5f2bca32ba0be61b0c1cf3ef
826,5f2bca32ba0be61b0c1cf3f3
827,5f2bca32ba0be61b0c1cf3f6
828,5f2bca32ba0be61b0c1cf404
829,5f2bca32ba0be61b0c1cf405
830,5f2bca32ba0be61b0c1cf414
831,5f2bca32ba0be61b0c1cf426
832,5f2bca32ba0be61b0c1cf42d
833,5f2bca32ba0be61b0c1cf433
834,5f2bca32ba0be61b0c1cf439
835,5f2bca32ba0be61b0c1cf43f
836,5f2bca32ba0be61b0c1cf458
837,5f2bca32ba0be61b0c1cf45a
838,5f2bca32ba0be61b0c1cf467
839,5f2bca32ba0be61b0c1cf46e
840,5f2bca32ba0be61b0c1cf46f
841,5f2bca32ba0be61b0c1cf476
842,5f2bca32ba0be61b0c1cf47e
843,5f2bca32ba0be61b0c1cf48b
844,5f2bca32ba0be61b0c1cf490
845,5f2bca32ba0be61b0c1cf492
846,5f2bca32ba0be61b0c1cf495
847,5f2bca32ba0be61b0c1cf496
848,5f2bca32ba0be61b0c1cf498
849,5f2bca32ba0be61b0c1cf49f
850,5f2bca32ba0be61b0c1cf4ac
851,5f2bca32ba0be61b0c1cf4c0
852,5f2bca32ba0be61b0c1cf4c1
853,5f2bca32ba0be61b0c1cf4c2
854,5f2bca32ba0be61b0c1cf4c4
855,5f2bca32ba0be61b0c1cf4cb
856,5f2bca32ba0be61b0c1cf4cc
857,5f2bca32ba0be61b0c1cf4de
858,5f2bca32ba0be61b0c1cf4e1
859,5f2bca32ba0be61b0c1cf4e7
860,5f2bca32ba0be61b0c1cf4ea
861,5f2bca32ba0be61b0c1cf50a
862,5f2bca32ba0be61b0c1cf50b
863,5f2bca32ba0be61b0c1cf50d
864,5f2bca32ba0be61b0c1cf510
865,5f2bca32ba0be61b0c1cf511
866,5f2bca32ba0be61b0c1cf515
867,5f2bca32ba0be61b0c1cf516
868,5f2bca32ba0be61b0c1cf51c
869,5f2bca32ba0be61b0c1cf521
870,5f2bca32ba0be61b0c1cf530
871,5f2bca32ba0be61b0c1cf531
872,5f2bca32ba0be61b0c1cf532
873,5f2bca32ba0be61b0c1cf579
874,5f2bca32ba0be61b0c1cf57f
875,5f2bca32ba0be61b0c1cf580
876,5f2bca32ba0be61b0c1cf585
877,5f2bca32ba0be61b0c1cf58d
878,5f2bca32ba0be61b0c1cf58e
879,5f2bca32ba0be61b0c1cf58f
880,5f2bca32ba0be61b0c1cf590
881,5f2bca32ba0be61b0c1cf597
882,5f2bca32ba0be61b0c1cf598
883,5f2bca32ba0be61b0c1cf5a3
884,5f2bca32ba0be61b0c1cf5a7
885,5f2bca32ba0be61b0c1cf5a8
886,5f2bca32ba0be61b0c1cf5ae
887,5f2bca32ba0be61b0c1cf5b5
888,5f2bca32ba0be61b0c1cf5b6
889,5f2bca32ba0be61b0c1cf5bb
890,5f2bca32ba0be61b0c1cf5d9
891,5f2bca32ba0be61b0c1cf5e9
892,5f2bca32ba0be61b0c1cf5ef
893,5f2bca32ba0be61b0c1cf5f1
894,5f2bca32ba0be61b0c1cf5fa
895,5f2bca32ba0be61b0c1cf5fe
896,5f2bca32ba0be61b0c1cf602
897,5f2bca32ba0be61b0c1cf607
898,5f2bca32ba0be61b0c1cf613
899,5f2bca32ba0be61b0c1cf616
900,5f2bca32ba0be61b0c1cf61a
901,5f2bca32ba0be61b0c1cf625
902,5f2bca32ba0be61b0c1cf629
903,5f2bca32ba0be61b0c1cf631
904,5f2bca32ba0be61b0c1cf63c
905,5f2bca32ba0be61b0c1cf641
906,5f2bca32ba0be61b0c1cf642
907,5f2bca32ba0be61b0c1cf643
908,5f2bca32ba0be61b0c1cf644
909,5f2bca32ba0be61b0c1cf648
910,5f2bca32ba0be61b0c1cf64e
911,5f2bca32ba0be61b0c1cf651
912,5f2bca32ba0be61b0c1cf65a
913,5f2bca32ba0be61b0c1cf65f
914,5f2bca32ba0be61b0c1cf686
915,5f2bca32ba0be61b0c1cf68e
916,5f2bca32ba0be61b0c1cf692
917,5f2bca32ba0be61b0c1cf6d7
918,5f2bca32ba0be61b0c1cf6f0
919,5f2bca32ba0be61b0c1cf6f7
920,5f2bca32ba0be61b0c1cf70b
921,5f2bca32ba0be61b0c1cf70d
922,5f2bca32ba0be61b0c1cf714
923,5f2bca32ba0be61b0c1cf715
924,5f2bca32ba0be61b0c1cf716
925,5f2bca32ba0be61b0c1cf717
926,5f2bca32ba0be61b0c1cf722
927,5f2bca32ba0be61b0c1cf727
928,5f2bca32ba0be61b0c1cf742
929,5f2bca32ba0be61b0c1cf743
930,5f2bca32ba0be61b0c1cf74e
931,5f2bca32ba0be61b0c1cf750
932,5f2bca32ba0be61b0c1cf757
933,5f2bca33ba0be61b0c1cf766
934,5f2bca33ba0be61b0c1cf76d
935,5f2bca33ba0be61b0c1cf773
936,5f2bca33ba0be61b0c1cf777
937,5f2bca33ba0be61b0c1cf781
938,5f2bca33ba0be61b0c1cf782
939,5f2bca33ba0be61b0c1cf786
940,5f2bca33ba0be61b0c1cf78d
941,5f2bca33ba0be61b0c1cf78f
942,5f2bca33ba0be61b0c1cf790
943,5f2bca33ba0be61b0c1cf793
944,5f2bca33ba0be61b0c1cf794
945,5f2bca33ba0be61b0c1cf795
946,5f2bca33ba0be61b0c1cf796
947,5f2bca33ba0be61b0c1cf797
948,5f2bca33ba0be61b0c1cf798
949,5f2bca33ba0be61b0c1cf79a
950,5f2bca33ba0be61b0c1cf7a7
951,5f2bca33ba0be61b0c1cf7af
952,5f2bca33ba0be61b0c1cf7b0
953,5f2bca33ba0be61b0c1cf7b1
954,5f2bca33ba0be61b0c1cf7c6
955,5f2bca33ba0be61b0c1cf7d3
956,5f2bca33ba0be61b0c1cf7dc
957,5f2bca33ba0be61b0c1cf7e8
958,5f2bca33ba0be61b0c1cf7f7
959,5f2bca33ba0be61b0c1cf7f8
960,5f2bca33ba0be61b0c1cf7fa
961,5f2bca33ba0be61b0c1cf7fb
962,5f2bca33ba0be61b0c1cf806
963,5f2bca33ba0be61b0c1cf81c
964,5f2bca33ba0be61b0c1cf844
965,5f2bca33ba0be61b0c1cf846
966,5f2bca33ba0be61b0c1cf84a
967,5f2bca33ba0be61b0c1cf851
968,5f2bca33ba0be61b0c1cf852
969,5f2bca33ba0be61b0c1cf853
970,5f2bca33ba0be61b0c1cf860
971,5f2bca33ba0be61b0c1cf862
972,5f2bca33ba0be61b0c1cf864
973,5f2bca33ba0be61b0c1cf866
974,5f2bca33ba0be61b0c1cf867
975,5f2bca33ba0be61b0c1cf869
976,5f2bca33ba0be61b0c1cf86c
977,5f2bca33ba0be61b0c1cf873
978,5f2bca33ba0be61b0c1cf875
979,5f2bca33ba0be61b0c1cf876
980,5f2bca33ba0be61b0c1cf87f
981,5f2bca33ba0be61b0c1cf893
982,5f2bca33ba0be61b0c1cf89b
983,5f2bca33ba0be61b0c1cf8b3
984,5f2bca33ba0be61b0c1cf8c8
985,5f2bca33ba0be61b0c1cf8cc
986,5f2bca33ba0be61b0c1cf8ce
987,5f2bca33ba0be61b0c1cf8d9
988,5f2bca33ba0be61b0c1cf8da
989,5f2bca33ba0be61b0c1cf8db
990,5f2bca33ba0be61b0c1cf8dd
991,5f2bca33ba0be61b0c1cf8de
992,5f2bca33ba0be61b0c1cf8e3
993,5f2bca33ba0be61b0c1cf8e5
994,5f2bca33ba0be61b0c1cf8e7
995,5f2bca33ba0be61b0c1cf8f3
996,5f2bca33ba0be61b0c1cf8fc
997,5f2bca33ba0be61b0c1cf903
998,5f2bca33ba0be61b0c1cf90f
999,5f2bca33ba0be61b0c1cf911
1000,5f2bca33ba0be61b0c1cf912
1001,5f2bca33ba0be61b0c1cf917
1002,5f2bca33ba0be61b0c1cf91f
1003,5f2bca33ba0be61b0c1cf92c
1004,5f2bca33ba0be61b0c1cf92d
1005,5f2bca33ba0be61b0c1cf932
1006,5f2bca33ba0be61b0c1cf933
1007,5f2bca33ba0be61b0c1cf934
1008,5f2bca33ba0be61b0c1cf939
1009,5f2bca33ba0be61b0c1cf93f
1010,5f2bca33ba0be61b0c1cf940
1011,5f2bca33ba0be61b0c1cf945
1012,5f2bca33ba0be61b0c1cf946
1013,5f2bca33ba0be61b0c1cf947
1014,5f2bca33ba0be61b0c1cf948
1015,5f2bca33ba0be61b0c1cf94c
1016,5f2bca33ba0be61b0c1cf94e
1017,5f2bca33ba0be61b0c1cf94f
1018,5f2bca33ba0be61b0c1cf958
1019,5f2bca33ba0be61b0c1cf97a
1020,5f2bca33ba0be61b0c1cf97b
1021,5f2bca33ba0be61b0c1cf994
1022,5f2bca33ba0be61b0c1cf9a8
1023,5f2bca33ba0be61b0c1cf9c8
1024,5f2bca33ba0be61b0c1cf9d0
1025,5f2bca33ba0be61b0c1cf9fa
1026,5f2bca33ba0be61b0c1cf9fd
1027,5f2bca33ba0be61b0c1cfa05
1028,5f2bca33ba0be61b0c1cfa06
1029,5f2bca33ba0be61b0c1cfa0f
1030,5f2bca33ba0be61b0c1cfa10
1031,5f2bca33ba0be61b0c1cfa1b
1032,5f2bca33ba0be61b0c1cfa29
1033,5f2bca33ba0be61b0c1cfa2d
1034,5f2bca33ba0be61b0c1cfa4b
1035,5f2bca33ba0be61b0c1cfa4f
1036,5f2bca33ba0be61b0c1cfa51
1037,5f2bca33ba0be61b0c1cfa52
1038,5f2bca33ba0be61b0c1cfa56
1039,5f2bca33ba0be61b0c1cfa60
1040,5f2bca33ba0be61b0c1cfa69
1041,5f2bca33ba0be61b0c1cfa6e
1042,5f2bca33ba0be61b0c1cfa72
1043,5f2bca33ba0be61b0c1cfa75
1044,5f2bca33ba0be61b0c1cfa77
1045,5f2bca33ba0be61b0c1cfa83
1046,5f2bca33ba0be61b0c1cfa90
1047,5f2bca33ba0be61b0c1cfaa1
1048,5f2bca33ba0be61b0c1cfaa8
1049,5f2bca33ba0be61b0c1cfab3
1050,5f2bca33ba0be61b0c1cfab5
1051,5f2bca33ba0be61b0c1cfab7
1052,5f2bca33ba0be61b0c1cfabf
1053,5f2bca33ba0be61b0c1cfac1
1054,5f2bca33ba0be61b0c1cfac8
1055,5f2bca33ba0be61b0c1cface
1056,5f2bca33ba0be61b0c1cfadc
1057,5f2bca33ba0be61b0c1cfadf
1058,5f2bca33ba0be61b0c1cfae4
1059,5f2bca33ba0be61b0c1cfae7
1060,5f2bca33ba0be61b0c1cfaeb
1061,5f2bca33ba0be61b0c1cfb04
1062,5f2bca33ba0be61b0c1cfb0c
1063,5f2bca33ba0be61b0c1cfb0d
1064,5f2bca33ba0be61b0c1cfb1d
1065,5f2bca33ba0be61b0c1cfb2b
1066,5f2bca33ba0be61b0c1cfb49
1067,5f2bca34ba0be61b0c1cfb69
1068,5f2bca34ba0be61b0c1cfb6e
1069,5f2bca34ba0be61b0c1cfb70
1070,5f2bca34ba0be61b0c1cfb74
1071,5f2bca34ba0be61b0c1cfb7b
1072,5f2bca34ba0be61b0c1cfb83
1073,5f2bca34ba0be61b0c1cfb8a
1074,5f2bca34ba0be61b0c1cfb8f
1075,5f2bca34ba0be61b0c1cfb9e
1076,5f2bca34ba0be61b0c1cfba1
1077,5f2bca34ba0be61b0c1cfba2
1078,5f2bca34ba0be61b0c1cfba4
1079,5f2bca34ba0be61b0c1cfba7
1080,5f2bca34ba0be61b0c1cfba9
1081,5f2bca34ba0be61b0c1cfbab
1082,5f2bca34ba0be61b0c1cfbb7
1083,5f2bca34ba0be61b0c1cfbbd
1084,5f2bca34ba0be61b0c1cfbbf
1085,5f2bca34ba0be61b0c1cfbcc
1086,5f2bca34ba0be61b0c1cfbd0
1087,5f2bca34ba0be61b0c1cfbdb
1088,5f2bca34ba0be61b0c1cfbe0
1089,5f2bca34ba0be61b0c1cfbe2
1090,5f2bca34ba0be61b0c1cfbe3
1091,5f2bca34ba0be61b0c1cfbe4
1092,5f2bca34ba0be61b0c1cfbeb
1093,5f2bca34ba0be61b0c1cfbed
1094,5f2bca34ba0be61b0c1cfbfa
1095,5f2bca34ba0be61b0c1cfc01
1096,5f2bca34ba0be61b0c1cfc05
1097,5f2bca34ba0be61b0c1cfc14
1098,5f2bca34ba0be61b0c1cfc19
1099,5f2bca34ba0be61b0c1cfc62
1100,5f2bca34ba0be61b0c1cfc80
1101,5f2bca34ba0be61b0c1cfcad
1102,5f2bca34ba0be61b0c1cfcc0
1103,5f2bca35ba0be61b0c1cfe0d
1104,5f2bca35ba0be61b0c1cfe3a
1105,5f2bca35ba0be61b0c1cfe46
1106,5f2bca35ba0be61b0c1cfe4c
1107,5f2bca35ba0be61b0c1cfeab
1108,5f2bca36ba0be61b0c1cffcd
1109,5f2bca36ba0be61b0c1cffed
1110,5f2bca36ba0be61b0c1d003c
1111,5f2bca36ba0be61b0c1d0045
1112,5f2bca36ba0be61b0c1d0094
1113,5f2bca36ba0be61b0c1d00c7
1114,5f2bca36ba0be61b0c1d00d9
1115,5f2bca36ba0be61b0c1d0187
1116,5f2bca36ba0be61b0c1d020e
1117,5f2bca36ba0be61b0c1d0211
1118,5f2bca36ba0be61b0c1d0289
1119,5f2bca36ba0be61b0c1d02a0
1120,5f2bca36ba0be61b0c1d02b6
1121,5f2bca36ba0be61b0c1d02d8
1122,5f2bca36ba0be61b0c1d02e2
1123,5f2bca37ba0be61b0c1d0400
1124,5f2bca37ba0be61b0c1d045a
1125,5f2bca37ba0be61b0c1d04fe
1126,5f2bca37ba0be61b0c1d0534
1127,5f2bca37ba0be61b0c1d0574
1128,5f2bca37ba0be61b0c1d0613
1129,5f2bca37ba0be61b0c1d062b
1130,5f2bca37ba0be61b0c1d0651
1131,5f2bca37ba0be61b0c1d0664
1132,5f2bca37ba0be61b0c1d066b
1133,5f2bca38ba0be61b0c1d074f
1134,5f2bca38ba0be61b0c1d0a0e
1135,5f2bca38ba0be61b0c1d0a14
1136,5f2bca38ba0be61b0c1d0a90
1137,5f2bca39ba0be61b0c1d0af7
1138,5f2bca39ba0be61b0c1d0b63
1139,5f2bca39ba0be61b0c1d0b77
1140,5f2bca39ba0be61b0c1d0bf7
1141,5f2bca39ba0be61b0c1d0c09
1142,5f2bca39ba0be61b0c1d0caf
1143,5f2bca39ba0be61b0c1d0cdc
1144,5f2bca39ba0be61b0c1d0d42
1145,5f2bca39ba0be61b0c1d0d5d
1146,5f2bca39ba0be61b0c1d0e25
1147,5f2bca3aba0be61b0c1d0f0b
1148,5f2bca3aba0be61b0c1d0f98
1149,5f2bca3aba0be61b0c1d0f9e
1150,5f2bca3aba0be61b0c1d0f9f
1151,5f2bca3aba0be61b0c1d0fa0
1152,5f2bca3aba0be61b0c1d0fa1
1153,5f2bca3aba0be61b0c1d0fd3
1154,5f2bca3aba0be61b0c1d1029
1155,5f2bca3aba0be61b0c1d10e2
1156,5f2bca3aba0be61b0c1d127d
1157,5f2bca3bba0be61b0c1d1332
1158,5f2bca3bba0be61b0c1d157f
1159,5f2bca3bba0be61b0c1d158c
1160,5f2bca3bba0be61b0c1d15b3
1161,5f2bca3bba0be61b0c1d15b4
1162,5f2bca3bba0be61b0c1d15c6
1163,5f2bca3bba0be61b0c1d15da
1164,5f2bca3bba0be61b0c1d1655
1165,5f2bca3bba0be61b0c1d168e
1166,5f2bca3bba0be61b0c1d168f
1167,5f2bca3cba0be61b0c1d16b6
1168,5f2bca3dba0be61b0c1d1861
1169,5f2bca3dba0be61b0c1d1899
1170,5f2bca3dba0be61b0c1d1921
1171,5f2bca3dba0be61b0c1d1935
1172,5f2bca3eba0be61b0c1d1a92
1173,5f2bca3eba0be61b0c1d1a93
1174,5f2bca3eba0be61b0c1d1b0b
1175,5f2bca3eba0be61b0c1d1b33
1176,5f2bca41ba0be61b0c1d22b5
1177,5f2bca43ba0be61b0c1d2ad6
1178,5f2bca43ba0be61b0c1d2cbe
1179,5f2bca45ba0be61b0c1d350e
1180,5f2bca45ba0be61b0c1d3520
1181,5f2bca45ba0be61b0c1d352e
1182,5f2bca45ba0be61b0c1d3532
1183,5f2bca45ba0be61b0c1d3548
1184,5f2bca45ba0be61b0c1d35a0
1185,5f2bca45ba0be61b0c1d35ae
1186,5f2bca46ba0be61b0c1d3630
1187,5f2bca46ba0be61b0c1d3646
1188,5f2bca46ba0be61b0c1d36ce
1189,5f2bca46ba0be61b0c1d36d3
1190,5f2bca46ba0be61b0c1d36dd
1191,5f2bca46ba0be61b0c1d3718
1192,5f2bca46ba0be61b0c1d3737
1193,5f2bca46ba0be61b0c1d3739
1194,5f2bca46ba0be61b0c1d373a
1195,5f2bca46ba0be61b0c1d374a
1196,5f2bca46ba0be61b0c1d374e
1197,5f2bca46ba0be61b0c1d3754
1198,5f2bca46ba0be61b0c1d3766
1199,5f2bca46ba0be61b0c1d377d
1200,5f2bca46ba0be61b0c1d3781
1201,5f2bca46ba0be61b0c1d3783
1202,5f2bca46ba0be61b0c1d37bc
1203,5f2bca46ba0be61b0c1d37ef
1204,5f2bca46ba0be61b0c1d37f0
1205,5f2bca46ba0be61b0c1d37fb
1206,5f2bca46ba0be61b0c1d3804
1207,5f2bca46ba0be61b0c1d3807
1208,5f2bca46ba0be61b0c1d3826
1209,5f2bca46ba0be61b0c1d382c
1210,5f2bca46ba0be61b0c1d383d
1211,5f2bca46ba0be61b0c1d385e
1212,5f2bca46ba0be61b0c1d3866
1213,5f2bca46ba0be61b0c1d3867
1214,5f2bca46ba0be61b0c1d3899
1215,5f2bca46ba0be61b0c1d38a3
1216,5f2bca46ba0be61b0c1d38ae
1217,5f2bca46ba0be61b0c1d38db
1218,5f2bca46ba0be61b0c1d38e1
1219,5f2bca46ba0be61b0c1d390a
1220,5f2bca46ba0be61b0c1d3912
1221,5f2bca46ba0be61b0c1d392d
1222,5f2bca46ba0be61b0c1d3930
1223,5f2bca46ba0be61b0c1d3953
1224,5f2bca46ba0be61b0c1d3954
1225,5f2bca46ba0be61b0c1d3955
1226,5f2bca46ba0be61b0c1d3962
1227,5f2bca46ba0be61b0c1d3968
1228,5f2bca46ba0be61b0c1d3983
1229,5f2bca46ba0be61b0c1d399d
1230,5f2bca46ba0be61b0c1d39b8
1231,5f2bca46ba0be61b0c1d39c3
1232,5f2bca46ba0be61b0c1d39c5
1233,5f2bca46ba0be61b0c1d39ca
1234,5f2bca47ba0be61b0c1d39d8
1235,5f2bca47ba0be61b0c1d39fd
1236,5f2bca47ba0be61b0c1d3a1d
1237,5f2bca47ba0be61b0c1d3a3a
1238,5f2bca48ba0be61b0c1d3a74
1239,5f2bca48ba0be61b0c1d3a90
1240,5f2bca48ba0be61b0c1d3a9d
1241,5f2bca48ba0be61b0c1d3aa5
1242,5f2bca48ba0be61b0c1d3aa6
1243,5f2bca48ba0be61b0c1d3ad3
1244,5f2bca48ba0be61b0c1d3ae0
1245,5f2bca48ba0be61b0c1d3b26
1246,5f2bca48ba0be61b0c1d3b2c
1247,5f2bca48ba0be61b0c1d3b39
1248,5f2bca48ba0be61b0c1d3b40
1249,5f2bca48ba0be61b0c1d3b46
1250,5f2bca48ba0be61b0c1d3b67
1251,5f2bca48ba0be61b0c1d3b71
1252,5f2bca48ba0be61b0c1d3b9d
1253,5f2bca48ba0be61b0c1d3bbb
1254,5f2bca48ba0be61b0c1d3bc0
1255,5f2bca48ba0be61b0c1d3bd6
1256,5f2bca48ba0be61b0c1d3be5
1257,5f2bca48ba0be61b0c1d3bf3
1258,5f2bca48ba0be61b0c1d3bfb
1259,5f2bca48ba0be61b0c1d3c06
1260,5f2bca48ba0be61b0c1d3c0d
1261,5f2bca48ba0be61b0c1d3c7f
1262,5f2bca48ba0be61b0c1d3cc0
1263,5f2bca49ba0be61b0c1d3f02
1264,5f2bca49ba0be61b0c1d40c0
1265,5f2bca49ba0be61b0c1d4149
1266,5f2bca4bba0be61b0c1d4479
1267,5f2bca4bba0be61b0c1d4490
1268,5f2bca4bba0be61b0c1d44c0
1269,5f2bca4bba0be61b0c1d44ea
1270,5f2bca4bba0be61b0c1d451a
1271,5f2bca4bba0be61b0c1d454f
1272,5f2bca4bba0be61b0c1d456a
1273,5f2bca4cba0be61b0c1d45c5
1274,5f2bca4cba0be61b0c1d4659
1275,5f2bca4cba0be61b0c1d465b
1276,5f2bca4cba0be61b0c1d4673
1277,5f2bca4cba0be61b0c1d4729
1278,5f2bca4cba0be61b0c1d477b
1279,5f2bca4cba0be61b0c1d477f
1280,5f2bca4cba0be61b0c1d47b6
1281,5f2bca4cba0be61b0c1d4848
1282,5f2bca4cba0be61b0c1d4879
1283,5f2bca4cba0be61b0c1d4889
1284,5f2bca4cba0be61b0c1d4892
1285,5f2bca4cba0be61b0c1d48b9
1286,5f2bca4cba0be61b0c1d48cd
1287,5f2bca4cba0be61b0c1d48d2
1288,5f2bca4cba0be61b0c1d493d
1289,5f2bca4cba0be61b0c1d4954
1290,5f2bca4dba0be61b0c1d4989
1291,5f2bca4dba0be61b0c1d49b9
1292,5f2bca4dba0be61b0c1d49c1
1293,5f2bca4dba0be61b0c1d49d2
1294,5f2bca4dba0be61b0c1d49f6
1295,5f2bca4dba0be61b0c1d4a19
1296,5f2bca4dba0be61b0c1d4a39
1297,5f2bca4dba0be61b0c1d4a79
1298,5f2bca4dba0be61b0c1d4ac7
1299,5f2bca4dba0be61b0c1d4b34
1300,5f2bca4dba0be61b0c1d4b6e
1301,5f2bca4dba0be61b0c1d4b79
1302,5f2bca4dba0be61b0c1d4bbb
1303,5f2bca4dba0be61b0c1d4bea
1304,5f2bca4dba0be61b0c1d4c50
1305,5f2bca4dba0be61b0c1d4c92
1306,5f2bca4dba0be61b0c1d4cf4
1307,5f2bca4dba0be61b0c1d4d49
1308,5f2bca4dba0be61b0c1d4d4a
1309,5f2bca4fba0be61b0c1d4d8e
1310,5f2bca4fba0be61b0c1d4df8
1311,5f2bca4fba0be61b0c1d4e11
1312,5f2bca4fba0be61b0c1d4e1d
1313,5f2bca4fba0be61b0c1d4e43
1314,5f2bca4fba0be61b0c1d4e86
1315,5f2bca4fba0be61b0c1d4eac
1316,5f2bca4fba0be61b0c1d4ee0
1317,5f2bca4fba0be61b0c1d4eef
1318,5f2bca4fba0be61b0c1d4f68
1319,5f2bca4fba0be61b0c1d504e
1320,5f2bca4fba0be61b0c1d5056
1321,5f2bca4fba0be61b0c1d5067
1322,5f2bca4fba0be61b0c1d5070
1323,5f2bca4fba0be61b0c1d5094
1324,5f2bca4fba0be61b0c1d50b5
1325,5f2bca4fba0be61b0c1d50b7
1326,5f2bca4fba0be61b0c1d50ba
1327,5f2bca4fba0be61b0c1d50bd
1328,5f2bca4fba0be61b0c1d50ee
1329,5f2bca4fba0be61b0c1d5115
1330,5f2bca4fba0be61b0c1d5116
1331,5f2bca4fba0be61b0c1d5123
1332,5f2bca50ba0be61b0c1d5169
1333,5f2bca50ba0be61b0c1d516a
1334,5f2bca50ba0be61b0c1d51d8
1335,5f2bca50ba0be61b0c1d5209
1336,5f2bca50ba0be61b0c1d5224
1337,5f2bca50ba0be61b0c1d52c6
1338,5f2bca50ba0be61b0c1d52d0
1339,5f2bca50ba0be61b0c1d52d7
1340,5f2bca50ba0be61b0c1d52e0
1341,5f2bca50ba0be61b0c1d530c
1342,5f2bca50ba0be61b0c1d537b
1343,5f2bca50ba0be61b0c1d5425
1344,5f2bca53ba0be61b0c1d5a40
1345,5f2bca54ba0be61b0c1d5d17
1346,5f2bca5bba0be61b0c1d6b67
1347,5f2bca5bba0be61b0c1d6bf8
1348,5f2bca5bba0be61b0c1d6c60
1349,5f2bca5bba0be61b0c1d6c61
1350,5f2bca5bba0be61b0c1d6d63
1351,5f2bca5bba0be61b0c1d6d88
1352,5f2bca5bba0be61b0c1d6dbc
1353,5f2bca5cba0be61b0c1d6f4f
1354,5f2bca5cba0be61b0c1d711e
1355,5f2bca5cba0be61b0c1d724e
1356,5f2bca5cba0be61b0c1d7293
1357,5f2bca5cba0be61b0c1d72ff
1358,5f2bca5cba0be61b0c1d7382
1359,5f2bca5cba0be61b0c1d739a
1360,5f2bca5eba0be61b0c1d7908
1361,5f2bca61ba0be61b0c1d7f52
1362,5f2bca61ba0be61b0c1d7fa0
1363,5f2bca61ba0be61b0c1d7fa3
1364,5f2bca61ba0be61b0c1d7fcc
1365,5f2bca62ba0be61b0c1d805e
1366,5f2bca62ba0be61b0c1d8213
1367,5f2bca62ba0be61b0c1d82b3
1368,5f2bca62ba0be61b0c1d82cd
1369,5f2bca63ba0be61b0c1d8732
1370,5f2bca65ba0be61b0c1d89d7
1371,5f2bca65ba0be61b0c1d8a42
1372,5f2bca65ba0be61b0c1d8c52
1373,5f2bca66ba0be61b0c1d8f5b
1374,5f2bca68ba0be61b0c1d9055
1375,5f2bca68ba0be61b0c1d9058
1376,5f2bca68ba0be61b0c1d90b4
1377,5f2bca68ba0be61b0c1d90c6
1378,5f2bca68ba0be61b0c1d90d3
1379,5f2bca68ba0be61b0c1d9146
1380,5f2bca68ba0be61b0c1d9190
1381,5f2bca68ba0be61b0c1d9241
1382,5f2bca68ba0be61b0c1d9261
1383,5f2bca68ba0be61b0c1d92f9
1384,5f2bca68ba0be61b0c1d932f
1385,5f2bca69ba0be61b0c1d93b0
1386,5f2bca69ba0be61b0c1d93b1
1387,5f2bca69ba0be61b0c1d9473
1388,5f2bca69ba0be61b0c1d94ab
1389,5f2bca69ba0be61b0c1d94ee
1390,5f2bca69ba0be61b0c1d951a
1391,5f2bca69ba0be61b0c1d952a
1392,5f2bca69ba0be61b0c1d9580
1393,5f2bca69ba0be61b0c1d95ab
1394,5f2bca69ba0be61b0c1d95f2
1395,5f2bca69ba0be61b0c1d9650
1396,5f2bca69ba0be61b0c1d967b
1397,5f2bca69ba0be61b0c1d9681
1398,5f2bca69ba0be61b0c1d96e0
1399,5f2bca69ba0be61b0c1d96ec
1400,5f2bca69ba0be61b0c1d971b
1401,5f2bca69ba0be61b0c1d972b
1402,5f2bca69ba0be61b0c1d973b
1403,5f2bca69ba0be61b0c1d9755
1404,5f2bca69ba0be61b0c1d9758
1405,5f2bca69ba0be61b0c1d9759
1406,5f2bca69ba0be61b0c1d9780
1407,5f2bca69ba0be61b0c1d9787
1408,5f2bca6aba0be61b0c1d9794
1409,5f2bca6aba0be61b0c1d97aa
1410,5f2bca6aba0be61b0c1d97b2
1411,5f2bca6aba0be61b0c1d97bb
1412,5f2bca6aba0be61b0c1d97bc
1413,5f2bca6aba0be61b0c1d97be
1414,5f2bca6aba0be61b0c1d97bf
1415,5f2bca6aba0be61b0c1d97c1
1416,5f2bca6aba0be61b0c1d97c6
1417,5f2bca6aba0be61b0c1d97ce
1418,5f2bca6aba0be61b0c1d97dc
1419,5f2bca6aba0be61b0c1d97de
1420,5f2bca6aba0be61b0c1d97e6
1421,5f2bca6aba0be61b0c1d97e9
1422,5f2bca6aba0be61b0c1d98a8
1423,5f2bca6aba0be61b0c1d991c
1424,5f2bca6aba0be61b0c1d991d
1425,5f2bca6aba0be61b0c1d992b
1426,5f2bca6aba0be61b0c1d997b
1427,5f2bca6aba0be61b0c1d99c1
1428,5f2bca6aba0be61b0c1d9a1f
1429,5f2bca6aba0be61b0c1d9a40
1430,5f2bca6aba0be61b0c1d9a7e
1431,5f2bca6aba0be61b0c1d9b68
1432,5f2bca6bba0be61b0c1d9bb1
1433,5f2bca6bba0be61b0c1d9bf4
1434,5f2bca6bba0be61b0c1d9bf8
1435,5f2bca6bba0be61b0c1d9bfa
1436,5f2bca6bba0be61b0c1d9bff
1437,5f2bca6bba0be61b0c1d9c01
1438,5f2bca6bba0be61b0c1d9c03
1439,5f2bca6bba0be61b0c1d9c0a
1440,5f2bca6bba0be61b0c1d9c21
1441,5f2bca6bba0be61b0c1d9c27
1442,5f2bca6bba0be61b0c1d9c28
1443,5f2bca6bba0be61b0c1d9c29
1444,5f2bca6bba0be61b0c1d9c32
1445,5f2bca6bba0be61b0c1d9c36
1446,5f2bca6bba0be61b0c1d9c39
1447,5f2bca6bba0be61b0c1d9c3f
1448,5f2bca6bba0be61b0c1d9c4f
1449,5f2bca6bba0be61b0c1d9c52
1450,5f2bca6bba0be61b0c1d9c59
1451,5f2bca6bba0be61b0c1d9c5b
1452,5f2bca6bba0be61b0c1d9c60
1453,5f2bca6bba0be61b0c1d9c62
1454,5f2bca6bba0be61b0c1d9c68
1455,5f2bca6bba0be61b0c1d9c6b
1456,5f2bca6bba0be61b0c1d9c6c
1457,5f2bca6bba0be61b0c1d9c72
1458,5f2bca6bba0be61b0c1d9c74
1459,5f2bca6bba0be61b0c1d9c76
1460,5f2bca6bba0be61b0c1d9c7a
1461,5f2bca6bba0be61b0c1d9c89
1462,5f2bca6bba0be61b0c1d9c8d
1463,5f2bca6bba0be61b0c1d9c8f
1464,5f2bca6bba0be61b0c1d9c9e
1465,5f2bca6bba0be61b0c1d9ca0
1466,5f2bca6bba0be61b0c1d9ca7
1467,5f2bca6bba0be61b0c1d9cc1
1468,5f2bca6bba0be61b0c1d9cc4
1469,5f2bca6bba0be61b0c1d9cc6
1470,5f2bca6bba0be61b0c1d9cd3
1471,5f2bca6bba0be61b0c1d9cd7
1472,5f2bca6bba0be61b0c1d9cd9
1473,5f2bca6bba0be61b0c1d9cda
1474,5f2bca6bba0be61b0c1d9cdc
1475,5f2bca6bba0be61b0c1d9ce7
1476,5f2bca6bba0be61b0c1d9cf9
1477,5f2bca6bba0be61b0c1d9cfc
1478,5f2bca6bba0be61b0c1d9cfe
1479,5f2bca6bba0be61b0c1d9d03
1480,5f2bca6bba0be61b0c1d9d1e
1481,5f2bca6bba0be61b0c1d9d20
1482,5f2bca6bba0be61b0c1d9d22
1483,5f2bca6bba0be61b0c1d9d25
1484,5f2bca6bba0be61b0c1d9d35
1485,5f2bca6bba0be61b0c1d9d43
1486,5f2bca6bba0be61b0c1d9d46
1487,5f2bca6bba0be61b0c1d9d48
1488,5f2bca6bba0be61b0c1d9d50
1489,5f2bca6bba0be61b0c1d9d58
1490,5f2bca6bba0be61b0c1d9d61
1491,5f2bca6bba0be61b0c1d9d72
1492,5f2bca6bba0be61b0c1d9d75
1493,5f2bca6bba0be61b0c1d9d76
1494,5f2bca6bba0be61b0c1d9d83
1495,5f2bca6bba0be61b0c1d9d8d
1496,5f2bca6bba0be61b0c1d9d98
1497,5f2bca6bba0be61b0c1d9dc4
1498,5f2bca6bba0be61b0c1d9dc6
1499,5f2bca6bba0be61b0c1d9dcc
1500,5f2bca6bba0be61b0c1d9dd0
1501,5f2bca6bba0be61b0c1d9dd4
1502,5f2bca6bba0be61b0c1d9dd8
1503,5f2bca6bba0be61b0c1d9dda
1504,5f2bca6bba0be61b0c1d9de5
1505,5f2bca6bba0be61b0c1d9dea
1506,5f2bca6bba0be61b0c1d9df7
1507,5f2bca6bba0be61b0c1d9e01
1508,5f2bca6bba0be61b0c1d9e02
1509,5f2bca6bba0be61b0c1d9e08
1510,5f2bca6bba0be61b0c1d9e10
1511,5f2bca6bba0be61b0c1d9e16
1512,5f2bca6bba0be61b0c1d9e20
1513,5f2bca6bba0be61b0c1d9e24
1514,5f2bca6bba0be61b0c1d9e27
1515,5f2bca6bba0be61b0c1d9e29
1516,5f2bca6bba0be61b0c1d9e2d
1517,5f2bca6bba0be61b0c1d9e31
1518,5f2bca6bba0be61b0c1d9e32
1519,5f2bca6bba0be61b0c1d9e44
1520,5f2bca6bba0be61b0c1d9e47
1521,5f2bca6bba0be61b0c1d9e4a
1522,5f2bca6bba0be61b0c1d9e4c
1523,5f2bca6bba0be61b0c1d9e52
1524,5f2bca6bba0be61b0c1d9e54
1525,5f2bca6bba0be61b0c1d9e5f
1526,5f2bca6bba0be61b0c1d9e84
1527,5f2bca6bba0be61b0c1d9e8e
1528,5f2bca6bba0be61b0c1d9e97
1529,5f2bca6bba0be61b0c1d9ea8
1530,5f2bca6bba0be61b0c1d9eb5
1531,5f2bca6bba0be61b0c1d9eb8
1532,5f2bca6bba0be61b0c1d9ebc
1533,5f2bca6bba0be61b0c1d9ec0
1534,5f2bca6bba0be61b0c1d9ec1
1535,5f2bca6bba0be61b0c1d9ed4
1536,5f2bca6bba0be61b0c1d9edc
1537,5f2bca6bba0be61b0c1d9ee0
1538,5f2bca6bba0be61b0c1d9ef2
1539,5f2bca6bba0be61b0c1d9ef4
1540,5f2bca6bba0be61b0c1d9ef7
1541,5f2bca6bba0be61b0c1d9ef9
1542,5f2bca6bba0be61b0c1d9f30
1543,5f2bca6bba0be61b0c1d9f4e
1544,5f2bca6cba0be61b0c1da11f
1545,5f2bca6cba0be61b0c1da121
1546,5f2bca6cba0be61b0c1da12c
1547,5f2bca6cba0be61b0c1da136
1548,5f2bca6cba0be61b0c1da194
1549,5f2bca6cba0be61b0c1da2ab
1550,5f2bca71ba0be61b0c1da3e9
1551,5f2bca71ba0be61b0c1da44a
1552,5f2bca71ba0be61b0c1da485
1553,5f2bca71ba0be61b0c1da4b0
1554,5f2bca71ba0be61b0c1da50d
1555,5f2bca71ba0be61b0c1da532
1556,5f2bca71ba0be61b0c1da5af
1557,5f2bca71ba0be61b0c1da5d5
1558,5f2bca71ba0be61b0c1da5d7
1559,5f2bca71ba0be61b0c1da66f
1560,5f2bca71ba0be61b0c1da697
1561,5f2bca71ba0be61b0c1da698
1562,5f2bca71ba0be61b0c1da699
1563,5f2bca71ba0be61b0c1da6cd
1564,5f2bca71ba0be61b0c1da6f3
1565,5f2bca72ba0be61b0c1da78d
1566,5f2bca72ba0be61b0c1da86a
1567,5f2bca72ba0be61b0c1da88f
1568,5f2bca72ba0be61b0c1da8a2
1569,5f2bca72ba0be61b0c1da8f5
1570,5f2bca72ba0be61b0c1da933
1571,5f2bca72ba0be61b0c1da9a5
1572,5f2bca72ba0be61b0c1da9f3
1573,5f2bca72ba0be61b0c1daaae
1574,5f2bca73ba0be61b0c1dab7f
1575,5f2bca73ba0be61b0c1dab9c
1576,5f2bca73ba0be61b0c1dabe4
1577,5f2bca73ba0be61b0c1dad74
1578,5f2bca73ba0be61b0c1dae08
1579,5f2bca73ba0be61b0c1daf83
1580,5f2bca73ba0be61b0c1dafe5
1581,5f2bca73ba0be61b0c1db007
1582,5f2bca73ba0be61b0c1db009
1583,5f2bca73ba0be61b0c1db0b1
1584,5f2bca73ba0be61b0c1db0c2
1585,5f2bca73ba0be61b0c1db1a2
1586,5f2bca73ba0be61b0c1db1ad
1587,5f2bca73ba0be61b0c1db207
1588,5f2bca73ba0be61b0c1db209
1589,5f2bca75ba0be61b0c1db96e
1590,5f2bca75ba0be61b0c1dba5e
1591,5f2bca77ba0be61b0c1dbb92
1592,5f2bca77ba0be61b0c1dbbb8
1593,5f2bca77ba0be61b0c1dc03c
1594,5f2bca79ba0be61b0c1dc290
1595,5f2bca79ba0be61b0c1dc2f4
1596,5f2bca79ba0be61b0c1dc452
1597,5f2bca79ba0be61b0c1dc47e
1598,5f2bca79ba0be61b0c1dc502
1599,5f2bca79ba0be61b0c1dc658
1600,5f2bca7aba0be61b0c1dc793
1601,5f2bca7aba0be61b0c1dc91f
1602,5f2bca7aba0be61b0c1dc94f
1603,5f2bca7aba0be61b0c1dc9c9
1604,5f2bca85ba0be61b0c1dd201
1605,5f2bca87ba0be61b0c1dd702
1606,5f2bca87ba0be61b0c1dd90d
1607,5f2bca87ba0be61b0c1dd9e5
1608,5f2bca88ba0be61b0c1dda4a
1609,5f2bca88ba0be61b0c1dda4d
1610,5f2bca88ba0be61b0c1ddb14
1611,5f2bca88ba0be61b0c1ddb7f
1612,5f2bca88ba0be61b0c1ddbf7
1613,5f2bca88ba0be61b0c1ddc58
1614,5f2bca88ba0be61b0c1ddcf5
1615,5f2bca88ba0be61b0c1ddcf6
1616,5f2bca88ba0be61b0c1ddcf7
1617,5f2bca88ba0be61b0c1dddc4
1618,5f2bca88ba0be61b0c1dddcd
1619,5f2bca88ba0be61b0c1dddce
1620,5f2bca88ba0be61b0c1dddcf
1621,5f2bca88ba0be61b0c1dddd3
1622,5f2bca8aba0be61b0c1dddf6
1623,5f2bca8aba0be61b0c1dde02
1624,5f2bca8aba0be61b0c1dde19
1625,5f2bca8aba0be61b0c1dde1a
1626,5f2bca8aba0be61b0c1dde27
1627,5f2bca8aba0be61b0c1ddea4
1628,5f2bca8aba0be61b0c1ddead
1629,5f2bca8aba0be61b0c1ddedb
1630,5f2bca8aba0be61b0c1ddedc
1631,5f2bca8aba0be61b0c1ddedd
1632,5f2bca8aba0be61b0c1ddef1
1633,5f2bca8aba0be61b0c1ddfaa
1634,5f2bca8aba0be61b0c1de01b
1635,5f2bca8aba0be61b0c1de078
1636,5f2bca8aba0be61b0c1de07f
1637,5f2bca8aba0be61b0c1de0f7
1638,5f2bca8aba0be61b0c1de11d
1639,5f2bca8aba0be61b0c1de18a
1640,5f2bca8aba0be61b0c1de191
1641,5f2bca8aba0be61b0c1de19d
1642,5f2bca8cba0be61b0c1de22a
1643,5f2bca8cba0be61b0c1de235
1644,5f2bca8cba0be61b0c1de2a0
1645,5f2bca8cba0be61b0c1de2c5
1646,5f2bca8cba0be61b0c1de2d1
1647,5f2bca8cba0be61b0c1de2d7
1648,5f2bca8cba0be61b0c1de307
1649,5f2bca8cba0be61b0c1de388
1650,5f2bca8cba0be61b0c1de44b
1651,5f2bca8cba0be61b0c1de46f
1652,5f2bca8cba0be61b0c1de551
1653,5f2bca8cba0be61b0c1de55d
1654,5f2bca8dba0be61b0c1de668
1655,5f2bca8dba0be61b0c1de6c1
1656,5f2bca8dba0be61b0c1de7a0
1657,5f2bca8dba0be61b0c1de816
1658,5f2bca8dba0be61b0c1de865
1659,5f2bca8dba0be61b0c1de87d
1660,5f2bca8dba0be61b0c1de891
1661,5f2bca8dba0be61b0c1de8f9
1662,5f2bca8dba0be61b0c1de934
1663,5f2bca8dba0be61b0c1de94a
1664,5f2bca8dba0be61b0c1de956
1665,5f2bca8fba0be61b0c1de9b0
1666,5f2bca8fba0be61b0c1dea6f
1667,5f2bca8fba0be61b0c1dea70
1668,5f2bca8fba0be61b0c1dea84
1669,5f2bca8fba0be61b0c1dea92
1670,5f2bca8fba0be61b0c1deba2
1671,5f2bca8fba0be61b0c1dec57
1672,5f2bca8fba0be61b0c1dec71
1673,5f2bca8fba0be61b0c1decd7
1674,5f2bca8fba0be61b0c1decdd
1675,5f2bca8fba0be61b0c1ded16
1676,5f2bca8fba0be61b0c1ded20
1677,5f2bca90ba0be61b0c1ded87
1678,5f2bca90ba0be61b0c1ded90
1679,5f2bca90ba0be61b0c1dee47
1680,5f2bca90ba0be61b0c1deea0
1681,5f2bca90ba0be61b0c1deef3
1682,5f2bca90ba0be61b0c1def12
1683,5f2bca90ba0be61b0c1def97
1684,5f2bca90ba0be61b0c1defa8
1685,5f2bca90ba0be61b0c1df05a
1686,5f2bcaa1ba0be61b0c1df168
1687,5f2bcaa1ba0be61b0c1df16e
1688,5f2bcaa2ba0be61b0c1df20e
1689,5f2bcaa2ba0be61b0c1df238
1690,5f2bcaa2ba0be61b0c1df26e
1691,5f2bcaa2ba0be61b0c1df298
1692,5f2bcaa2ba0be61b0c1df322
1693,5f2bcaa2ba0be61b0c1df34b
1694,5f2bcaa2ba0be61b0c1df37b
1695,5f2bcaa2ba0be61b0c1df3f2
1696,5f2bcaa2ba0be61b0c1df468
1697,5f2bcaa2ba0be61b0c1df469
1698,5f2bcaa2ba0be61b0c1df46a
1699,5f2bcaa2ba0be61b0c1df486
1700,5f2bcaa2ba0be61b0c1df4e1
1701,5f2bcaa4ba0be61b0c1df56a
1702,5f2bcaa4ba0be61b0c1df56d
1703,5f2bcaa4ba0be61b0c1df57d
1704,5f2bcaa4ba0be61b0c1df59d
1705,5f2bcaa4ba0be61b0c1df5c2
1706,5f2bcaa4ba0be61b0c1df5d2
1707,5f2bcaa4ba0be61b0c1df5e1
1708,5f2bcaa4ba0be61b0c1df5e4
1709,5f2bcaa4ba0be61b0c1df645
1710,5f2bcaa4ba0be61b0c1df6d8
1711,5f2bcaa4ba0be61b0c1df6da
1712,5f2bcaa4ba0be61b0c1df6dd
1713,5f2bcaa4ba0be61b0c1df6fb
1714,5f2bcaa4ba0be61b0c1df856
1715,5f2bcaa4ba0be61b0c1df878
1716,5f2bcaa4ba0be61b0c1df8c1
1717,5f2bcaa4ba0be61b0c1df942
1718,5f2bcaa4ba0be61b0c1df954
1719,5f2bcaa4ba0be61b0c1df964
1720,5f2bcaa4ba0be61b0c1df96d
1721,5f2bcaa4ba0be61b0c1df97c
1722,5f2bcaa4ba0be61b0c1df9ab
1723,5f2bcaa4ba0be61b0c1df9b0
1724,5f2bcaa4ba0be61b0c1dfac3
1725,5f2bcaa4ba0be61b0c1dfae2
1726,5f2bcaa4ba0be61b0c1dfb2c
1727,5f2bcaa4ba0be61b0c1dfb56
1728,5f2bcaa4ba0be61b0c1dfc04
1729,5f2bcaa4ba0be61b0c1dfc88
1730,5f2bcaa4ba0be61b0c1dfcd2
1731,5f2bcaa6ba0be61b0c1dfd4c
1732,5f2bcaa6ba0be61b0c1dfddd
1733,5f2bcaa6ba0be61b0c1dfefe
1734,5f2bcaa6ba0be61b0c1dff08
1735,5f2bcaa6ba0be61b0c1dff3d
1736,5f2bcaa6ba0be61b0c1dff50
1737,5f2bcaa6ba0be61b0c1dff51
1738,5f2bcaa6ba0be61b0c1dff71
1739,5f2bcaa6ba0be61b0c1e0082
1740,5f2bcaa6ba0be61b0c1e0095
1741,5f2bcaa7ba0be61b0c1e0190
1742,5f2bcaa7ba0be61b0c1e01ee
1743,5f2bcaa7ba0be61b0c1e021f
1744,5f2bcaa7ba0be61b0c1e02c8
1745,5f2bcaa7ba0be61b0c1e02dc
1746,5f2bcaa7ba0be61b0c1e033b
1747,5f2bcaa7ba0be61b0c1e0383
1748,5f2bcaa7ba0be61b0c1e03c6
1749,5f2bcaa7ba0be61b0c1e03d1
1750,5f2bcaa7ba0be61b0c1e03e0
1751,5f2bcaa7ba0be61b0c1e03e4
1752,5f2bcaa7ba0be61b0c1e03ff
1753,5f2bcaa7ba0be61b0c1e0402
1754,5f2bcaa7ba0be61b0c1e0410
1755,5f2bcaa7ba0be61b0c1e042d
1756,5f2bcaa7ba0be61b0c1e0433
1757,5f2bcaa7ba0be61b0c1e0497
1758,5f2bcaa7ba0be61b0c1e04a0
1759,5f2bcaa7ba0be61b0c1e04ab
1760,5f2bcaa7ba0be61b0c1e04ce
1761,5f2bcaa7ba0be61b0c1e04db
1762,5f2bcaa7ba0be61b0c1e04de
1763,5f2bcaa7ba0be61b0c1e04e8
1764,5f2bcaa7ba0be61b0c1e04fa
1765,5f2bcaa7ba0be61b0c1e0508
1766,5f2bcaa7ba0be61b0c1e0517
1767,5f2bcaa7ba0be61b0c1e0522
1768,5f2bcaa7ba0be61b0c1e053e
1769,5f2bcaa7ba0be61b0c1e0542
1770,5f2bcaa7ba0be61b0c1e054d
1771,5f2bcaa7ba0be61b0c1e0552
1772,5f2bcaa7ba0be61b0c1e0564
1773,5f2bcaa7ba0be61b0c1e057c
1774,5f2bcaa7ba0be61b0c1e0580
1775,5f2bcaa7ba0be61b0c1e059a
1776,5f2bcaa8ba0be61b0c1e05ea
1777,5f2bcaa8ba0be61b0c1e05f1
1778,5f2bcaa8ba0be61b0c1e05fb
1779,5f2bcaa8ba0be61b0c1e05ff
1780,5f2bcaa8ba0be61b0c1e060c
1781,5f2bcaa8ba0be61b0c1e060e
1782,5f2bcaa8ba0be61b0c1e062e
1783,5f2bcaa8ba0be61b0c1e0658
1784,5f2bcaa8ba0be61b0c1e065a
1785,5f2bcaa8ba0be61b0c1e065c
1786,5f2bcaa8ba0be61b0c1e0662
1787,5f2bcaa8ba0be61b0c1e0672
1788,5f2bcaa8ba0be61b0c1e0685
1789,5f2bcaa8ba0be61b0c1e0696
1790,5f2bcaa8ba0be61b0c1e06b0
1791,5f2bcaa8ba0be61b0c1e06b5
1792,5f2bcaa8ba0be61b0c1e06c4
1793,5f2bcaa8ba0be61b0c1e06cd
1794,5f2bcaa8ba0be61b0c1e06d6
1795,5f2bcaa8ba0be61b0c1e0710
1796,5f2bcaa8ba0be61b0c1e0711
1797,5f2bcaa8ba0be61b0c1e0753
1798,5f2bcaa8ba0be61b0c1e0774
1799,5f2bcaa8ba0be61b0c1e0795
1800,5f2bcaa8ba0be61b0c1e07a0
1801,5f2bcaa8ba0be61b0c1e084b
1802,5f2bcaa9ba0be61b0c1e090b
1803,5f2bcaa9ba0be61b0c1e0920
1804,5f2bcaa9ba0be61b0c1e0a6a
1805,5f2bcaa9ba0be61b0c1e0af1
1806,5f2bcaabba0be61b0c1e0f4b
1807,5f2bcaabba0be61b0c1e0f85
1808,5f2bcaabba0be61b0c1e0fc2
1809,5f2bcaabba0be61b0c1e102e
1810,5f2bcaabba0be61b0c1e106f
1811,5f2bcaabba0be61b0c1e10e8
1812,5f2bcaabba0be61b0c1e112d
1813,5f2bcaabba0be61b0c1e1284
1814,5f2bcaaeba0be61b0c1e19a3
1815,5f2bcaaeba0be61b0c1e1b41
1816,5f2bcaaeba0be61b0c1e1c49
1817,5f2bcaafba0be61b0c1e1ca4
1818,5f2bcaafba0be61b0c1e1cc5
1819,5f2bcaafba0be61b0c1e1cc6
1820,5f2bcaafba0be61b0c1e1cce
1821,5f2bcaafba0be61b0c1e1cd0
1822,5f2bcaafba0be61b0c1e1d64
1823,5f2bcaafba0be61b0c1e1da1
1824,5f2bcaafba0be61b0c1e1db6
1825,5f2bcaafba0be61b0c1e1dbc
1826,5f2bcaafba0be61b0c1e1dcd
1827,5f2bcaafba0be61b0c1e1dfb
1828,5f2bcaafba0be61b0c1e1e04
1829,5f2bcaafba0be61b0c1e1f11
1830,5f2bcaafba0be61b0c1e1f35
1831,5f2bcaafba0be61b0c1e1f36
1832,5f2bcab0ba0be61b0c1e1f9f
1833,5f2bcab0ba0be61b0c1e1fae
1834,5f2bcab0ba0be61b0c1e2004
1835,5f2bcab0ba0be61b0c1e2009
1836,5f2bcab1ba0be61b0c1e206e
1837,5f2bcab1ba0be61b0c1e2097
1838,5f2bcab1ba0be61b0c1e20f2
1839,5f2bcab1ba0be61b0c1e2127
1840,5f2bcab1ba0be61b0c1e21a4
1841,5f2bcab1ba0be61b0c1e21d2
1842,5f2bcab1ba0be61b0c1e2249
1843,5f2bcab1ba0be61b0c1e22a7
1844,5f2bcab2ba0be61b0c1e2447
1845,5f2bcab2ba0be61b0c1e263a
1846,5f2bcab2ba0be61b0c1e2653
1847,5f2bcab2ba0be61b0c1e26c2
1848,5f2bcab2ba0be61b0c1e2784
1849,5f2bcab3ba0be61b0c1e292b
1850,5f2bcab3ba0be61b0c1e2a08
1851,5f2bcab3ba0be61b0c1e2abc
1852,5f2bcab3ba0be61b0c1e2ad8
1853,5f2bcab7ba0be61b0c1e33e3
1854,5f2bcababa0be61b0c1e4095
1855,5f2bcababa0be61b0c1e41c7
1856,5f2bcababa0be61b0c1e42a3
1857,5f2bcabcba0be61b0c1e4611
1858,5f2bcabcba0be61b0c1e4698
1859,5f2bcabcba0be61b0c1e4752
1860,5f2bcabdba0be61b0c1e47c7
1861,5f2bcabdba0be61b0c1e492c
1862,5f2bcabdba0be61b0c1e4a75
1863,5f2bcabeba0be61b0c1e4b4a
1864,5f2bcabeba0be61b0c1e4b4e
1865,5f2bcabeba0be61b0c1e4b6e
1866,5f2bcabeba0be61b0c1e4b71
1867,5f2bcabeba0be61b0c1e4bdc
1868,5f2bcabeba0be61b0c1e4c12
1869,5f2bcabeba0be61b0c1e4c1d
1870,5f2bcabeba0be61b0c1e4c28
1871,5f2bcabeba0be61b0c1e4c9d
1872,5f2bcabeba0be61b0c1e4d68
1873,5f2bcabeba0be61b0c1e4dcb
1874,5f2bcabeba0be61b0c1e4df9
1875,5f2bcabeba0be61b0c1e4e2d
1876,5f2bcabfba0be61b0c1e4fa4
1877,5f2bcabfba0be61b0c1e5069
1878,5f2bcabfba0be61b0c1e508c
1879,5f2bcabfba0be61b0c1e50bc
1880,5f2bcabfba0be61b0c1e50bf
1881,5f2bcabfba0be61b0c1e50e0
1882,5f2bcabfba0be61b0c1e525a
1883,5f2bcabfba0be61b0c1e528f
1884,5f2bcabfba0be61b0c1e5291
1885,5f2bcabfba0be61b0c1e52c8
1886,5f2bcac1ba0be61b0c1e5314
1887,5f2bcac1ba0be61b0c1e5375
1888,5f2bcac1ba0be61b0c1e53b8
1889,5f2bcac1ba0be61b0c1e55c7
1890,5f2bcac2ba0be61b0c1e5711
1891,5f2bcac2ba0be61b0c1e573f
1892,5f2bcac2ba0be61b0c1e5799
1893,5f2bcac2ba0be61b0c1e57de
1894,5f2bcac2ba0be61b0c1e581b
1895,5f2bcac2ba0be61b0c1e58d0
1896,5f2bcac2ba0be61b0c1e58e0
1897,5f2bcac2ba0be61b0c1e58e5
1898,5f2bcac2ba0be61b0c1e590b
1899,5f2bcac2ba0be61b0c1e5910
1900,5f2bcac2ba0be61b0c1e597d
1901,5f2bcac2ba0be61b0c1e5a27
1902,5f2bcac2ba0be61b0c1e5a28
1903,5f2bcac2ba0be61b0c1e5a2b
1904,5f2bcac2ba0be61b0c1e5aa2
1905,5f2bcac2ba0be61b0c1e5abc
1906,5f2bcac2ba0be61b0c1e5ad8
1907,5f2bcac5ba0be61b0c1e6147
1908,5f2bcac5ba0be61b0c1e6183
1909,5f2bcac5ba0be61b0c1e6186
1910,5f2bcac5ba0be61b0c1e6189
1911,5f2bcac5ba0be61b0c1e61ec
1912,5f2bcac5ba0be61b0c1e61f2
1913,5f2bcac5ba0be61b0c1e625a
1914,5f2bcac5ba0be61b0c1e626b
1915,5f2bcac5ba0be61b0c1e62ef
1916,5f2bcac5ba0be61b0c1e6328
1917,5f2bcac5ba0be61b0c1e6399
1918,5f2bcac5ba0be61b0c1e639a
1919,5f2bcac6ba0be61b0c1e641a
1920,5f2bcac6ba0be61b0c1e641c
1921,5f2bcac6ba0be61b0c1e6497
1922,5f2bcac6ba0be61b0c1e64cf
1923,5f2bcac6ba0be61b0c1e64ff
1924,5f2bcac6ba0be61b0c1e656d
1925,5f2bcac6ba0be61b0c1e65bf
1926,5f2bcac6ba0be61b0c1e65f6
1927,5f2bcac6ba0be61b0c1e6690
1928,5f2bcac7ba0be61b0c1e671d
1929,5f2bcac7ba0be61b0c1e6738
1930,5f2bcac7ba0be61b0c1e673a
1931,5f2bcac7ba0be61b0c1e673b
1932,5f2bcac7ba0be61b0c1e6743
1933,5f2bcac7ba0be61b0c1e6750
1934,5f2bcac7ba0be61b0c1e677a
1935,5f2bcac7ba0be61b0c1e67a0
1936,5f2bcaccba0be61b0c1e78c5
1937,5f2bcaceba0be61b0c1e7cfb
1938,5f2bcacfba0be61b0c1e7f3d
1939,5f2bcacfba0be61b0c1e7f9a
1940,5f2bcacfba0be61b0c1e8093
1941,5f2bcacfba0be61b0c1e8104
1942,5f2bcad1ba0be61b0c1e85cd
1943,5f2bcad1ba0be61b0c1e8718
1944,5f2bcad1ba0be61b0c1e8792
1945,5f2bcad3ba0be61b0c1e8a96
1946,5f2bcad3ba0be61b0c1e8b80
1947,5f2bcad3ba0be61b0c1e8be1
1948,5f2bcad3ba0be61b0c1e8da0
1949,5f2bcad3ba0be61b0c1e8da2
1950,5f2bcad4ba0be61b0c1e8e01
1951,5f2bcad5ba0be61b0c1e93c0
1952,5f2bcad6ba0be61b0c1e98be
1953,5f2bcad6ba0be61b0c1e98c0
1954,5f2bcad6ba0be61b0c1e98c4
1955,5f2bcad6ba0be61b0c1e98c7
1956,5f2bcad6ba0be61b0c1e98c9
1957,5f2bcad6ba0be61b0c1e98ce
1958,5f2bcad6ba0be61b0c1e98d0
1959,5f2bcad6ba0be61b0c1e98d1
1960,5f2bcad6ba0be61b0c1e98d7
1961,5f2bcad6ba0be61b0c1e98de
1962,5f2bcad6ba0be61b0c1e98e2
1963,5f2bcad6ba0be61b0c1e98e4
1964,5f2bcad6ba0be61b0c1e98eb
1965,5f2bcad6ba0be61b0c1e98fa
1966,5f2bcad6ba0be61b0c1e9905
1967,5f2bcad6ba0be61b0c1e9906
1968,5f2bcad6ba0be61b0c1e990a
1969,5f2bcad6ba0be61b0c1e990b
1970,5f2bcad6ba0be61b0c1e990c
1971,5f2bcad6ba0be61b0c1e9910
1972,5f2bcad6ba0be61b0c1e9915
1973,5f2bcad6ba0be61b0c1e9919
1974,5f2bcad6ba0be61b0c1e991a
1975,5f2bcad6ba0be61b0c1e9920
1976,5f2bcad6ba0be61b0c1e9923
1977,5f2bcad6ba0be61b0c1e9924
1978,5f2bcad6ba0be61b0c1e9925
1979,5f2bcad6ba0be61b0c1e9927
1980,5f2bcad6ba0be61b0c1e992d
1981,5f2bcad6ba0be61b0c1e992e
1982,5f2bcad6ba0be61b0c1e9934
1983,5f2bcad6ba0be61b0c1e9935
1984,5f2bcad6ba0be61b0c1e9936
1985,5f2bcad6ba0be61b0c1e9937
1986,5f2bcad6ba0be61b0c1e9952
1987,5f2bcad6ba0be61b0c1e9953
1988,5f2bcad6ba0be61b0c1e9955
1989,5f2bcad6ba0be61b0c1e9956
1990,5f2bcad6ba0be61b0c1e995b
1991,5f2bcad6ba0be61b0c1e995c
1992,5f2bcad6ba0be61b0c1e995d
1993,5f2bcad7ba0be61b0c1e995e
1994,5f2bcad7ba0be61b0c1e9961
1995,5f2bcad7ba0be61b0c1e9963
1996,5f2bcad7ba0be61b0c1e9966
1997,5f2bcad7ba0be61b0c1e9967
1998,5f2bcad7ba0be61b0c1e9968
1999,5f2bcad7ba0be61b0c1e996e
2000,5f2bcad7ba0be61b0c1e996f
2001,5f2bcad7ba0be61b0c1e9970
2002,5f2bcad7ba0be61b0c1e9973
2003,5f2bcad7ba0be61b0c1e9975
2004,5f2bcad7ba0be61b0c1e9976
2005,5f2bcad7ba0be61b0c1e997f
2006,5f2bcad7ba0be61b0c1e9980
2007,5f2bcad7ba0be61b0c1e9981
2008,5f2bcad7ba0be61b0c1e9982
2009,5f2bcad7ba0be61b0c1e9983
2010,5f2bcad7ba0be61b0c1e9984
2011,5f2bcad7ba0be61b0c1e998b
2012,5f2bcad7ba0be61b0c1e998c
2013,5f2bcad7ba0be61b0c1e998f
2014,5f2bcad7ba0be61b0c1e9993
2015,5f2bcad7ba0be61b0c1e9997
2016,5f2bcad7ba0be61b0c1e9998
2017,5f2bcad7ba0be61b0c1e999c
2018,5f2bcad7ba0be61b0c1e999d
2019,5f2bcad7ba0be61b0c1e999e
2020,5f2bcad7ba0be61b0c1e99a1
2021,5f2bcad7ba0be61b0c1e99a2
2022,5f2bcad7ba0be61b0c1e99a5
2023,5f2bcad7ba0be61b0c1e99a8
2024,5f2bcad7ba0be61b0c1e99ac
2025,5f2bcad7ba0be61b0c1e99b0
2026,5f2bcad7ba0be61b0c1e99b6
2027,5f2bcad7ba0be61b0c1e99b7
2028,5f2bcad7ba0be61b0c1e99b8
2029,5f2bcad7ba0be61b0c1e99b9
2030,5f2bcad7ba0be61b0c1e99bb
2031,5f2bcad7ba0be61b0c1e99bf
2032,5f2bcad7ba0be61b0c1e99c5
2033,5f2bcad7ba0be61b0c1e99c6
2034,5f2bcad7ba0be61b0c1e99c7
2035,5f2bcad7ba0be61b0c1e99ca
2036,5f2bcad7ba0be61b0c1e99d2
2037,5f2bcad7ba0be61b0c1e99d4
2038,5f2bcad7ba0be61b0c1e99e1
2039,5f2bcad7ba0be61b0c1e99eb
2040,5f2bcad7ba0be61b0c1e99ec
2041,5f2bcad7ba0be61b0c1e99ee
2042,5f2bcad7ba0be61b0c1e99ef
2043,5f2bcad7ba0be61b0c1e99f1
2044,5f2bcad7ba0be61b0c1e99fa
2045,5f2bcad7ba0be61b0c1e99ff
2046,5f2bcad7ba0be61b0c1e9a00
2047,5f2bcad7ba0be61b0c1e9a01
2048,5f2bcad7ba0be61b0c1e9a14
2049,5f2bcad7ba0be61b0c1e9a15
2050,5f2bcad7ba0be61b0c1e9a1d
2051,5f2bcad7ba0be61b0c1e9a21
2052,5f2bcad7ba0be61b0c1e9a22
2053,5f2bcad7ba0be61b0c1e9a24
2054,5f2bcad7ba0be61b0c1e9a2b
2055,5f2bcad7ba0be61b0c1e9a2e
2056,5f2bcad7ba0be61b0c1e9a32
2057,5f2bcad7ba0be61b0c1e9a33
2058,5f2bcad7ba0be61b0c1e9a36
2059,5f2bcad7ba0be61b0c1e9a38
2060,5f2bcad7ba0be61b0c1e9a3f
2061,5f2bcad7ba0be61b0c1e9a40
2062,5f2bcad7ba0be61b0c1e9a47
2063,5f2bcad7ba0be61b0c1e9a4b
2064,5f2bcad7ba0be61b0c1e9a52
2065,5f2bcad7ba0be61b0c1e9a53
2066,5f2bcad7ba0be61b0c1e9a54
2067,5f2bcad7ba0be61b0c1e9a57
2068,5f2bcad7ba0be61b0c1e9a59
2069,5f2bcad7ba0be61b0c1e9a5a
2070,5f2bcad7ba0be61b0c1e9a5c
2071,5f2bcad7ba0be61b0c1e9a5f
2072,5f2bcad7ba0be61b0c1e9a64
2073,5f2bcad7ba0be61b0c1e9a65
2074,5f2bcad7ba0be61b0c1e9a67
2075,5f2bcad7ba0be61b0c1e9a6a
2076,5f2bcad7ba0be61b0c1e9a6b
2077,5f2bcad7ba0be61b0c1e9a6e
2078,5f2bcad7ba0be61b0c1e9a80
2079,5f2bcad7ba0be61b0c1e9a86
2080,5f2bcad7ba0be61b0c1e9a98
2081,5f2bcad7ba0be61b0c1e9aa0
2082,5f2bcad7ba0be61b0c1e9aa5
2083,5f2bcad7ba0be61b0c1e9aaf
2084,5f2bcad7ba0be61b0c1e9abb
2085,5f2bcad7ba0be61b0c1e9abd
2086,5f2bcad7ba0be61b0c1e9abf
2087,5f2bcad7ba0be61b0c1e9ac5
2088,5f2bcad7ba0be61b0c1e9ac8
2089,5f2bcad7ba0be61b0c1e9ac9
2090,5f2bcad7ba0be61b0c1e9ad1
2091,5f2bcad7ba0be61b0c1e9ad2
2092,5f2bcad7ba0be61b0c1e9ad4
2093,5f2bcad7ba0be61b0c1e9ad7
2094,5f2bcad7ba0be61b0c1e9adf
2095,5f2bcad7ba0be61b0c1e9ae3
2096,5f2bcad7ba0be61b0c1e9ae5
2097,5f2bcad7ba0be61b0c1e9aeb
2098,5f2bcad7ba0be61b0c1e9aee
2099,5f2bcad7ba0be61b0c1e9af0
2100,5f2bcad7ba0be61b0c1e9af1
2101,5f2bcad7ba0be61b0c1e9af2
2102,5f2bcad7ba0be61b0c1e9af8
2103,5f2bcad7ba0be61b0c1e9af9
2104,5f2bcad7ba0be61b0c1e9afa
2105,5f2bcad7ba0be61b0c1e9b01
2106,5f2bcad7ba0be61b0c1e9b02
2107,5f2bcad7ba0be61b0c1e9b13
2108,5f2bcad7ba0be61b0c1e9b20
2109,5f2bcad7ba0be61b0c1e9b24
2110,5f2bcad7ba0be61b0c1e9b2b
2111,5f2bcad7ba0be61b0c1e9b2c
2112,5f2bcad7ba0be61b0c1e9b31
2113,5f2bcad7ba0be61b0c1e9b39
2114,5f2bcad7ba0be61b0c1e9b3c
2115,5f2bcad7ba0be61b0c1e9b41
2116,5f2bcad7ba0be61b0c1e9b46
2117,5f2bcad7ba0be61b0c1e9b51
2118,5f2bcad7ba0be61b0c1e9b5d
2119,5f2bcad7ba0be61b0c1e9b67
2120,5f2bcad7ba0be61b0c1e9b6f
2121,5f2bcad7ba0be61b0c1e9b75
2122,5f2bcad7ba0be61b0c1e9b78
2123,5f2bcad7ba0be61b0c1e9b79
2124,5f2bcad7ba0be61b0c1e9b7c
2125,5f2bcad7ba0be61b0c1e9b7f
2126,5f2bcad7ba0be61b0c1e9b84
2127,5f2bcad7ba0be61b0c1e9b85
2128,5f2bcad7ba0be61b0c1e9b87
2129,5f2bcad7ba0be61b0c1e9b88
2130,5f2bcad7ba0be61b0c1e9b8c
2131,5f2bcad7ba0be61b0c1e9b8f
2132,5f2bcad7ba0be61b0c1e9b94
2133,5f2bcad7ba0be61b0c1e9b9b
2134,5f2bcad7ba0be61b0c1e9b9d
2135,5f2bcad7ba0be61b0c1e9b9e
2136,5f2bcad7ba0be61b0c1e9b9f
2137,5f2bcad7ba0be61b0c1e9ba3
2138,5f2bcad7ba0be61b0c1e9ba7
2139,5f2bcad7ba0be61b0c1e9ba9
2140,5f2bcad7ba0be61b0c1e9bac
2141,5f2bcad7ba0be61b0c1e9bad
2142,5f2bcad7ba0be61b0c1e9bae
2143,5f2bcad7ba0be61b0c1e9baf
2144,5f2bcad7ba0be61b0c1e9bb2
2145,5f2bcad7ba0be61b0c1e9bb8
2146,5f2bcad7ba0be61b0c1e9bba
2147,5f2bcad7ba0be61b0c1e9bbb
2148,5f2bcad7ba0be61b0c1e9bc2
2149,5f2bcad7ba0be61b0c1e9be1
2150,5f2bcad7ba0be61b0c1e9bef
2151,5f2bcad7ba0be61b0c1e9bf3
2152,5f2bcad7ba0be61b0c1e9c07
2153,5f2bcad7ba0be61b0c1e9c08
2154,5f2bcad7ba0be61b0c1e9c12
2155,5f2bcad7ba0be61b0c1e9c13
2156,5f2bcad7ba0be61b0c1e9c14
2157,5f2bcad7ba0be61b0c1e9c15
2158,5f2bcad7ba0be61b0c1e9c16
2159,5f2bcad7ba0be61b0c1e9c17
2160,5f2bcad7ba0be61b0c1e9c18
2161,5f2bcad7ba0be61b0c1e9c19
2162,5f2bcad7ba0be61b0c1e9c1a
2163,5f2bcad7ba0be61b0c1e9c1b
2164,5f2bcad7ba0be61b0c1e9c1d
2165,5f2bcad7ba0be61b0c1e9c1e
2166,5f2bcad7ba0be61b0c1e9c1f
2167,5f2bcad7ba0be61b0c1e9c20
2168,5f2bcad7ba0be61b0c1e9c32
2169,5f2bcad7ba0be61b0c1e9c37
2170,5f2bcad7ba0be61b0c1e9c42
2171,5f2bcad7ba0be61b0c1e9c52
2172,5f2bcad7ba0be61b0c1e9c5c
2173,5f2bcad7ba0be61b0c1e9c64
2174,5f2bcad7ba0be61b0c1e9c66
2175,5f2bcad7ba0be61b0c1e9c6c
2176,5f2bcad7ba0be61b0c1e9c6e
2177,5f2bcad7ba0be61b0c1e9c70
2178,5f2bcad7ba0be61b0c1e9c77
2179,5f2bcad7ba0be61b0c1e9c78
2180,5f2bcad7ba0be61b0c1e9c7c
2181,5f2bcad7ba0be61b0c1e9c8a
2182,5f2bcad7ba0be61b0c1e9c8b
2183,5f2bcad7ba0be61b0c1e9c8c
2184,5f2bcad7ba0be61b0c1e9c8d
2185,5f2bcad7ba0be61b0c1e9c8f
2186,5f2bcad7ba0be61b0c1e9c92
2187,5f2bcad7ba0be61b0c1e9c93
2188,5f2bcad7ba0be61b0c1e9c94
2189,5f2bcad7ba0be61b0c1e9c95
2190,5f2bcad7ba0be61b0c1e9c96
2191,5f2bcad7ba0be61b0c1e9c97
2192,5f2bcad7ba0be61b0c1e9c98
2193,5f2bcad7ba0be61b0c1e9c99
2194,5f2bcad7ba0be61b0c1e9c9a
2195,5f2bcad7ba0be61b0c1e9c9b
2196,5f2bcad7ba0be61b0c1e9c9c
2197,5f2bcad7ba0be61b0c1e9c9d
2198,5f2bcad7ba0be61b0c1e9c9e
2199,5f2bcad7ba0be61b0c1e9c9f
2200,5f2bcad7ba0be61b0c1e9ca3
2201,5f2bcad7ba0be61b0c1e9ca5
2202,5f2bcad7ba0be61b0c1e9ca7
2203,5f2bcad7ba0be61b0c1e9ca9
2204,5f2bcad7ba0be61b0c1e9caf
2205,5f2bcad7ba0be61b0c1e9cb0
2206,5f2bcad7ba0be61b0c1e9cb1
2207,5f2bcad7ba0be61b0c1e9cb2
2208,5f2bcad7ba0be61b0c1e9cb3
2209,5f2bcad7ba0be61b0c1e9cb4
2210,5f2bcad7ba0be61b0c1e9cb7
2211,5f2bcad7ba0be61b0c1e9cba
2212,5f2bcad7ba0be61b0c1e9cbc
2213,5f2bcad7ba0be61b0c1e9cc0
2214,5f2bcad7ba0be61b0c1e9cc2
2215,5f2bcad7ba0be61b0c1e9cc6
2216,5f2bcad7ba0be61b0c1e9cc7
2217,5f2bcad7ba0be61b0c1e9cc8
2218,5f2bcad7ba0be61b0c1e9ccb
2219,5f2bcad7ba0be61b0c1e9ccc
2220,5f2bcad7ba0be61b0c1e9ccf
2221,5f2bcad7ba0be61b0c1e9cd2
2222,5f2bcad7ba0be61b0c1e9cd6
2223,5f2bcad7ba0be61b0c1e9cd9
2224,5f2bcad7ba0be61b0c1e9cda
2225,5f2bcad7ba0be61b0c1e9cdc
2226,5f2bcad7ba0be61b0c1e9cef
2227,5f2bcad7ba0be61b0c1e9cf0
2228,5f2bcad7ba0be61b0c1e9cfb
2229,5f2bcad7ba0be61b0c1e9cfd
2230,5f2bcad7ba0be61b0c1e9cff
2231,5f2bcad7ba0be61b0c1e9d03
2232,5f2bcad7ba0be61b0c1e9d06
2233,5f2bcad7ba0be61b0c1e9d07
2234,5f2bcad7ba0be61b0c1e9d08
2235,5f2bcad7ba0be61b0c1e9d09
2236,5f2bcad7ba0be61b0c1e9d0d
2237,5f2bcad7ba0be61b0c1e9d10
2238,5f2bcad7ba0be61b0c1e9d13
2239,5f2bcad7ba0be61b0c1e9d14
2240,5f2bcad7ba0be61b0c1e9d15
2241,5f2bcad7ba0be61b0c1e9d1a
2242,5f2bcad7ba0be61b0c1e9d1c
2243,5f2bcad7ba0be61b0c1e9d20
2244,5f2bcad7ba0be61b0c1e9d24
2245,5f2bcad7ba0be61b0c1e9d29
2246,5f2bcad7ba0be61b0c1e9d32
2247,5f2bcad7ba0be61b0c1e9d34
2248,5f2bcad7ba0be61b0c1e9d35
2249,5f2bcad7ba0be61b0c1e9d37
2250,5f2bcad7ba0be61b0c1e9d38
2251,5f2bcad7ba0be61b0c1e9d3a
2252,5f2bcad7ba0be61b0c1e9d3c
2253,5f2bcad7ba0be61b0c1e9d40
2254,5f2bcad7ba0be61b0c1e9d44
2255,5f2bcad7ba0be61b0c1e9d45
2256,5f2bcad8ba0be61b0c1e9d47
2257,5f2bcad8ba0be61b0c1e9d49
2258,5f2bcad8ba0be61b0c1e9d50
2259,5f2bcad8ba0be61b0c1e9d53
2260,5f2bcad8ba0be61b0c1e9d54
2261,5f2bcad8ba0be61b0c1e9d57
2262,5f2bcad8ba0be61b0c1e9d5e
2263,5f2bcad8ba0be61b0c1e9d63
2264,5f2bcad8ba0be61b0c1e9d68
2265,5f2bcad8ba0be61b0c1e9d69
2266,5f2bcad8ba0be61b0c1e9d6c
2267,5f2bcad8ba0be61b0c1e9d70
2268,5f2bcad8ba0be61b0c1e9d71
2269,5f2bcad8ba0be61b0c1e9d75
2270,5f2bcad8ba0be61b0c1e9d76
2271,5f2bcad8ba0be61b0c1e9d77
2272,5f2bcad8ba0be61b0c1e9d78
2273,5f2bcad8ba0be61b0c1e9d79
2274,5f2bcad8ba0be61b0c1e9d7b
2275,5f2bcad8ba0be61b0c1e9d7f
2276,5f2bcad8ba0be61b0c1e9d82
2277,5f2bcad8ba0be61b0c1e9d84
2278,5f2bcad8ba0be61b0c1e9d86
2279,5f2bcad8ba0be61b0c1e9d87
2280,5f2bcad8ba0be61b0c1e9d88
2281,5f2bcad8ba0be61b0c1e9d89
2282,5f2bcad8ba0be61b0c1e9d8a
2283,5f2bcad8ba0be61b0c1e9d8b
2284,5f2bcad8ba0be61b0c1e9d8c
2285,5f2bcad8ba0be61b0c1e9d8d
2286,5f2bcad8ba0be61b0c1e9d8e
2287,5f2bcad8ba0be61b0c1e9d8f
2288,5f2bcad8ba0be61b0c1e9d90
2289,5f2bcad8ba0be61b0c1e9d91
2290,5f2bcad8ba0be61b0c1e9d92
2291,5f2bcad8ba0be61b0c1e9d93
2292,5f2bcad8ba0be61b0c1e9d94
2293,5f2bcad8ba0be61b0c1e9d96
2294,5f2bcad8ba0be61b0c1e9d98
2295,5f2bcad8ba0be61b0c1e9d9a
2296,5f2bcad8ba0be61b0c1e9d9b
2297,5f2bcad8ba0be61b0c1e9da5
2298,5f2bcad8ba0be61b0c1e9da8
2299,5f2bcad8ba0be61b0c1e9db2
2300,5f2bcad8ba0be61b0c1e9db3
2301,5f2bcad8ba0be61b0c1e9db4
2302,5f2bcad8ba0be61b0c1e9db5
2303,5f2bcad8ba0be61b0c1e9db6
2304,5f2bcad8ba0be61b0c1e9db7
2305,5f2bcad8ba0be61b0c1e9dbd
2306,5f2bcad8ba0be61b0c1e9dbf
2307,5f2bcad8ba0be61b0c1e9dc3
2308,5f2bcad8ba0be61b0c1e9dc4
2309,5f2bcad8ba0be61b0c1e9dc7
2310,5f2bcad8ba0be61b0c1e9dc9
2311,5f2bcad8ba0be61b0c1e9dcb
2312,5f2bcad8ba0be61b0c1e9dce
2313,5f2bcad8ba0be61b0c1e9dcf
2314,5f2bcad8ba0be61b0c1e9dd0
2315,5f2bcad8ba0be61b0c1e9dd1
2316,5f2bcad8ba0be61b0c1e9dd2
2317,5f2bcad8ba0be61b0c1e9dd3
2318,5f2bcad8ba0be61b0c1e9dd4
2319,5f2bcad8ba0be61b0c1e9dd5
2320,5f2bcad8ba0be61b0c1e9dd7
2321,5f2bcad8ba0be61b0c1e9dd8
2322,5f2bcad8ba0be61b0c1e9dd9
2323,5f2bcad8ba0be61b0c1e9de2
2324,5f2bcad8ba0be61b0c1e9de8
2325,5f2bcad8ba0be61b0c1e9def
2326,5f2bcad8ba0be61b0c1e9df0
2327,5f2bcad8ba0be61b0c1e9df2
2328,5f2bcad8ba0be61b0c1e9df3
2329,5f2bcad8ba0be61b0c1e9df6
2330,5f2bcad8ba0be61b0c1e9df7
2331,5f2bcad8ba0be61b0c1e9dfa
2332,5f2bcad8ba0be61b0c1e9e0c
2333,5f2bcad8ba0be61b0c1e9e13
2334,5f2bcad8ba0be61b0c1e9e14
2335,5f2bcad8ba0be61b0c1e9e15
2336,5f2bcad8ba0be61b0c1e9e16
2337,5f2bcad8ba0be61b0c1e9e17
2338,5f2bcad8ba0be61b0c1e9e18
2339,5f2bcad8ba0be61b0c1e9e19
2340,5f2bcad8ba0be61b0c1e9e1a
2341,5f2bcad8ba0be61b0c1e9e1b
2342,5f2bcad8ba0be61b0c1e9e1c
2343,5f2bcad8ba0be61b0c1e9e27
2344,5f2bcad8ba0be61b0c1e9e30
2345,5f2bcad8ba0be61b0c1e9e37
2346,5f2bcad8ba0be61b0c1e9e39
2347,5f2bcad8ba0be61b0c1e9e40
2348,5f2bcad8ba0be61b0c1e9e43
2349,5f2bcad8ba0be61b0c1e9e4c
2350,5f2bcad8ba0be61b0c1e9e4d
2351,5f2bcad8ba0be61b0c1e9e4e
2352,5f2bcad8ba0be61b0c1e9e4f
2353,5f2bcad8ba0be61b0c1e9e50
2354,5f2bcad8ba0be61b0c1e9e51
2355,5f2bcad8ba0be61b0c1e9e52
2356,5f2bcad8ba0be61b0c1e9e53
2357,5f2bcad8ba0be61b0c1e9e54
2358,5f2bcad8ba0be61b0c1e9e55
2359,5f2bcad8ba0be61b0c1e9e56
2360,5f2bcad8ba0be61b0c1e9e57
2361,5f2bcad8ba0be61b0c1e9e58
2362,5f2bcad8ba0be61b0c1e9e59
2363,5f2bcad8ba0be61b0c1e9e5a
2364,5f2bcad8ba0be61b0c1e9e5b
2365,5f2bcad8ba0be61b0c1e9e5c
2366,5f2bcad8ba0be61b0c1e9e5d
2367,5f2bcad8ba0be61b0c1e9e5e
2368,5f2bcad8ba0be61b0c1e9e5f
2369,5f2bcad8ba0be61b0c1e9e60
2370,5f2bcad8ba0be61b0c1e9e61
2371,5f2bcad8ba0be61b0c1e9e62
2372,5f2bcad8ba0be61b0c1e9e63
2373,5f2bcad8ba0be61b0c1e9e64
2374,5f2bcad8ba0be61b0c1e9e65
2375,5f2bcad8ba0be61b0c1e9e66
2376,5f2bcad8ba0be61b0c1e9e6d
2377,5f2bcad8ba0be61b0c1e9e6e
2378,5f2bcad8ba0be61b0c1e9e6f
2379,5f2bcad8ba0be61b0c1e9e71
2380,5f2bcad8ba0be61b0c1e9e73
2381,5f2bcad8ba0be61b0c1e9e74
2382,5f2bcad8ba0be61b0c1e9e75
2383,5f2bcad8ba0be61b0c1e9e7a
2384,5f2bcad8ba0be61b0c1e9e7b
2385,5f2bcad8ba0be61b0c1e9e7c
2386,5f2bcad8ba0be61b0c1e9e7d
2387,5f2bcad8ba0be61b0c1e9e7e
2388,5f2bcad8ba0be61b0c1e9e7f
2389,5f2bcad8ba0be61b0c1e9e80
2390,5f2bcad8ba0be61b0c1e9e81
2391,5f2bcad8ba0be61b0c1e9e82
2392,5f2bcad8ba0be61b0c1e9e84
2393,5f2bcad8ba0be61b0c1e9e85
2394,5f2bcad8ba0be61b0c1e9e86
2395,5f2bcad8ba0be61b0c1e9e87
2396,5f2bcad8ba0be61b0c1e9e88
2397,5f2bcad8ba0be61b0c1e9e8a
2398,5f2bcad8ba0be61b0c1e9e8e
2399,5f2bcad8ba0be61b0c1e9e8f
2400,5f2bcad8ba0be61b0c1e9e90
2401,5f2bcad8ba0be61b0c1e9e93
2402,5f2bcad8ba0be61b0c1e9e9b
2403,5f2bcad8ba0be61b0c1e9ea4
2404,5f2bcad8ba0be61b0c1e9eaa
2405,5f2bcad8ba0be61b0c1e9eab
2406,5f2bcad8ba0be61b0c1e9ead
2407,5f2bcad8ba0be61b0c1e9eb9
2408,5f2bcad8ba0be61b0c1e9eba
2409,5f2bcad8ba0be61b0c1e9ebd
2410,5f2bcad8ba0be61b0c1e9ebe
2411,5f2bcad8ba0be61b0c1e9ebf
2412,5f2bcad8ba0be61b0c1e9ec3
2413,5f2bcad8ba0be61b0c1e9ed5
2414,5f2bcad8ba0be61b0c1e9ee5
2415,5f2bcad8ba0be61b0c1e9ee9
2416,5f2bcad8ba0be61b0c1e9ef2
2417,5f2bcad8ba0be61b0c1e9efc
2418,5f2bcad8ba0be61b0c1e9efd
2419,5f2bcad8ba0be61b0c1e9f0a
2420,5f2bcad8ba0be61b0c1e9f19
2421,5f2bcad8ba0be61b0c1e9f1c
2422,5f2bcad8ba0be61b0c1e9f1e
2423,5f2bcad8ba0be61b0c1e9f21
2424,5f2bcad8ba0be61b0c1e9f2b
2425,5f2bcad8ba0be61b0c1e9f3b
2426,5f2bcad8ba0be61b0c1e9f3e
2427,5f2bcad8ba0be61b0c1e9f3f
2428,5f2bcad8ba0be61b0c1e9f40
2429,5f2bcad8ba0be61b0c1e9f41
2430,5f2bcad8ba0be61b0c1e9f42
2431,5f2bcad8ba0be61b0c1e9f43
2432,5f2bcad8ba0be61b0c1e9f44
2433,5f2bcad8ba0be61b0c1e9f46
2434,5f2bcad8ba0be61b0c1e9f47
2435,5f2bcad8ba0be61b0c1e9f48
2436,5f2bcad8ba0be61b0c1e9f49
2437,5f2bcad8ba0be61b0c1e9f4a
2438,5f2bcad8ba0be61b0c1e9f4b
2439,5f2bcad8ba0be61b0c1e9f4c
2440,5f2bcad8ba0be61b0c1e9f50
2441,5f2bcad8ba0be61b0c1e9f64
2442,5f2bcad8ba0be61b0c1e9f65
2443,5f2bcad8ba0be61b0c1e9f66
2444,5f2bcad8ba0be61b0c1e9f69
2445,5f2bcad8ba0be61b0c1e9f72
2446,5f2bcad8ba0be61b0c1e9f73
2447,5f2bcad8ba0be61b0c1e9f77
2448,5f2bcad8ba0be61b0c1e9f80
2449,5f2bcad8ba0be61b0c1e9f81
2450,5f2bcad8ba0be61b0c1e9f84
2451,5f2bcad8ba0be61b0c1e9f8a
2452,5f2bcad8ba0be61b0c1e9f8b
2453,5f2bcad8ba0be61b0c1e9fad
2454,5f2bcad8ba0be61b0c1e9fb4
2455,5f2bcad8ba0be61b0c1e9fb9
2456,5f2bcad8ba0be61b0c1e9fc6
2457,5f2bcad8ba0be61b0c1e9fe5
2458,5f2bcad8ba0be61b0c1e9ff9
2459,5f2bcad8ba0be61b0c1e9ffd
2460,5f2bcad8ba0be61b0c1ea002
2461,5f2bcad8ba0be61b0c1ea009
2462,5f2bcad8ba0be61b0c1ea015
2463,5f2bcad8ba0be61b0c1ea034
2464,5f2bcad8ba0be61b0c1ea037
2465,5f2bcad8ba0be61b0c1ea04f
2466,5f2bcad8ba0be61b0c1ea06a
2467,5f2bcad8ba0be61b0c1ea06b
2468,5f2bcad8ba0be61b0c1ea094
2469,5f2bcad8ba0be61b0c1ea0ab
2470,5f2bcad8ba0be61b0c1ea0c8
2471,5f2bcad8ba0be61b0c1ea0da
2472,5f2bcad8ba0be61b0c1ea0e5
2473,5f2bcad8ba0be61b0c1ea0e6
2474,5f2bcad8ba0be61b0c1ea0e8
2475,5f2bcad8ba0be61b0c1ea0e9
2476,5f2bcad8ba0be61b0c1ea0ea
2477,5f2bcad8ba0be61b0c1ea0ed
2478,5f2bcad8ba0be61b0c1ea0ef
2479,5f2bcad8ba0be61b0c1ea0f0
2480,5f2bcad8ba0be61b0c1ea102
2481,5f2bcad8ba0be61b0c1ea108
2482,5f2bcad8ba0be61b0c1ea11c
2483,5f2bcad8ba0be61b0c1ea11e
2484,5f2bcad8ba0be61b0c1ea127
2485,5f2bcadaba0be61b0c1ea131
2486,5f2bcadaba0be61b0c1ea133
2487,5f2bcadaba0be61b0c1ea136
2488,5f2bcadaba0be61b0c1ea13c
2489,5f2bcadaba0be61b0c1ea13e
2490,5f2bcadaba0be61b0c1ea143
2491,5f2bcadaba0be61b0c1ea144
2492,5f2bcadaba0be61b0c1ea148
2493,5f2bcadaba0be61b0c1ea151
2494,5f2bcadaba0be61b0c1ea154
2495,5f2bcadaba0be61b0c1ea155
2496,5f2bcadaba0be61b0c1ea15a
2497,5f2bcadaba0be61b0c1ea16c
2498,5f2bcadaba0be61b0c1ea16e
2499,5f2bcadaba0be61b0c1ea171
2500,5f2bcadaba0be61b0c1ea178
2501,5f2bcadaba0be61b0c1ea179
2502,5f2bcadaba0be61b0c1ea17a
2503,5f2bcadaba0be61b0c1ea17c
2504,5f2bcadaba0be61b0c1ea187
2505,5f2bcadaba0be61b0c1ea18b
2506,5f2bcadaba0be61b0c1ea192
2507,5f2bcadaba0be61b0c1ea19a
2508,5f2bcadaba0be61b0c1ea19b
2509,5f2bcadaba0be61b0c1ea19c
2510,5f2bcadaba0be61b0c1ea19d
2511,5f2bcadaba0be61b0c1ea1a2
2512,5f2bcadaba0be61b0c1ea1ad
2513,5f2bcadaba0be61b0c1ea1b8
2514,5f2bcadaba0be61b0c1ea1b9
2515,5f2bcadaba0be61b0c1ea1bf
2516,5f2bcadaba0be61b0c1ea1c8
2517,5f2bcadaba0be61b0c1ea1cb
2518,5f2bcadaba0be61b0c1ea1d3
2519,5f2bcadaba0be61b0c1ea1d6
2520,5f2bcadaba0be61b0c1ea1dc
2521,5f2bcadaba0be61b0c1ea1e1
2522,5f2bcadaba0be61b0c1ea212
2523,5f2bcadaba0be61b0c1ea213
2524,5f2bcadaba0be61b0c1ea214
2525,5f2bcadaba0be61b0c1ea215
2526,5f2bcadaba0be61b0c1ea223
2527,5f2bcadaba0be61b0c1ea22a
2528,5f2bcadaba0be61b0c1ea39c
2529,5f2bcadaba0be61b0c1ea446
2530,5f2bcadaba0be61b0c1ea448
2531,5f2bcadbba0be61b0c1ea56a
2532,5f2bcadbba0be61b0c1ea572
2533,5f2bcadbba0be61b0c1ea588
2534,5f2bcadbba0be61b0c1ea58a
2535,5f2bcadbba0be61b0c1ea599
2536,5f2bcadbba0be61b0c1ea59c
2537,5f2bcadbba0be61b0c1ea5a6
2538,5f2bcadbba0be61b0c1ea5be
2539,5f2bcadbba0be61b0c1ea5bf
2540,5f2bcadbba0be61b0c1ea5ca
2541,5f2bcadbba0be61b0c1ea5cc
2542,5f2bcadbba0be61b0c1ea5d0
2543,5f2bcadbba0be61b0c1ea5d9
2544,5f2bcadbba0be61b0c1ea5df
2545,5f4ca257e893e805f460bac6
2546,5f4e5b3a9475ea1e250465ed
2547,5f4e6cea9475ea1e25047071
2548,5f4f85ef6556502c6c845fc4
2549,5f4f85ef6556502c6c845fc5
2550,5f4f85ef6556502c6c845fc6
2551,5f4f85ef6556502c6c845fc7
2552,5f4f85ef6556502c6c845fc8
2553,5f4f85ef6556502c6c845fc9
2554,5f4f85ef6556502c6c845fca
2555,5f4f85ef6556502c6c845fcb
2556,5f4f85ef6556502c6c845fcc
2557,5f4f85ef6556502c6c845fcd
2558,5f4f85ef6556502c6c845fce
2559,5f4f85ef6556502c6c845fcf
2560,5f4f85ef6556502c6c845fd0
2561,5f4f85ef6556502c6c845fd1
2562,5f4f85ef6556502c6c845fd2
2563,5f4fca402684e656cf8e0180
2564,5f4ff5922684e656cf8e0b65
2565,5f51fb52b6145139394ca18a
2566,5f52ae6b1b1d8b39055e92ce
2567,5f566eaa1b1d8b39055ea7d3
2568,5f5728631b1d8b39055eb0d3
2569,5f572ed31b1d8b39055eb0f9
2570,5f57848193e4b106be00bfc0
2571,5f58bf8561b2d730187bd6cd
2572,5f58d4ebd7f5c56736a01331
2573,5f58d6a722a9de32555fb5de
2574,5f58d74722a9de32555fb600
2575,5f58d81822a9de32555fb60f
2576,5f58d8e322a9de32555fb645
2577,5f58da1822a9de32555fb670
2578,5f58db9022a9de32555fb6a6
2579,5f59062522a9de32555fc213
2580,5f5a432cd5896b54d34ddeb7
2581,5f5a7eadd5896b54d34df2db
2582,5f5bad8a099cb3f26454528a
2583,5f5eb89ea6e3f95319ebfbe8
2584,5f5faa998dab6941d1304011
2585,5f5fc5368dab6941d130450b
2586,5f623311525cd364f527b5b5
2587,5f623551525cd364f527b694
2588,5f634a8e51fdc75476379214
2589,5f63dd3852270910f14aed25
2590,5f6690d5c3382a7e25359092
2591,5f686b1cc3382a7e25359d01
2592,5f686e99c3382a7e25359d13
2593,5f68a82c9ceda54196a3b5a3
2594,5f68bece8a615a31bfeda12b
2595,5f69bd6d8a615a31bfedc256
2596,5f69bf558a615a31bfedc25c
2597,5f69f36ea97c031af134622c
2598,5f69f533a97c031af13462f8
2599,5f69fad5a97c031af134651b
2600,5f69fc25a97c031af1346654
2601,5f6a0b61069de76420730581
2602,5f6b0260e6452eb06384db1e
2603,5f6b02ebe6452eb06384db1f
2604,5f6b32b0069de7642073237f
2605,5f6d803612f0a42a72b8aa16
2606,5f6d815412f0a42a72b8aa26
2607,5f6d827d12f0a42a72b8aa32
2608,5f6d849212f0a42a72b8aa47
2609,5f6d8b3053f833203dc1a7c4
2610,5f6db05012f0a42a72b8aab3
2611,5f722fbfa6b4a76784429e82
2612,5f741d351b80cf0acacadd0a
2613,5f741f3f1b80cf0acacadd0b
2614,5f741f44a6b4a7678442d3be
2615,5f741feba6b4a7678442d3c5
2616,5f75033e3a23983c9bceed37
2617,5f7566976e5383757fa2c2e2
2618,5f75680c6e5383757fa2c2ee
2619,5f7c06e4594bfd01c8208a1f
2620,5f7d4e8fb74f33033ee26eac
2621,5f7d54b4b74f33033ee26eb6
2622,5f7d5594b74f33033ee26ebc
2623,5f7d5676b74f33033ee26ec2
2624,5f7d5dd9b74f33033ee26ecf
2625,5f7d5eabb74f33033ee26ed5
2626,5f7d5f5eb74f33033ee26edb
2627,5f7d602cb74f33033ee26ee1
2628,5f7d60eeb74f33033ee26ee7
2629,5f7d616eb74f33033ee26eed
2630,5f7d634eb74f33033ee26efb
2631,5f7d65dbb74f33033ee26f03
2632,5f7d675bb74f33033ee26f10
2633,5f7d67fcb74f33033ee26f16
2634,5f7d68c9b74f33033ee26f1e
2635,5f7d693bb74f33033ee26f24
2636,5f7d69e9b74f33033ee26f2f
2637,5f7d6a65b74f33033ee26f35
2638,5f7d6b77b74f33033ee26f3e
2639,5f7d6c1cb74f33033ee26f44
2640,5f7d6d22b74f33033ee26f50
2641,5f7d6e00b74f33033ee26f5d
2642,5f7d7bafb74f33033ee26fe6
2643,5f7d7d02b74f33033ee26fec
2644,5f7d7daab74f33033ee26ff2
2645,5f7d7fa7b74f33033ee27002
2646,5f7d8049b74f33033ee27009
2647,5f7d80c1b74f33033ee27011
2648,5f7ea05f96d22b64215cec40
2649,5f807b80ec158173c1fb1472
2650,5f85f0ffade1700910da8c31
2651,5f86a341ade1700910da94dc
2652,5f86a3ccade1700910da94e2
2653,5f86a426ade1700910da94e7
2654,5f86a44eade1700910da94ed
2655,5f86a496ade1700910da94f7
2656,5f86a4edade1700910da94fd
2657,5f86a5e5ade1700910da9509
2658,5f86a625ade1700910da950f
2659,5f86a672ade1700910da9516
2660,5f86a6cdade1700910da951d
2661,5f86a720ade1700910da9523
2662,5f86a72cade1700910da9529
2663,5f86a7a7ade1700910da952f
2664,5f86a7d8ade1700910da9537
2665,5f874314925a8028f61114f2
2666,5f88e70b94df290e980fef06
2667,5f8b3ba8257a59549189c3b3
2668,5f8e54ce7cf9da2e9484e7d1
2669,5f8f91024d9fdc4def95ee2c
2670,5f931aeeb3663e329b10ff56
2671,5f931e5db3663e329b10fff6
2672,5f96dd69b3663e329b111afe
2673,5f9af06239fba64addce9431
2674,5fa17e68caad2a449ecf41a6
2675,5fa2503898293b13f9cf2022
2676,5fa3867d98293b13f9cf2024
2677,5fa38f37caad2a449ecf7d9b
2678,5fa4dd95caad2a449ecfa382
2679,5fa4de42caad2a449ecfa38a
2680,5fa8edc96dba6228e302dac1
2681,5fa8ef856dba6228e302dad2
2682,5fa8f1e46dba6228e302dadc
2683,5fa8f1ed6dba6228e302dae1
2684,5fa8f30a6dba6228e302dae7
2685,5faae3b75099054f1e37d3ba
2686,5fabb9015099054f1e37dd3d
2687,5fabbaea9f214850619e2b91
2688,5faee273a617751d6179a4b1
2689,5fb4b58e4139b9d4c5a86a68
2690,5fb6314d4139b9d4c5a86a6d
2691,5fb6dbb148bc045ae2b65b67
2692,5fb6dc7548bc045ae2b65b87
2693,5fb84abe48bc045ae2b67e0f
2694,5fc5ea0f4139b9d4c5a86a6f
2695,5fc5eab44139b9d4c5a86a70
2696,5fc5efea4139b9d4c5a86a71
2697,5fc73e301fe8c6c5a757f7fb
2698,5fc743e61fe8c6c5a757f7fc
2699,5fd761397bf84bded12f6928
2700,5fd764257bf84bded12f6929
2701,5fd764b47bf84bded12f692a
2702,5fd764da7bf84bded12f692b
2703,5fd7651a7bf84bded12f692c
2704,5fd853d14c5439dbfc0ef6ef
2705,5fd8587d4c5439dbfc0ef6f0
2706,5fdb146864f0042d7489bca3
2707,5fdb19e864f0042d7489bca6
2708,5fdc4fc44c5439dbfc0ef6f2
2709,5fdc6fd84c5439dbfc0ef6f3
2710,5fe0b88e49954d7e99ba9ed2
2711,5fe0b8f449954d7e99ba9ed3
2712,5fe0b93e49954d7e99ba9ed4
2713,5fe0b9a549954d7e99ba9ed5
2714,5fe0ba0049954d7e99ba9ed6
2715,5fe0ba5749954d7e99ba9ed7
2716,5fe0bb0549954d7e99ba9ed8
2717,5fe0bb5a49954d7e99ba9ed9
2718,5fe0bc2b49954d7e99ba9edb
2719,5fe0bc6f49954d7e99ba9edc
2720,5fe437ce6dc3ef0df12ad2d3
2721,5ff7e33298c2ac2953825e0e
2722,5ff7e3c798c2ac2953825e0f
2723,5ffd7c9a469a86e28635f510
2724,5ffd7cea469a86e28635f511
2725,60081251fe36fe29ae3ea024
2726,6008128cfe36fe29ae3ea025
2727,600812cdfe36fe29ae3ea026
2728,6008130afe36fe29ae3ea028
2729,60092a21fe36fe29ae3ea029
2730,600cb411b2a4b90fa1f29603
2731,60179d3343ca9c39151838d2
2732,60179f0f43ca9c39151838d3
2733,6018f5f3df73c64a581b5251
2734,601a36fedf73c64a581b5253
2735,601a4dafdf73c64a581b5256
2736,601a4e18df73c64a581b5257
2737,601b7c5f5acc81c2fb4a67f3
2738,601b7c9a5acc81c2fb4a67f4
2739,601b7d1c5acc81c2fb4a67f6
2740,601b8ea25acc81c2fb4a67f8
2741,60237deeb0d72c1812df6c51
2742,603412aa198f22701edc5149
2743,603cbaf78e8a66dc1f60f9cd
2744,603cbd728e8a66dc1f60f9ce
2745,6041d98e8b700c4ffad6d3fa
2746,6047214323e88e242074ebd0
2747,604721df23e88e242074ebd1
2748,604a38a9d26fbcb710e91788
2749,604a38a9d26fbcb710e9184e
2750,604a38a9d26fbcb710e919d0
2751,604a38a9d26fbcb710e91a83
2752,60525172330dfa4d0b34cd1f
2753,60550c15f7cb8b26c49db59e
2754,60586796d01d28c1b971d49c
2755,605a2b963c3903ffec66d02d
2756,605d7daa1c314d73aeb31f21
2757,605d7e401c314d73aeb31f23
2758,6062cba2255a351f283e8f47
2759,606c1f210f84228639669da9
2760,606c21040f84228639669daa
2761,606c220d0f84228639669dab
2762,606c22a70f84228639669dac
2763,606c26950f84228639669daf
2764,606c58cc0f84228639669db0
2765,606ff5bb2cb06d92f3809c34
2766,6087c845c2c112726e98a2b4
2767,608bd533fa27a80c2f133ee7
2768,60912be4a5fd4b56a4bafa6d
2769,60912f01a5fd4b56a4bafa6e
2770,60923f4fdb21ac285d1eeecd
2771,6092415adb21ac285d1eeece
