,0
0,5f2bca14ba0be61b0c1ca400
1,5f2bca14ba0be61b0c1ca4bb
2,5f2bca14ba0be61b0c1ca50c
3,5f2bca16ba0be61b0c1ca565
4,5f2bca16ba0be61b0c1ca648
5,5f2bca18ba0be61b0c1caa55
6,5f2bca18ba0be61b0c1cabc9
7,5f2bca1aba0be61b0c1cae19
8,5f2bca1aba0be61b0c1cae8b
9,5f2bca1aba0be61b0c1caec8
10,5f2bca1aba0be61b0c1caf03
11,5f2bca1aba0be61b0c1cb0cd
12,5f2bca1cba0be61b0c1cb292
13,5f2bca1cba0be61b0c1cb2b5
14,5f2bca1dba0be61b0c1cb2d5
15,5f2bca1fba0be61b0c1cb555
16,5f2bca1fba0be61b0c1cb5db
17,5f2bca1fba0be61b0c1cb742
18,5f2bca1fba0be61b0c1cb7e1
19,5f2bca1fba0be61b0c1cb7e6
20,5f2bca1fba0be61b0c1cb7e8
21,5f2bca1fba0be61b0c1cb884
22,5f2bca20ba0be61b0c1cb8ed
23,5f2bca20ba0be61b0c1cb946
24,5f2bca20ba0be61b0c1cb992
25,5f2bca20ba0be61b0c1cb998
26,5f2bca20ba0be61b0c1cb9ba
27,5f2bca20ba0be61b0c1cb9e9
28,5f2bca20ba0be61b0c1cba6d
29,5f2bca20ba0be61b0c1cba7d
30,5f2bca20ba0be61b0c1cbabc
31,5f2bca20ba0be61b0c1cbaec
32,5f2bca20ba0be61b0c1cbaf2
33,5f2bca20ba0be61b0c1cbb71
34,5f2bca20ba0be61b0c1cbb81
35,5f2bca20ba0be61b0c1cbbdd
36,5f2bca20ba0be61b0c1cbc3c
37,5f2bca20ba0be61b0c1cbc60
38,5f2bca20ba0be61b0c1cbc69
39,5f2bca20ba0be61b0c1cbc83
40,5f2bca21ba0be61b0c1cbd77
41,5f2bca21ba0be61b0c1cbe93
42,5f2bca21ba0be61b0c1cbeca
43,5f2bca21ba0be61b0c1cbecb
44,5f2bca21ba0be61b0c1cbed4
45,5f2bca21ba0be61b0c1cbf70
46,5f2bca21ba0be61b0c1cbfa9
47,5f2bca21ba0be61b0c1cbfc7
48,5f2bca21ba0be61b0c1cc05e
49,5f2bca22ba0be61b0c1cc0e0
50,5f2bca22ba0be61b0c1cc1b6
51,5f2bca22ba0be61b0c1cc1e0
52,5f2bca22ba0be61b0c1cc20e
53,5f2bca22ba0be61b0c1cc21e
54,5f2bca22ba0be61b0c1cc2ef
55,5f2bca22ba0be61b0c1cc3bb
56,5f2bca23ba0be61b0c1cc4d3
57,5f2bca23ba0be61b0c1cc4d4
58,5f2bca23ba0be61b0c1cc4e3
59,5f2bca23ba0be61b0c1cc539
60,5f2bca23ba0be61b0c1cc551
61,5f2bca23ba0be61b0c1cc5f6
62,5f2bca23ba0be61b0c1cc619
63,5f2bca23ba0be61b0c1cc636
64,5f2bca23ba0be61b0c1cc63a
65,5f2bca23ba0be61b0c1cc65d
66,5f2bca23ba0be61b0c1cc688
67,5f2bca23ba0be61b0c1cc6b7
68,5f2bca23ba0be61b0c1cc783
69,5f2bca24ba0be61b0c1cc805
70,5f2bca24ba0be61b0c1cc871
71,5f2bca25ba0be61b0c1cc9fc
72,5f2bca25ba0be61b0c1ccba1
73,5f2bca25ba0be61b0c1ccba7
74,5f2bca25ba0be61b0c1ccbff
75,5f2bca25ba0be61b0c1ccc3d
76,5f2bca26ba0be61b0c1ccd0c
77,5f2bca26ba0be61b0c1ccd0e
78,5f2bca26ba0be61b0c1ccd82
79,5f2bca26ba0be61b0c1ccdf3
80,5f2bca26ba0be61b0c1cceaf
81,5f2bca26ba0be61b0c1cceb8
82,5f2bca26ba0be61b0c1ccf5e
83,5f2bca27ba0be61b0c1cd0ec
84,5f2bca27ba0be61b0c1cd139
85,5f2bca27ba0be61b0c1cd1d8
86,5f2bca27ba0be61b0c1cd291
87,5f2bca27ba0be61b0c1cd2a2
88,5f2bca27ba0be61b0c1cd2f6
89,5f2bca27ba0be61b0c1cd37a
90,5f2bca27ba0be61b0c1cd399
91,5f2bca27ba0be61b0c1cd3c0
92,5f2bca28ba0be61b0c1cd451
93,5f2bca28ba0be61b0c1cd4a9
94,5f2bca28ba0be61b0c1cd4b4
95,5f2bca28ba0be61b0c1cd4cf
96,5f2bca28ba0be61b0c1cd4e5
97,5f2bca29ba0be61b0c1cd5cb
98,5f2bca29ba0be61b0c1cd64c
99,5f2bca29ba0be61b0c1cd64f
100,5f2bca29ba0be61b0c1cd6f7
101,5f2bca29ba0be61b0c1cd71f
102,5f2bca29ba0be61b0c1cd725
103,5f2bca29ba0be61b0c1cd75a
104,5f2bca29ba0be61b0c1cd7ed
105,5f2bca2aba0be61b0c1cd8b2
106,5f2bca2aba0be61b0c1cd9ee
107,5f2bca2aba0be61b0c1cda0c
108,5f2bca2cba0be61b0c1cdc9b
109,5f2bca2cba0be61b0c1cdcb2
110,5f2bca2cba0be61b0c1cdcbf
111,5f2bca2cba0be61b0c1cddb4
112,5f2bca2cba0be61b0c1cddca
113,5f2bca2cba0be61b0c1cddcb
114,5f2bca2cba0be61b0c1cddcc
115,5f2bca2cba0be61b0c1cde1f
116,5f2bca2cba0be61b0c1cdee9
117,5f2bca2cba0be61b0c1cdfdd
118,5f2bca2cba0be61b0c1cdff5
119,5f2bca2dba0be61b0c1ce0c3
120,5f2bca2dba0be61b0c1ce0f9
121,5f2bca2dba0be61b0c1ce11d
122,5f2bca2dba0be61b0c1ce225
123,5f2bca2dba0be61b0c1ce279
124,5f2bca2dba0be61b0c1ce281
125,5f2bca2dba0be61b0c1ce2cd
126,5f2bca2dba0be61b0c1ce326
127,5f2bca2dba0be61b0c1ce338
128,5f2bca2dba0be61b0c1ce389
129,5f2bca2dba0be61b0c1ce3a5
130,5f2bca2eba0be61b0c1ce529
131,5f2bca2fba0be61b0c1ce8af
132,5f2bca2fba0be61b0c1ceaf6
133,5f2bca30ba0be61b0c1cec89
134,5f2bca30ba0be61b0c1ceca0
135,5f2bca30ba0be61b0c1ceca8
136,5f2bca30ba0be61b0c1ceccf
137,5f2bca30ba0be61b0c1cecdd
138,5f2bca30ba0be61b0c1cecff
139,5f2bca30ba0be61b0c1cedae
140,5f2bca30ba0be61b0c1ceebd
141,5f2bca30ba0be61b0c1ceeca
142,5f2bca31ba0be61b0c1cf172
143,5f2bca31ba0be61b0c1cf203
144,5f2bca31ba0be61b0c1cf263
145,5f2bca31ba0be61b0c1cf321
146,5f2bca31ba0be61b0c1cf332
147,5f2bca32ba0be61b0c1cf3a7
148,5f2bca32ba0be61b0c1cf5bb
149,5f2bca33ba0be61b0c1cf797
150,5f2bca33ba0be61b0c1cf7a7
151,5f2bca33ba0be61b0c1cf860
152,5f2bca33ba0be61b0c1cf862
153,5f2bca33ba0be61b0c1cf864
154,5f2bca33ba0be61b0c1cface
155,5f2bca34ba0be61b0c1cfb6e
156,5f2bca34ba0be61b0c1cfb7b
157,5f2bca34ba0be61b0c1cfc62
158,5f2bca34ba0be61b0c1cfc80
159,5f2bca34ba0be61b0c1cfcad
160,5f2bca34ba0be61b0c1cfcc0
161,5f2bca35ba0be61b0c1cfe0d
162,5f2bca35ba0be61b0c1cfe3a
163,5f2bca35ba0be61b0c1cfe46
164,5f2bca35ba0be61b0c1cfe4c
165,5f2bca35ba0be61b0c1cfeab
166,5f2bca36ba0be61b0c1cffcd
167,5f2bca36ba0be61b0c1cffed
168,5f2bca36ba0be61b0c1d003c
169,5f2bca36ba0be61b0c1d0045
170,5f2bca36ba0be61b0c1d0094
171,5f2bca36ba0be61b0c1d00c7
172,5f2bca36ba0be61b0c1d00d9
173,5f2bca36ba0be61b0c1d0187
174,5f2bca36ba0be61b0c1d020e
175,5f2bca36ba0be61b0c1d0211
176,5f2bca36ba0be61b0c1d0289
177,5f2bca36ba0be61b0c1d02a0
178,5f2bca36ba0be61b0c1d02b6
179,5f2bca36ba0be61b0c1d02d8
180,5f2bca36ba0be61b0c1d02e2
181,5f2bca37ba0be61b0c1d0400
182,5f2bca37ba0be61b0c1d045a
183,5f2bca37ba0be61b0c1d04fe
184,5f2bca37ba0be61b0c1d0534
185,5f2bca37ba0be61b0c1d0574
186,5f2bca37ba0be61b0c1d0613
187,5f2bca37ba0be61b0c1d062b
188,5f2bca37ba0be61b0c1d0651
189,5f2bca37ba0be61b0c1d0664
190,5f2bca37ba0be61b0c1d066b
191,5f2bca38ba0be61b0c1d074f
192,5f2bca38ba0be61b0c1d0a0e
193,5f2bca38ba0be61b0c1d0a14
194,5f2bca39ba0be61b0c1d0bf7
195,5f2bca39ba0be61b0c1d0c09
196,5f2bca39ba0be61b0c1d0cdc
197,5f2bca39ba0be61b0c1d0d42
198,5f2bca3bba0be61b0c1d15c6
199,5f2bca3bba0be61b0c1d168f
200,5f2bca3cba0be61b0c1d16b6
201,5f2bca3eba0be61b0c1d1b33
202,5f2bca43ba0be61b0c1d2ad6
203,5f2bca45ba0be61b0c1d3532
204,5f2bca45ba0be61b0c1d35ae
205,5f2bca46ba0be61b0c1d36dd
206,5f2bca46ba0be61b0c1d3739
207,5f2bca46ba0be61b0c1d37bc
208,5f2bca46ba0be61b0c1d3866
209,5f2bca46ba0be61b0c1d38ae
210,5f2bca46ba0be61b0c1d3968
211,5f2bca47ba0be61b0c1d3a1d
212,5f2bca48ba0be61b0c1d3a74
213,5f2bca48ba0be61b0c1d3a90
214,5f2bca48ba0be61b0c1d3b46
215,5f2bca48ba0be61b0c1d3bfb
216,5f2bca48ba0be61b0c1d3c06
217,5f2bca49ba0be61b0c1d40c0
218,5f2bca4bba0be61b0c1d4479
219,5f2bca4bba0be61b0c1d4490
220,5f2bca4bba0be61b0c1d454f
221,5f2bca4cba0be61b0c1d4673
222,5f2bca4dba0be61b0c1d4a19
223,5f2bca4dba0be61b0c1d4cf4
224,5f2bca4fba0be61b0c1d4d8e
225,5f2bca4fba0be61b0c1d5070
226,5f2bca50ba0be61b0c1d51d8
227,5f2bca50ba0be61b0c1d52d0
228,5f2bca53ba0be61b0c1d5a40
229,5f2bca54ba0be61b0c1d5d17
230,5f2bca5bba0be61b0c1d6c61
231,5f2bca5bba0be61b0c1d6d63
232,5f2bca5bba0be61b0c1d6d88
233,5f2bca5cba0be61b0c1d7382
234,5f2bca61ba0be61b0c1d7f52
235,5f2bca61ba0be61b0c1d7fcc
236,5f2bca63ba0be61b0c1d8732
237,5f2bca65ba0be61b0c1d8c52
238,5f2bca68ba0be61b0c1d92f9
239,5f2bca6aba0be61b0c1d992b
240,5f2bca6bba0be61b0c1d9bfa
241,5f2bca6bba0be61b0c1d9dd0
242,5f2bca6cba0be61b0c1da2ab
243,5f2bca75ba0be61b0c1db96e
244,5f2bca75ba0be61b0c1dba5e
245,5f2bca77ba0be61b0c1dbb92
246,5f2bca77ba0be61b0c1dbbb8
247,5f2bca77ba0be61b0c1dc03c
248,5f2bca79ba0be61b0c1dc290
249,5f2bca79ba0be61b0c1dc2f4
250,5f2bca79ba0be61b0c1dc452
251,5f2bca79ba0be61b0c1dc47e
252,5f2bca79ba0be61b0c1dc502
253,5f2bca79ba0be61b0c1dc658
254,5f2bca7aba0be61b0c1dc91f
255,5f2bca7aba0be61b0c1dc94f
256,5f2bca7aba0be61b0c1dc9c9
257,5f2bca85ba0be61b0c1dd201
258,5f2bca87ba0be61b0c1dd90d
259,5f2bca8aba0be61b0c1de0f7
260,5f2bca8aba0be61b0c1de11d
261,5f2bca8aba0be61b0c1de18a
262,5f2bca8aba0be61b0c1de191
263,5f2bca8cba0be61b0c1de22a
264,5f2bca8cba0be61b0c1de235
265,5f2bca8cba0be61b0c1de2c5
266,5f2bca8cba0be61b0c1de2d1
267,5f2bca8cba0be61b0c1de2d7
268,5f2bca8cba0be61b0c1de388
269,5f2bca8cba0be61b0c1de46f
270,5f2bca8cba0be61b0c1de551
271,5f2bca8dba0be61b0c1de6c1
272,5f2bca8dba0be61b0c1de816
273,5f2bca8dba0be61b0c1de865
274,5f2bca8dba0be61b0c1de87d
275,5f2bca8dba0be61b0c1de934
276,5f2bca8fba0be61b0c1de9b0
277,5f2bca8fba0be61b0c1dea6f
278,5f2bca8fba0be61b0c1deba2
279,5f2bca8fba0be61b0c1dec57
280,5f2bca8fba0be61b0c1decd7
281,5f2bca8fba0be61b0c1ded16
282,5f2bca8fba0be61b0c1ded20
283,5f2bca90ba0be61b0c1ded90
284,5f2bca90ba0be61b0c1dee47
285,5f2bca90ba0be61b0c1def12
286,5f2bca90ba0be61b0c1defa8
287,5f2bcaa1ba0be61b0c1df168
288,5f2bcaa2ba0be61b0c1df20e
289,5f2bcaa2ba0be61b0c1df322
290,5f2bcaa2ba0be61b0c1df34b
291,5f2bcaa2ba0be61b0c1df3f2
292,5f2bcaa2ba0be61b0c1df486
293,5f2bcaa2ba0be61b0c1df4e1
294,5f2bcaa4ba0be61b0c1df56a
295,5f2bcaa4ba0be61b0c1df56d
296,5f2bcaa4ba0be61b0c1df57d
297,5f2bcaa4ba0be61b0c1df5c2
298,5f2bcaa4ba0be61b0c1df5e1
299,5f2bcaa4ba0be61b0c1df5e4
300,5f2bcaa4ba0be61b0c1df645
301,5f2bcaa4ba0be61b0c1df6da
302,5f2bcaa4ba0be61b0c1df856
303,5f2bcaa4ba0be61b0c1df878
304,5f2bcaa4ba0be61b0c1df8c1
305,5f2bcaa4ba0be61b0c1df954
306,5f2bcaa4ba0be61b0c1df964
307,5f2bcaa4ba0be61b0c1df96d
308,5f2bcaa4ba0be61b0c1df97c
309,5f2bcaa4ba0be61b0c1df9ab
310,5f2bcaa4ba0be61b0c1dfae2
311,5f2bcaa4ba0be61b0c1dfb56
312,5f2bcaa4ba0be61b0c1dfc04
313,5f2bcaa4ba0be61b0c1dfcd2
314,5f2bcaa6ba0be61b0c1dfddd
315,5f2bcaa6ba0be61b0c1dfefe
316,5f2bcaa6ba0be61b0c1dff08
317,5f2bcaa6ba0be61b0c1dff3d
318,5f2bcaa6ba0be61b0c1dff50
319,5f2bcaa6ba0be61b0c1dff51
320,5f2bcaa6ba0be61b0c1e0082
321,5f2bcaa6ba0be61b0c1e0095
322,5f2bcaa7ba0be61b0c1e021f
323,5f2bcaa7ba0be61b0c1e02c8
324,5f2bcaa7ba0be61b0c1e0383
325,5f2bcaa7ba0be61b0c1e03c6
326,5f2bcaa7ba0be61b0c1e03d1
327,5f2bcaa7ba0be61b0c1e0542
328,5f2bcaa7ba0be61b0c1e057c
329,5f2bcaa8ba0be61b0c1e05ff
330,5f2bcaa8ba0be61b0c1e06c4
331,5f2bcaa8ba0be61b0c1e0795
332,5f2bcaa9ba0be61b0c1e0a6a
333,5f2bcaa9ba0be61b0c1e0af1
334,5f2bcaabba0be61b0c1e1284
335,5f2bcab1ba0be61b0c1e206e
336,5f2bcab2ba0be61b0c1e2447
337,5f2bcab2ba0be61b0c1e263a
338,5f2bcab2ba0be61b0c1e2653
339,5f2bcab2ba0be61b0c1e26c2
340,5f2bcab2ba0be61b0c1e2784
341,5f2bcab3ba0be61b0c1e292b
342,5f2bcab3ba0be61b0c1e2ad8
343,5f2bcab7ba0be61b0c1e33e3
344,5f2bcabdba0be61b0c1e4a75
345,5f2bcabeba0be61b0c1e4b4a
346,5f2bcabfba0be61b0c1e525a
347,5f2bcac2ba0be61b0c1e5ad8
348,5f2bcac5ba0be61b0c1e6189
349,5f2bcac6ba0be61b0c1e65bf
350,5f2bcaceba0be61b0c1e7cfb
351,5f2bcad1ba0be61b0c1e85cd
352,5f2bcad6ba0be61b0c1e98c4
353,5f2bcad6ba0be61b0c1e98c9
354,5f2bcad6ba0be61b0c1e98de
355,5f2bcad6ba0be61b0c1e98e2
356,5f2bcad6ba0be61b0c1e9905
357,5f2bcad6ba0be61b0c1e9906
358,5f2bcad6ba0be61b0c1e9910
359,5f2bcad6ba0be61b0c1e9919
360,5f2bcad6ba0be61b0c1e9952
361,5f2bcad6ba0be61b0c1e9953
362,5f2bcad7ba0be61b0c1e9966
363,5f2bcad7ba0be61b0c1e9975
364,5f2bcad7ba0be61b0c1e9984
365,5f2bcad7ba0be61b0c1e998c
366,5f2bcad7ba0be61b0c1e9997
367,5f2bcad7ba0be61b0c1e99a8
368,5f2bcad7ba0be61b0c1e99ac
369,5f2bcad7ba0be61b0c1e99b6
370,5f2bcad7ba0be61b0c1e99b7
371,5f2bcad7ba0be61b0c1e99b8
372,5f2bcad7ba0be61b0c1e99b9
373,5f2bcad7ba0be61b0c1e99ca
374,5f2bcad7ba0be61b0c1e99d4
375,5f2bcad7ba0be61b0c1e99ff
376,5f2bcad7ba0be61b0c1e9a14
377,5f2bcad7ba0be61b0c1e9a2b
378,5f2bcad7ba0be61b0c1e9a4b
379,5f2bcad7ba0be61b0c1e9a52
380,5f2bcad7ba0be61b0c1e9a59
381,5f2bcad7ba0be61b0c1e9a5a
382,5f2bcad7ba0be61b0c1e9a67
383,5f2bcad7ba0be61b0c1e9a6b
384,5f2bcad7ba0be61b0c1e9a6e
385,5f2bcad7ba0be61b0c1e9a98
386,5f2bcad7ba0be61b0c1e9aa0
387,5f2bcad7ba0be61b0c1e9aa5
388,5f2bcad7ba0be61b0c1e9abd
389,5f2bcad7ba0be61b0c1e9abf
390,5f2bcad7ba0be61b0c1e9ac5
391,5f2bcad7ba0be61b0c1e9ad1
392,5f2bcad7ba0be61b0c1e9ad4
393,5f2bcad7ba0be61b0c1e9ad7
394,5f2bcad7ba0be61b0c1e9adf
395,5f2bcad7ba0be61b0c1e9ae5
396,5f2bcad7ba0be61b0c1e9aeb
397,5f2bcad7ba0be61b0c1e9aee
398,5f2bcad7ba0be61b0c1e9af0
399,5f2bcad7ba0be61b0c1e9af8
400,5f2bcad7ba0be61b0c1e9afa
401,5f2bcad7ba0be61b0c1e9b13
402,5f2bcad7ba0be61b0c1e9b20
403,5f2bcad7ba0be61b0c1e9b24
404,5f2bcad7ba0be61b0c1e9b31
405,5f2bcad7ba0be61b0c1e9b3c
406,5f2bcad7ba0be61b0c1e9b41
407,5f2bcad7ba0be61b0c1e9b51
408,5f2bcad7ba0be61b0c1e9b5d
409,5f2bcad7ba0be61b0c1e9b75
410,5f2bcad7ba0be61b0c1e9b7c
411,5f2bcad7ba0be61b0c1e9b85
412,5f2bcad7ba0be61b0c1e9b88
413,5f2bcad7ba0be61b0c1e9b8f
414,5f2bcad7ba0be61b0c1e9b94
415,5f2bcad7ba0be61b0c1e9b9b
416,5f2bcad7ba0be61b0c1e9b9d
417,5f2bcad7ba0be61b0c1e9b9f
418,5f2bcad7ba0be61b0c1e9ba7
419,5f2bcad7ba0be61b0c1e9bac
420,5f2bcad7ba0be61b0c1e9bad
421,5f2bcad7ba0be61b0c1e9bb2
422,5f2bcad7ba0be61b0c1e9bb8
423,5f2bcad7ba0be61b0c1e9bc2
424,5f2bcad7ba0be61b0c1e9be1
425,5f2bcad7ba0be61b0c1e9bef
426,5f2bcad7ba0be61b0c1e9bf3
427,5f2bcad7ba0be61b0c1e9c07
428,5f2bcad7ba0be61b0c1e9c08
429,5f2bcad7ba0be61b0c1e9c12
430,5f2bcad7ba0be61b0c1e9c37
431,5f2bcad7ba0be61b0c1e9c5c
432,5f2bcad7ba0be61b0c1e9c6c
433,5f2bcad7ba0be61b0c1e9c6e
434,5f2bcad7ba0be61b0c1e9c78
435,5f2bcad7ba0be61b0c1e9ca9
436,5f2bcad7ba0be61b0c1e9cb4
437,5f2bcad7ba0be61b0c1e9cb7
438,5f2bcad7ba0be61b0c1e9cbc
439,5f2bcad7ba0be61b0c1e9cc0
440,5f2bcad7ba0be61b0c1e9cc2
441,5f2bcad7ba0be61b0c1e9ccf
442,5f2bcad7ba0be61b0c1e9cd6
443,5f2bcad7ba0be61b0c1e9cf0
444,5f2bcad7ba0be61b0c1e9d03
445,5f2bcad7ba0be61b0c1e9d07
446,5f2bcad7ba0be61b0c1e9d08
447,5f2bcad7ba0be61b0c1e9d09
448,5f2bcad7ba0be61b0c1e9d0d
449,5f2bcad7ba0be61b0c1e9d10
450,5f2bcad7ba0be61b0c1e9d15
451,5f2bcad7ba0be61b0c1e9d29
452,5f2bcad7ba0be61b0c1e9d3c
453,5f2bcad8ba0be61b0c1e9d54
454,5f2bcad8ba0be61b0c1e9d5e
455,5f2bcad8ba0be61b0c1e9d69
456,5f2bcad8ba0be61b0c1e9d76
457,5f2bcad8ba0be61b0c1e9d78
458,5f2bcad8ba0be61b0c1e9d79
459,5f2bcad8ba0be61b0c1e9d84
460,5f2bcad8ba0be61b0c1e9d96
461,5f2bcad8ba0be61b0c1e9d98
462,5f2bcad8ba0be61b0c1e9db2
463,5f2bcad8ba0be61b0c1e9dbd
464,5f2bcad8ba0be61b0c1e9dd9
465,5f2bcad8ba0be61b0c1e9de8
466,5f2bcad8ba0be61b0c1e9df2
467,5f2bcad8ba0be61b0c1e9df3
468,5f2bcad8ba0be61b0c1e9dfa
469,5f2bcad8ba0be61b0c1e9e1c
470,5f2bcad8ba0be61b0c1e9e39
471,5f2bcad8ba0be61b0c1e9e90
472,5f2bcad8ba0be61b0c1e9e93
473,5f2bcad8ba0be61b0c1e9eba
474,5f2bcad8ba0be61b0c1e9ed5
475,5f2bcad8ba0be61b0c1e9ee5
476,5f2bcad8ba0be61b0c1e9ef2
477,5f2bcad8ba0be61b0c1e9f0a
478,5f2bcad8ba0be61b0c1e9f1c
479,5f2bcad8ba0be61b0c1e9f1e
480,5f2bcad8ba0be61b0c1e9f3b
481,5f2bcad8ba0be61b0c1e9f3e
482,5f2bcad8ba0be61b0c1e9f3f
483,5f2bcad8ba0be61b0c1e9f40
484,5f2bcad8ba0be61b0c1e9f41
485,5f2bcad8ba0be61b0c1e9f42
486,5f2bcad8ba0be61b0c1e9f43
487,5f2bcad8ba0be61b0c1e9f44
488,5f2bcad8ba0be61b0c1e9f65
489,5f2bcad8ba0be61b0c1e9f66
490,5f2bcad8ba0be61b0c1e9f73
491,5f2bcad8ba0be61b0c1e9f81
492,5f2bcad8ba0be61b0c1e9f84
493,5f2bcad8ba0be61b0c1e9ff9
494,5f2bcad8ba0be61b0c1e9ffd
495,5f2bcad8ba0be61b0c1ea002
496,5f2bcad8ba0be61b0c1ea0e5
497,5f2bcad8ba0be61b0c1ea0ef
498,5f2bcad8ba0be61b0c1ea0f0
499,5f2bcad8ba0be61b0c1ea102
500,5f2bcad8ba0be61b0c1ea11c
501,5f2bcadaba0be61b0c1ea133
502,5f2bcadaba0be61b0c1ea136
503,5f2bcadaba0be61b0c1ea144
504,5f2bcadaba0be61b0c1ea151
505,5f2bcadaba0be61b0c1ea155
506,5f2bcadaba0be61b0c1ea15a
507,5f2bcadaba0be61b0c1ea16c
508,5f2bcadaba0be61b0c1ea171
509,5f2bcadaba0be61b0c1ea19a
510,5f2bcadaba0be61b0c1ea19d
511,5f2bcadaba0be61b0c1ea1a2
512,5f2bcadaba0be61b0c1ea1b8
513,5f2bcadaba0be61b0c1ea1b9
514,5f2bcadaba0be61b0c1ea1dc
515,5f2bcadaba0be61b0c1ea1e1
516,5f2bcadaba0be61b0c1ea223
517,5f2bcadaba0be61b0c1ea446
518,5f2bcadbba0be61b0c1ea5a6
519,5f2bcadbba0be61b0c1ea5cc
520,5f2bcadbba0be61b0c1ea5d0
521,5f51fb52b6145139394ca18a
522,5f52ae6b1b1d8b39055e92ce
523,5f5a432cd5896b54d34ddeb7
524,5f5bad8a099cb3f26454528a
525,5f7566976e5383757fa2c2e2
526,5f75680c6e5383757fa2c2ee
527,5f7c06e4594bfd01c8208a1f
528,5f88e70b94df290e980fef06
529,5f8f91024d9fdc4def95ee2c
530,5fa3867d98293b13f9cf2024
531,6041d98e8b700c4ffad6d3fa
532,60586796d01d28c1b971d49c
533,605a2b963c3903ffec66d02d
