,_id,CATEGORY,DASH_CATEGORY
0,5f2bca13ba0be61b0c1ca177,NULL,D3
4,5f2bca14ba0be61b0c1ca23b,NULL,D3
6,5f2bca14ba0be61b0c1ca273,NULL,D3
7,5f2bca14ba0be61b0c1ca299,NULL,D3
9,5f2bca14ba0be61b0c1ca2a0,NULL,D3
10,5f2bca14ba0be61b0c1ca2a6,NULL,D3
11,5f2bca14ba0be61b0c1ca2a8,NULL,D3
12,5f2bca14ba0be61b0c1ca2aa,NULL,D3
13,5f2bca14ba0be61b0c1ca2e0,NULL,D3
14,5f2bca14ba0be61b0c1ca2fd,NULL,D3
16,5f2bca14ba0be61b0c1ca39e,NULL,D3
17,5f2bca14ba0be61b0c1ca3bd,NULL,D3
18,5f2bca14ba0be61b0c1ca400,NULL,D3
19,5f2bca14ba0be61b0c1ca405,NULL,D3
21,5f2bca14ba0be61b0c1ca413,NULL,D3
23,5f2bca14ba0be61b0c1ca472,NULL,D3
24,5f2bca14ba0be61b0c1ca484,NULL,D3
25,5f2bca14ba0be61b0c1ca486,NULL,D3
26,5f2bca14ba0be61b0c1ca4bb,NULL,D3
27,5f2bca14ba0be61b0c1ca4bc,NULL,D3
29,5f2bca14ba0be61b0c1ca4d7,NULL,D3
30,5f2bca14ba0be61b0c1ca4f0,NULL,D3
31,5f2bca14ba0be61b0c1ca4f2,NULL,D3
32,5f2bca14ba0be61b0c1ca504,NULL,D3
33,5f2bca14ba0be61b0c1ca50c,NULL,D3
34,5f2bca16ba0be61b0c1ca565,NULL,D3
35,5f2bca16ba0be61b0c1ca566,NULL,D3
37,5f2bca16ba0be61b0c1ca582,NULL,D3
38,5f2bca16ba0be61b0c1ca583,NULL,D3
40,5f2bca16ba0be61b0c1ca598,NULL,D3
41,5f2bca16ba0be61b0c1ca5be,NULL,D3
42,5f2bca16ba0be61b0c1ca5c9,NULL,D3
43,5f2bca16ba0be61b0c1ca5ed,NULL,D3
44,5f2bca16ba0be61b0c1ca5ee,NULL,D3
45,5f2bca16ba0be61b0c1ca619,NULL,D3
46,5f2bca16ba0be61b0c1ca648,NULL,D3
48,5f2bca16ba0be61b0c1ca672,NULL,D3
49,5f2bca16ba0be61b0c1ca6ae,NULL,D3
51,5f2bca16ba0be61b0c1ca755,NULL,D3
52,5f2bca16ba0be61b0c1ca771,NULL,D3
53,5f2bca16ba0be61b0c1ca7bc,NULL,D3
54,5f2bca16ba0be61b0c1ca7c9,NULL,D3
55,5f2bca16ba0be61b0c1ca7d6,NULL,D3
56,5f2bca16ba0be61b0c1ca827,NULL,D3
57,5f2bca16ba0be61b0c1ca835,NULL,D3
58,5f2bca16ba0be61b0c1ca853,NULL,D3
59,5f2bca16ba0be61b0c1ca854,NULL,D3
60,5f2bca16ba0be61b0c1ca857,NULL,D3
62,5f2bca16ba0be61b0c1ca87c,NULL,D3
64,5f2bca16ba0be61b0c1ca931,NULL,D3
65,5f2bca18ba0be61b0c1ca9df,NULL,D3
66,5f2bca18ba0be61b0c1ca9f9,NULL,D3
67,5f2bca18ba0be61b0c1caa55,NULL,D3
71,5f2bca18ba0be61b0c1caad0,NULL,D3
72,5f2bca18ba0be61b0c1cab12,NULL,D3
74,5f2bca18ba0be61b0c1cab30,NULL,D3
75,5f2bca18ba0be61b0c1cab33,NULL,D3
77,5f2bca18ba0be61b0c1cab81,NULL,D3
78,5f2bca18ba0be61b0c1cabb7,NULL,D3
79,5f2bca18ba0be61b0c1cabc9,NULL,D3
80,5f2bca18ba0be61b0c1cac69,NULL,D3
81,5f2bca18ba0be61b0c1cacbc,NULL,D3
82,5f2bca18ba0be61b0c1cacbd,NULL,D3
88,5f2bca1aba0be61b0c1cada6,NULL,D3
89,5f2bca1aba0be61b0c1cadc3,NULL,D3
90,5f2bca1aba0be61b0c1cadfb,NULL,D3
91,5f2bca1aba0be61b0c1cae16,NULL,D3
92,5f2bca1aba0be61b0c1cae19,NULL,D3
94,5f2bca1aba0be61b0c1cae8b,NULL,D3
95,5f2bca1aba0be61b0c1caec8,NULL,D3
97,5f2bca1aba0be61b0c1caf03,NULL,D3
99,5f2bca1aba0be61b0c1caf6a,NULL,D3
100,5f2bca1aba0be61b0c1caf6b,NULL,D3
101,5f2bca1aba0be61b0c1caf8b,NULL,D3
103,5f2bca1aba0be61b0c1cafcf,NULL,D3
104,5f2bca1aba0be61b0c1cb052,NULL,D3
106,5f2bca1aba0be61b0c1cb0cd,NULL,D3
107,5f2bca1cba0be61b0c1cb13f,NULL,D3
110,5f2bca1cba0be61b0c1cb1a8,NULL,D3
111,5f2bca1cba0be61b0c1cb1dc,NULL,D3
112,5f2bca1cba0be61b0c1cb1f4,NULL,D3
113,5f2bca1cba0be61b0c1cb201,NULL,D3
116,5f2bca1cba0be61b0c1cb292,NULL,D3
117,5f2bca1cba0be61b0c1cb2b5,NULL,D3
118,5f2bca1cba0be61b0c1cb2bf,NULL,D3
119,5f2bca1dba0be61b0c1cb2d5,NULL,D3
121,5f2bca1dba0be61b0c1cb2e9,NULL,D3
122,5f2bca1dba0be61b0c1cb30e,NULL,D3
123,5f2bca1dba0be61b0c1cb35b,NULL,D3
124,5f2bca1dba0be61b0c1cb363,NULL,D3
125,5f2bca1dba0be61b0c1cb3a1,NULL,D3
127,5f2bca1fba0be61b0c1cb50a,NULL,D3
128,5f2bca1fba0be61b0c1cb555,NULL,D3
129,5f2bca1fba0be61b0c1cb5db,NULL,D3
130,5f2bca1fba0be61b0c1cb607,NULL,D3
133,5f2bca1fba0be61b0c1cb701,NULL,D3
134,5f2bca1fba0be61b0c1cb733,NULL,D3
135,5f2bca1fba0be61b0c1cb742,San Jose Unified School District,D3
138,5f2bca1fba0be61b0c1cb75b,NULL,D3
139,5f2bca1fba0be61b0c1cb761,NULL,D3
140,5f2bca1fba0be61b0c1cb763,NULL,D3
150,5f2bca1fba0be61b0c1cb7e1,San Jose Unified School District,D3
153,5f2bca1fba0be61b0c1cb7e6,NULL,D3
154,5f2bca1fba0be61b0c1cb7e8,San Jose Unified School District,D3
164,5f2bca1fba0be61b0c1cb884,San Jose Unified School District,D3
166,5f2bca1fba0be61b0c1cb8a4,NULL,D3
167,5f2bca1fba0be61b0c1cb8cb,NULL,D3
170,5f2bca20ba0be61b0c1cb8ed,NULL,D3
173,5f2bca20ba0be61b0c1cb909,NULL,D3
178,5f2bca20ba0be61b0c1cb93d,NULL,D3
179,5f2bca20ba0be61b0c1cb946,NULL,D3
189,5f2bca20ba0be61b0c1cb992,NULL,D3
191,5f2bca20ba0be61b0c1cb998,Null,D3
192,5f2bca20ba0be61b0c1cb9ba,NULL,D3
196,5f2bca20ba0be61b0c1cb9e9,NULL,D3
203,5f2bca20ba0be61b0c1cba18,NULL,D3
204,5f2bca20ba0be61b0c1cba24,NULL,D3
205,5f2bca20ba0be61b0c1cba2a,NULL,D3
212,5f2bca20ba0be61b0c1cba5e,NULL,D3
213,5f2bca20ba0be61b0c1cba6d,NULL,D3
214,5f2bca20ba0be61b0c1cba7d,San Jose Unified School District,D3
215,5f2bca20ba0be61b0c1cba94,NULL,D3
218,5f2bca20ba0be61b0c1cbab2,NULL,D3
223,5f2bca20ba0be61b0c1cbabc,San Jose Unified School District,D3
229,5f2bca20ba0be61b0c1cbaec,NULL,D3
230,5f2bca20ba0be61b0c1cbaf0,NULL,D3
231,5f2bca20ba0be61b0c1cbaf1,NULL,D3
232,5f2bca20ba0be61b0c1cbaf2,NULL,D3
234,5f2bca20ba0be61b0c1cbb1f,NULL,D3
239,5f2bca20ba0be61b0c1cbb6f,NULL,D3
240,5f2bca20ba0be61b0c1cbb71,NULL,D3
242,5f2bca20ba0be61b0c1cbb81,NULL,D3
244,5f2bca20ba0be61b0c1cbbab,NULL,D3
248,5f2bca20ba0be61b0c1cbbdd,San Jose Unified School District,D3
255,5f2bca20ba0be61b0c1cbc25,NULL,D3
257,5f2bca20ba0be61b0c1cbc3c,NULL,D3
261,5f2bca20ba0be61b0c1cbc60,San Jose Unified School District,D3
264,5f2bca20ba0be61b0c1cbc69,NULL,D3
268,5f2bca20ba0be61b0c1cbc83,NULL,D3
275,5f2bca21ba0be61b0c1cbd11,NULL,D3
276,5f2bca21ba0be61b0c1cbd17,NULL,D3
286,5f2bca21ba0be61b0c1cbd77,NULL,D3
289,5f2bca21ba0be61b0c1cbd95,NULL,D3
290,5f2bca21ba0be61b0c1cbd9d,NULL,D3
299,5f2bca21ba0be61b0c1cbe01,NULL,D3
301,5f2bca21ba0be61b0c1cbe0f,NULL,D3
311,5f2bca21ba0be61b0c1cbe93,NULL,D3
313,5f2bca21ba0be61b0c1cbeca,Boulder Valley School District,D3
314,5f2bca21ba0be61b0c1cbecb,NULL,D3
315,5f2bca21ba0be61b0c1cbed4,NULL,D3
321,5f2bca21ba0be61b0c1cbf16,NULL,D3
324,5f2bca21ba0be61b0c1cbf38,NULL,D3
331,5f2bca21ba0be61b0c1cbf70,NULL,D3
332,5f2bca21ba0be61b0c1cbf92,NULL,D3
334,5f2bca21ba0be61b0c1cbfa6,NULL,D3
335,5f2bca21ba0be61b0c1cbfa9,NULL,D3
337,5f2bca21ba0be61b0c1cbfc7,NULL,D3
339,5f2bca21ba0be61b0c1cbfda,NULL,D3
343,5f2bca21ba0be61b0c1cc02d,NULL,D3
345,5f2bca21ba0be61b0c1cc05e,NULL,D3
348,5f2bca21ba0be61b0c1cc0a0,NULL,D3
349,5f2bca21ba0be61b0c1cc0b2,NULL,D3
353,5f2bca22ba0be61b0c1cc0e0,NULL,D3
357,5f2bca22ba0be61b0c1cc10f,NULL,D3
359,5f2bca22ba0be61b0c1cc156,NULL,D3
368,5f2bca22ba0be61b0c1cc1b6,San Jose Unified School District,D3
372,5f2bca22ba0be61b0c1cc1e0,San Jose Unified School District,D3
373,5f2bca22ba0be61b0c1cc1e7,NULL,D3
377,5f2bca22ba0be61b0c1cc20e,NULL,D3
379,5f2bca22ba0be61b0c1cc214,NULL,D3
380,5f2bca22ba0be61b0c1cc21e,NULL,D3
393,5f2bca22ba0be61b0c1cc2c3,NULL,D3
394,5f2bca22ba0be61b0c1cc2d0,NULL,D3
395,5f2bca22ba0be61b0c1cc2d4,NULL,D3
396,5f2bca22ba0be61b0c1cc2e4,NULL,D3
397,5f2bca22ba0be61b0c1cc2ef,NULL,D3
409,5f2bca22ba0be61b0c1cc3bb,San Jose Unified School District,D3
410,5f2bca22ba0be61b0c1cc3bc,NULL,D3
422,5f2bca22ba0be61b0c1cc45c,NULL,D3
429,5f2bca23ba0be61b0c1cc4a7,NULL,D3
434,5f2bca23ba0be61b0c1cc4d3,San Jose Unified School District,D3
435,5f2bca23ba0be61b0c1cc4d4,NULL,D3
437,5f2bca23ba0be61b0c1cc4e3,San Jose Unified School District,D3
441,5f2bca23ba0be61b0c1cc510,NULL,D3
443,5f2bca23ba0be61b0c1cc51e,NULL,D3
446,5f2bca23ba0be61b0c1cc539,San Jose Unified School District,D3
450,5f2bca23ba0be61b0c1cc551,San Jose Unified School District,D3
462,5f2bca23ba0be61b0c1cc5d8,NULL,D3
464,5f2bca23ba0be61b0c1cc5f6,San Jose Unified School District,D3
467,5f2bca23ba0be61b0c1cc619,NULL,D3
468,5f2bca23ba0be61b0c1cc62c,NULL,D3
469,5f2bca23ba0be61b0c1cc636,NULL,D3
470,5f2bca23ba0be61b0c1cc63a,Null,D3
474,5f2bca23ba0be61b0c1cc65d,NULL,D3
476,5f2bca23ba0be61b0c1cc666,NULL,D3
477,5f2bca23ba0be61b0c1cc676,NULL,D3
479,5f2bca23ba0be61b0c1cc681,NULL,D3
483,5f2bca23ba0be61b0c1cc688,NULL,D3
484,5f2bca23ba0be61b0c1cc691,NULL,D3
491,5f2bca23ba0be61b0c1cc6a7,NULL,D3
492,5f2bca23ba0be61b0c1cc6b3,NULL,D3
494,5f2bca23ba0be61b0c1cc6b7,San Jose Unified School District,D3
500,5f2bca23ba0be61b0c1cc705,NULL,D3
505,5f2bca23ba0be61b0c1cc756,NULL,D3
511,5f2bca23ba0be61b0c1cc783,NULL,D3
518,5f2bca24ba0be61b0c1cc805,NULL,D3
528,5f2bca24ba0be61b0c1cc871,San Jose Unified School District,D3
539,5f2bca25ba0be61b0c1cc91b,NULL,D3
542,5f2bca25ba0be61b0c1cc961,NULL,D3
543,5f2bca25ba0be61b0c1cc962,NULL,D3
544,5f2bca25ba0be61b0c1cc964,NULL,D3
545,5f2bca25ba0be61b0c1cc967,NULL,D3
550,5f2bca25ba0be61b0c1cc991,NULL,D3
551,5f2bca25ba0be61b0c1cc997,NULL,D3
555,5f2bca25ba0be61b0c1cc9b4,NULL,D3
558,5f2bca25ba0be61b0c1cc9fc,NULL,D3
566,5f2bca25ba0be61b0c1cca8b,NULL,D3
576,5f2bca25ba0be61b0c1ccb0f,NULL,D3
582,5f2bca25ba0be61b0c1ccb71,NULL,D3
590,5f2bca25ba0be61b0c1ccba1,NULL,D3
592,5f2bca25ba0be61b0c1ccba7,San Jose Unified School District,D3
598,5f2bca25ba0be61b0c1ccbd6,NULL,D3
599,5f2bca25ba0be61b0c1ccbff,San Jose Unified School District,D3
602,5f2bca25ba0be61b0c1ccc3d,NULL,D3
603,5f2bca25ba0be61b0c1ccc46,NULL,D3
605,5f2bca25ba0be61b0c1ccc55,NULL,D3
611,5f2bca26ba0be61b0c1ccc82,NULL,D3
613,5f2bca26ba0be61b0c1ccc87,NULL,D3
615,5f2bca26ba0be61b0c1ccc94,NULL,D3
616,5f2bca26ba0be61b0c1ccc95,NULL,D3
622,5f2bca26ba0be61b0c1cccd8,NULL,D3
626,5f2bca26ba0be61b0c1ccd0c,NULL,D3
627,5f2bca26ba0be61b0c1ccd0e,NULL,D3
642,5f2bca26ba0be61b0c1ccd82,NULL,D3
646,5f2bca26ba0be61b0c1ccda6,NULL,D3
650,5f2bca26ba0be61b0c1ccdf3,San Jose Unified School District,D3
655,5f2bca26ba0be61b0c1cce50,NULL,D3
660,5f2bca26ba0be61b0c1cceaf,NULL,D3
661,5f2bca26ba0be61b0c1cceb8,NULL,D3
666,5f2bca26ba0be61b0c1ccf2a,NULL,D3
667,5f2bca26ba0be61b0c1ccf2b,NULL,D3
669,5f2bca26ba0be61b0c1ccf5e,NULL,D3
671,5f2bca26ba0be61b0c1ccf6b,NULL,D3
682,5f2bca26ba0be61b0c1ccfe7,NULL,D3
685,5f2bca26ba0be61b0c1cd017,NULL,D3
688,5f2bca27ba0be61b0c1cd057,NULL,D3
689,5f2bca27ba0be61b0c1cd05e,NULL,D3
694,5f2bca27ba0be61b0c1cd0d0,NULL,D3
695,5f2bca27ba0be61b0c1cd0d3,NULL,D3
701,5f2bca27ba0be61b0c1cd0ec,NULL,D3
703,5f2bca27ba0be61b0c1cd131,NULL,D3
705,5f2bca27ba0be61b0c1cd139,NULL,D3
715,5f2bca27ba0be61b0c1cd1d8,NULL,D3
717,5f2bca27ba0be61b0c1cd1df,NULL,D3
722,5f2bca27ba0be61b0c1cd217,NULL,D3
729,5f2bca27ba0be61b0c1cd255,NULL,D3
732,5f2bca27ba0be61b0c1cd275,NULL,D3
735,5f2bca27ba0be61b0c1cd291,NULL,D3
736,5f2bca27ba0be61b0c1cd2a2,San Jose Unified School District,D3
741,5f2bca27ba0be61b0c1cd2f6,San Jose Unified School District,D3
744,5f2bca27ba0be61b0c1cd353,NULL,D3
746,5f2bca27ba0be61b0c1cd37a,NULL,D3
747,5f2bca27ba0be61b0c1cd383,NULL,D3
749,5f2bca27ba0be61b0c1cd399,NULL,D3
750,5f2bca27ba0be61b0c1cd3a3,NULL,D3
751,5f2bca27ba0be61b0c1cd3c0,San Jose Unified School District,D3
759,5f2bca28ba0be61b0c1cd451,San Jose Unified School District,D3
763,5f2bca28ba0be61b0c1cd477,NULL,D3
765,5f2bca28ba0be61b0c1cd491,NULL,D3
766,5f2bca28ba0be61b0c1cd499,NULL,D3
767,5f2bca28ba0be61b0c1cd4a1,NULL,D3
768,5f2bca28ba0be61b0c1cd4a9,NULL,D3
769,5f2bca28ba0be61b0c1cd4b4,NULL,D3
771,5f2bca28ba0be61b0c1cd4cf,NULL,D3
774,5f2bca28ba0be61b0c1cd4e5,San Jose Unified School District,D3
775,5f2bca28ba0be61b0c1cd4fa,NULL,D3
776,5f2bca28ba0be61b0c1cd4fb,NULL,D3
781,5f2bca28ba0be61b0c1cd52b,NULL,D3
784,5f2bca28ba0be61b0c1cd552,NULL,D3
795,5f2bca29ba0be61b0c1cd5cb,NULL,D3
800,5f2bca29ba0be61b0c1cd604,NULL,D3
807,5f2bca29ba0be61b0c1cd64c,San Jose Unified School District,D3
808,5f2bca29ba0be61b0c1cd64f,San Jose Unified School District,D3
819,5f2bca29ba0be61b0c1cd6eb,NULL,D3
821,5f2bca29ba0be61b0c1cd6f7,San Jose Unified School District,D3
823,5f2bca29ba0be61b0c1cd71f,San Jose Unified School District,D3
824,5f2bca29ba0be61b0c1cd725,NULL,D3
827,5f2bca29ba0be61b0c1cd75a,NULL,D3
829,5f2bca29ba0be61b0c1cd771,NULL,D3
831,5f2bca29ba0be61b0c1cd776,NULL,D3
833,5f2bca29ba0be61b0c1cd789,NULL,D3
835,5f2bca29ba0be61b0c1cd793,NULL,D3
836,5f2bca29ba0be61b0c1cd7a7,NULL,D3
840,5f2bca29ba0be61b0c1cd7ed,San Jose Unified School District,D3
843,5f2bca2aba0be61b0c1cd833,NULL,D3
844,5f2bca2aba0be61b0c1cd835,NULL,D3
845,5f2bca2aba0be61b0c1cd844,NULL,D3
852,5f2bca2aba0be61b0c1cd8b2,NULL,D3
866,5f2bca2aba0be61b0c1cd9ee,San Jose Unified School District,D3
869,5f2bca2aba0be61b0c1cda0c,NULL,D3
873,5f2bca2aba0be61b0c1cda44,NULL,D3
876,5f2bca2aba0be61b0c1cda5d,NULL,D3
890,5f2bca2aba0be61b0c1cdb3f,NULL,D3
896,5f2bca2aba0be61b0c1cdb89,NULL,D3
903,5f2bca2aba0be61b0c1cdbbc,NULL,D3
909,5f2bca2cba0be61b0c1cdc2c,NULL,D3
913,5f2bca2cba0be61b0c1cdc61,NULL,D3
916,5f2bca2cba0be61b0c1cdc9b,San Jose Unified School District,D3
918,5f2bca2cba0be61b0c1cdcb2,NULL,D3
919,5f2bca2cba0be61b0c1cdcb8,NULL,D3
920,5f2bca2cba0be61b0c1cdcbf,NULL,D3
922,5f2bca2cba0be61b0c1cdcea,NULL,D3
924,5f2bca2cba0be61b0c1cdcf5,NULL,D3
927,5f2bca2cba0be61b0c1cdd1f,NULL,D3
935,5f2bca2cba0be61b0c1cddb4,San Jose Unified School District,D3
937,5f2bca2cba0be61b0c1cddba,NULL,D3
938,5f2bca2cba0be61b0c1cddca,San Jose Unified School District,D3
939,5f2bca2cba0be61b0c1cddcb,San Jose Unified School District,D3
940,5f2bca2cba0be61b0c1cddcc,San Jose Unified School District,D3
942,5f2bca2cba0be61b0c1cdde0,NULL,D3
943,5f2bca2cba0be61b0c1cddee,NULL,D3
949,5f2bca2cba0be61b0c1cde1f,NULL,D3
952,5f2bca2cba0be61b0c1cde33,NULL,D3
954,5f2bca2cba0be61b0c1cde94,NULL,D3
957,5f2bca2cba0be61b0c1cdee9,Boulder Valley School District,D3
962,5f2bca2cba0be61b0c1cdf1e,NULL,D3
963,5f2bca2cba0be61b0c1cdf67,NULL,D3
965,5f2bca2cba0be61b0c1cdf80,NULL,D3
967,5f2bca2cba0be61b0c1cdf99,NULL,D3
969,5f2bca2cba0be61b0c1cdfb5,NULL,D3
970,5f2bca2cba0be61b0c1cdfbe,NULL,D3
971,5f2bca2cba0be61b0c1cdfdd,Boulder Valley School District,D3
972,5f2bca2cba0be61b0c1cdfe2,NULL,D3
973,5f2bca2cba0be61b0c1cdff5,Boulder Valley School District,D3
974,5f2bca2dba0be61b0c1ce04c,NULL,D3
977,5f2bca2dba0be61b0c1ce072,NULL,D3
978,5f2bca2dba0be61b0c1ce0c3,Boulder Valley School District,D3
980,5f2bca2dba0be61b0c1ce0ee,NULL,D3
981,5f2bca2dba0be61b0c1ce0f9,NULL,D3
983,5f2bca2dba0be61b0c1ce11c,NULL,D3
984,5f2bca2dba0be61b0c1ce11d,NULL,D3
985,5f2bca2dba0be61b0c1ce193,NULL,D3
986,5f2bca2dba0be61b0c1ce199,NULL,D3
989,5f2bca2dba0be61b0c1ce1d1,NULL,D3
990,5f2bca2dba0be61b0c1ce225,Boulder Valley School District,D3
993,5f2bca2dba0be61b0c1ce279,Boulder Valley School District,D3
994,5f2bca2dba0be61b0c1ce281,NULL,D3
996,5f2bca2dba0be61b0c1ce293,NULL,D3
997,5f2bca2dba0be61b0c1ce2cd,Boulder Valley School District,D3
999,5f2bca2dba0be61b0c1ce2fe,NULL,D3
1001,5f2bca2dba0be61b0c1ce326,Boulder Valley School District,D3
1002,5f2bca2dba0be61b0c1ce32c,NULL,D3
1003,5f2bca2dba0be61b0c1ce338,NULL,D3
1005,5f2bca2dba0be61b0c1ce36c,NULL,D3
1006,5f2bca2dba0be61b0c1ce389,NULL,D3
1007,5f2bca2dba0be61b0c1ce3a5,Boulder Valley School District,D3
1010,5f2bca2eba0be61b0c1ce424,NULL,D3
1011,5f2bca2eba0be61b0c1ce440,NULL,D3
1014,5f2bca2eba0be61b0c1ce4d5,NULL,D3
1015,5f2bca2eba0be61b0c1ce4f3,NULL,D3
1016,5f2bca2eba0be61b0c1ce529,Boulder Valley School District,D3
1017,5f2bca2eba0be61b0c1ce537,NULL,D3
1018,5f2bca2eba0be61b0c1ce576,NULL,D3
1019,5f2bca2eba0be61b0c1ce5c9,NULL,D3
1021,5f2bca2eba0be61b0c1ce6ce,NULL,D3
1022,5f2bca2eba0be61b0c1ce6fd,NULL,D3
1024,5f2bca2eba0be61b0c1ce738,NULL,D3
1025,5f2bca2fba0be61b0c1ce805,NULL,D3
1027,5f2bca2fba0be61b0c1ce835,NULL,D3
1029,5f2bca2fba0be61b0c1ce8af,NULL,D3
1030,5f2bca2fba0be61b0c1ce8fc,NULL,D3
1032,5f2bca2fba0be61b0c1ce9a1,NULL,D3
1036,5f2bca2fba0be61b0c1cea2c,NULL,D3
1037,5f2bca2fba0be61b0c1cea9b,NULL,D3
1038,5f2bca2fba0be61b0c1ceabc,NULL,D3
1040,5f2bca2fba0be61b0c1ceaf6,NULL,D3
1041,5f2bca2fba0be61b0c1ceb09,NULL,D3
1044,5f2bca30ba0be61b0c1cec01,NULL,D3
1053,5f2bca30ba0be61b0c1cec89,Manatee County School District,D3
1058,5f2bca30ba0be61b0c1ceca0,Null,D3
1060,5f2bca30ba0be61b0c1ceca8,Null,D3
1067,5f2bca30ba0be61b0c1ceccf,Manatee County School District,D3
1068,5f2bca30ba0be61b0c1cecd3,Hillsborough County,D3
1070,5f2bca30ba0be61b0c1cecdd,Manatee County School District,D3
1078,5f2bca30ba0be61b0c1cecff,Null,D3
1095,5f2bca30ba0be61b0c1ced55,NULL,D3
1113,5f2bca30ba0be61b0c1cedae,Null,D3
1136,5f2bca30ba0be61b0c1cee5c,NULL,D3
1155,5f2bca30ba0be61b0c1ceebd,Null,D3
1159,5f2bca30ba0be61b0c1ceeca,Null,D3
1226,5f2bca31ba0be61b0c1cf0b2,NULL,D3
1231,5f2bca31ba0be61b0c1cf0eb,NULL,D3
1236,5f2bca31ba0be61b0c1cf0f9,NULL,D3
1245,5f2bca31ba0be61b0c1cf145,NULL,D3
1251,5f2bca31ba0be61b0c1cf172,Manatee County School District,D3
1271,5f2bca31ba0be61b0c1cf203,Null,D3
1281,5f2bca31ba0be61b0c1cf263,Null,D3
1291,5f2bca31ba0be61b0c1cf2f1,NULL,D3
1295,5f2bca31ba0be61b0c1cf31a,NULL,D3
1296,5f2bca31ba0be61b0c1cf321,Miami-Dade County Public Schools,D3
1298,5f2bca31ba0be61b0c1cf332,Null,D3
1302,5f2bca31ba0be61b0c1cf35c,NULL,D3
1309,5f2bca32ba0be61b0c1cf3a7,NULL,D3
1322,5f2bca32ba0be61b0c1cf3fb,NULL,D3
1337,5f2bca32ba0be61b0c1cf478,NULL,D3
1357,5f2bca32ba0be61b0c1cf4ee,NULL,D3
1358,5f2bca32ba0be61b0c1cf4f3,NULL,D3
1359,5f2bca32ba0be61b0c1cf4f7,NULL,D3
1372,5f2bca32ba0be61b0c1cf538,NULL,D3
1393,5f2bca32ba0be61b0c1cf5bb,Manatee County School District,D3
1394,5f2bca32ba0be61b0c1cf5c7,NULL,D3
1395,5f2bca32ba0be61b0c1cf5d3,NULL,D3
1417,5f2bca32ba0be61b0c1cf64b,NULL,D3
1426,5f2bca32ba0be61b0c1cf6c7,NULL,D3
1462,5f2bca33ba0be61b0c1cf797,NULL,D3
1465,5f2bca33ba0be61b0c1cf7a7,Null,D3
1478,5f2bca33ba0be61b0c1cf801,NULL,D3
1480,5f2bca33ba0be61b0c1cf818,NULL,D3
1489,5f2bca33ba0be61b0c1cf860,Manatee County School District,D3
1490,5f2bca33ba0be61b0c1cf862,Null,D3
1491,5f2bca33ba0be61b0c1cf864,Manatee County School District,D3
1527,5f2bca33ba0be61b0c1cf920,NULL,D3
1564,5f2bca33ba0be61b0c1cfa1c,NULL,D3
1573,5f2bca33ba0be61b0c1cfa63,NULL,D3
1590,5f2bca33ba0be61b0c1cface,NULL,D3
1592,5f2bca33ba0be61b0c1cfad7,NULL,D3
1595,5f2bca33ba0be61b0c1cfae0,NULL,D3
1600,5f2bca33ba0be61b0c1cfb06,NULL,D3
1608,5f2bca34ba0be61b0c1cfb6e,NULL,D3
1611,5f2bca34ba0be61b0c1cfb7b,NULL,D3
1622,5f2bca34ba0be61b0c1cfbb0,NULL,D3
1638,5f2bca34ba0be61b0c1cfc02,NULL,D3
1640,5f2bca34ba0be61b0c1cfc0a,Pinellas County Schools,D3
1643,5f2bca34ba0be61b0c1cfc45,NULL,D3
1644,5f2bca34ba0be61b0c1cfc62,Griffin-Spalding County School System,D3
1645,5f2bca34ba0be61b0c1cfc7e,NULL,D3
1646,5f2bca34ba0be61b0c1cfc80,Griffin-Spalding County School System,D3
1647,5f2bca34ba0be61b0c1cfcad,NULL,D3
1648,5f2bca34ba0be61b0c1cfcaf,NULL,D3
1649,5f2bca34ba0be61b0c1cfcc0,Griffin-Spalding County School System,D3
1650,5f2bca34ba0be61b0c1cfcdc,NULL,D3
1652,5f2bca34ba0be61b0c1cfd1e,NULL,D3
1654,5f2bca35ba0be61b0c1cfe0d,Fulton County School System,D3
1655,5f2bca35ba0be61b0c1cfe3a,Griffin-Spalding County School System,D3
1656,5f2bca35ba0be61b0c1cfe46,Fulton County School System,D3
1657,5f2bca35ba0be61b0c1cfe4c,Griffin-Spalding County School System,D3
1659,5f2bca35ba0be61b0c1cfeab,Fulton County School System,D3
1661,5f2bca36ba0be61b0c1cffcd,Griffin-Spalding County School System,D3
1662,5f2bca36ba0be61b0c1cffed,Fulton County School System,D3
1663,5f2bca36ba0be61b0c1d000c,NULL,D3
1664,5f2bca36ba0be61b0c1d003c,Fulton County School System,D3
1665,5f2bca36ba0be61b0c1d0045,Fulton County School System,D3
1666,5f2bca36ba0be61b0c1d0074,NULL,D3
1667,5f2bca36ba0be61b0c1d0094,Griffin-Spalding County School System,D3
1668,5f2bca36ba0be61b0c1d00c7,Griffin-Spalding County School System,D3
1669,5f2bca36ba0be61b0c1d00d9,Griffin-Spalding County School System,D3
1672,5f2bca36ba0be61b0c1d0187,Griffin-Spalding County School System,D3
1674,5f2bca36ba0be61b0c1d020e,Griffin-Spalding County School System,D3
1675,5f2bca36ba0be61b0c1d0211,Griffin-Spalding County School System,D3
1676,5f2bca36ba0be61b0c1d0289,Fulton County School System,D3
1678,5f2bca36ba0be61b0c1d02a0,Fulton County School System,D3
1679,5f2bca36ba0be61b0c1d02b6,Fulton County School System,D3
1680,5f2bca36ba0be61b0c1d02d8,Griffin-Spalding County School System,D3
1681,5f2bca36ba0be61b0c1d02e2,Fulton County School System,D3
1683,5f2bca37ba0be61b0c1d0352,NULL,D3
1684,5f2bca37ba0be61b0c1d0384,NULL,D3
1686,5f2bca37ba0be61b0c1d0400,Null,D3
1687,5f2bca37ba0be61b0c1d040c,NULL,D3
1691,5f2bca37ba0be61b0c1d045a,Griffin-Spalding County School System,D3
1692,5f2bca37ba0be61b0c1d0474,NULL,D3
1693,5f2bca37ba0be61b0c1d04c6,NULL,D3
1694,5f2bca37ba0be61b0c1d04fe,Fulton County School System,D3
1695,5f2bca37ba0be61b0c1d0534,NULL,D3
1697,5f2bca37ba0be61b0c1d0574,Fulton County School System,D3
1701,5f2bca37ba0be61b0c1d0613,NULL,D3
1703,5f2bca37ba0be61b0c1d062b,NULL,D3
1705,5f2bca37ba0be61b0c1d0651,NULL,D3
1706,5f2bca37ba0be61b0c1d0664,NULL,D3
1707,5f2bca37ba0be61b0c1d066b,NULL,D3
1709,5f2bca37ba0be61b0c1d069c,NULL,D3
1710,5f2bca37ba0be61b0c1d06d5,NULL,D3
1711,5f2bca37ba0be61b0c1d06e0,NULL,D3
1713,5f2bca38ba0be61b0c1d073a,NULL,D3
1714,5f2bca38ba0be61b0c1d074f,NULL,D3
1715,5f2bca38ba0be61b0c1d07be,NULL,D3
1719,5f2bca38ba0be61b0c1d0964,NULL,D3
1721,5f2bca38ba0be61b0c1d0a08,NULL,D3
1722,5f2bca38ba0be61b0c1d0a0e,NULL,D3
1723,5f2bca38ba0be61b0c1d0a14,NULL,D3
1726,5f2bca38ba0be61b0c1d0aba,NULL,D3
1730,5f2bca38ba0be61b0c1d0ae9,NULL,D3
1733,5f2bca39ba0be61b0c1d0b03,NULL,D3
1739,5f2bca39ba0be61b0c1d0b91,NULL,D3
1742,5f2bca39ba0be61b0c1d0bf7,NULL,D3
1743,5f2bca39ba0be61b0c1d0c09,NULL,D3
1748,5f2bca39ba0be61b0c1d0c96,NULL,D3
1750,5f2bca39ba0be61b0c1d0cdc,NULL,D3
1751,5f2bca39ba0be61b0c1d0cff,NULL,D3
1752,5f2bca39ba0be61b0c1d0d25,NULL,D3
1753,5f2bca39ba0be61b0c1d0d3d,NULL,D3
1754,5f2bca39ba0be61b0c1d0d42,NULL,D3
1759,5f2bca39ba0be61b0c1d0e2d,NULL,D3
1760,5f2bca39ba0be61b0c1d0e68,NULL,D3
1764,5f2bca3aba0be61b0c1d0f4c,NULL,D3
1768,5f2bca3aba0be61b0c1d0faa,NULL,D3
1771,5f2bca3aba0be61b0c1d10b8,NULL,D3
1774,5f2bca3aba0be61b0c1d11fa,NULL,D3
1776,5f2bca3bba0be61b0c1d13a2,NULL,D3
1780,5f2bca3bba0be61b0c1d144a,NULL,D3
1781,5f2bca3bba0be61b0c1d1499,NULL,D3
1782,5f2bca3bba0be61b0c1d154a,NULL,D3
1783,5f2bca3bba0be61b0c1d1577,NULL,D3
1785,5f2bca3bba0be61b0c1d158d,NULL,D3
1788,5f2bca3bba0be61b0c1d15c6,NULL,D3
1791,5f2bca3bba0be61b0c1d1638,NULL,D3
1794,5f2bca3bba0be61b0c1d166c,NULL,D3
1796,5f2bca3bba0be61b0c1d168f,NULL,D3
1797,5f2bca3cba0be61b0c1d16b6,NULL,D3
1807,5f2bca3dba0be61b0c1d194c,NULL,D3
1808,5f2bca3dba0be61b0c1d19d8,NULL,D3
1813,5f2bca3eba0be61b0c1d1ae9,NULL,D3
1816,5f2bca3eba0be61b0c1d1b15,NULL,D3
1817,5f2bca3eba0be61b0c1d1b24,NULL,D3
1818,5f2bca3eba0be61b0c1d1b33,NULL,D3
1819,5f2bca3eba0be61b0c1d1bdf,NULL,D3
1820,5f2bca3eba0be61b0c1d1c58,NULL,D3
1826,5f2bca3eba0be61b0c1d1e3b,NULL,D3
1827,5f2bca3fba0be61b0c1d1e8e,NULL,D3
1830,5f2bca3fba0be61b0c1d2134,NULL,D3
1838,5f2bca41ba0be61b0c1d25c4,NULL,D3
1843,5f2bca42ba0be61b0c1d2731,NULL,D3
1849,5f2bca43ba0be61b0c1d2ad6,NULL,D3
1853,5f2bca43ba0be61b0c1d2d9c,NULL,D3
1854,5f2bca43ba0be61b0c1d2da9,NULL,D3
1855,5f2bca44ba0be61b0c1d2f26,NULL,D3
1856,5f2bca44ba0be61b0c1d2f8c,NULL,D3
1857,5f2bca44ba0be61b0c1d30b4,NULL,D3
1859,5f2bca45ba0be61b0c1d3431,NULL,D3
1860,5f2bca45ba0be61b0c1d34c9,NULL,D3
1865,5f2bca45ba0be61b0c1d3524,NULL,D3
1867,5f2bca45ba0be61b0c1d3532,NULL,D3
1878,5f2bca45ba0be61b0c1d35ae,NULL,D3
1880,5f2bca46ba0be61b0c1d35f9,NULL,D3
1881,5f2bca46ba0be61b0c1d360a,NULL,D3
1883,5f2bca46ba0be61b0c1d3644,NULL,D3
1888,5f2bca46ba0be61b0c1d36a0,NULL,D3
1890,5f2bca46ba0be61b0c1d36dd,NULL,D3
1891,5f2bca46ba0be61b0c1d36e0,NULL,D3
1893,5f2bca46ba0be61b0c1d370b,NULL,D3
1895,5f2bca46ba0be61b0c1d3739,NULL,D3
1898,5f2bca46ba0be61b0c1d3746,NULL,D3
1903,5f2bca46ba0be61b0c1d3760,NULL,D3
1908,5f2bca46ba0be61b0c1d37bc,NULL,D3
1910,5f2bca46ba0be61b0c1d37c5,NULL,D3
1911,5f2bca46ba0be61b0c1d37c9,NULL,D3
1920,5f2bca46ba0be61b0c1d3822,NULL,D3
1922,5f2bca46ba0be61b0c1d3838,NULL,D3
1926,5f2bca46ba0be61b0c1d3866,NULL,D3
1928,5f2bca46ba0be61b0c1d3869,NULL,D3
1929,5f2bca46ba0be61b0c1d388a,NULL,D3
1930,5f2bca46ba0be61b0c1d38a4,NULL,D3
1931,5f2bca46ba0be61b0c1d38ae,NULL,D3
1932,5f2bca46ba0be61b0c1d38b1,NULL,D3
1934,5f2bca46ba0be61b0c1d38de,NULL,D3
1940,5f2bca46ba0be61b0c1d392e,NULL,D3
1944,5f2bca46ba0be61b0c1d395c,NULL,D3
1946,5f2bca46ba0be61b0c1d3961,NULL,D3
1947,5f2bca46ba0be61b0c1d3968,NULL,D3
1949,5f2bca46ba0be61b0c1d399a,NULL,D3
1951,5f2bca46ba0be61b0c1d39b0,NULL,D3
1953,5f2bca46ba0be61b0c1d39c9,NULL,D3
1954,5f2bca47ba0be61b0c1d39d5,NULL,D3
1956,5f2bca47ba0be61b0c1d39d9,NULL,D3
1957,5f2bca47ba0be61b0c1d39dc,NULL,D3
1958,5f2bca47ba0be61b0c1d39dd,NULL,D3
1959,5f2bca47ba0be61b0c1d39e2,NULL,D3
1960,5f2bca47ba0be61b0c1d39f2,NULL,D3
1962,5f2bca47ba0be61b0c1d3a1d,NULL,D3
1965,5f2bca48ba0be61b0c1d3a72,NULL,D3
1966,5f2bca48ba0be61b0c1d3a73,NULL,D3
1967,5f2bca48ba0be61b0c1d3a74,NULL,D3
1969,5f2bca48ba0be61b0c1d3a84,NULL,D3
1970,5f2bca48ba0be61b0c1d3a90,NULL,D3
1974,5f2bca48ba0be61b0c1d3ac3,NULL,D3
1977,5f2bca48ba0be61b0c1d3aeb,NULL,D3
1978,5f2bca48ba0be61b0c1d3b0a,NULL,D3
1981,5f2bca48ba0be61b0c1d3b31,NULL,D3
1983,5f2bca48ba0be61b0c1d3b46,NULL,D3
1984,5f2bca48ba0be61b0c1d3b56,NULL,D3
1986,5f2bca48ba0be61b0c1d3b90,NULL,D3
1989,5f2bca48ba0be61b0c1d3ba3,NULL,D3
1996,5f2bca48ba0be61b0c1d3bfb,NULL,D3
1997,5f2bca48ba0be61b0c1d3c06,NULL,D3
1999,5f2bca48ba0be61b0c1d3c15,NULL,D3
2000,5f2bca48ba0be61b0c1d3c1c,NULL,D3
2002,5f2bca48ba0be61b0c1d3c6a,NULL,D3
2003,5f2bca48ba0be61b0c1d3c75,NULL,D3
2007,5f2bca48ba0be61b0c1d3d20,NULL,D3
2008,5f2bca48ba0be61b0c1d3d5f,NULL,D3
2016,5f2bca49ba0be61b0c1d4070,NULL,D3
2018,5f2bca49ba0be61b0c1d40c0,NULL,D3
2020,5f2bca49ba0be61b0c1d415f,NULL,D3
2023,5f2bca4bba0be61b0c1d42d6,NULL,D3
2026,5f2bca4bba0be61b0c1d4398,NULL,D3
2027,5f2bca4bba0be61b0c1d43d0,NULL,D3
2029,5f2bca4bba0be61b0c1d4479,NULL,D3
2030,5f2bca4bba0be61b0c1d4490,Ann Arbor Public Schools,D3
2038,5f2bca4bba0be61b0c1d454f,Ann Arbor Public Schools,D3
2040,5f2bca4bba0be61b0c1d4562,BLUE,D3
2043,5f2bca4cba0be61b0c1d45fb,BLUE,D3
2044,5f2bca4cba0be61b0c1d4636,BLUE,D3
2047,5f2bca4cba0be61b0c1d4673,Ann Arbor Public Schools,D3
2050,5f2bca4cba0be61b0c1d4724,BLUE,D3
2052,5f2bca4cba0be61b0c1d4778,BLUE,D3
2083,5f2bca4dba0be61b0c1d4a19,Access Community,D3
2088,5f2bca4dba0be61b0c1d4a9b,BLUE,D3
2092,5f2bca4dba0be61b0c1d4ad9,BLUE,D3
2108,5f2bca4dba0be61b0c1d4cf4,Ann Arbor Public Schools,D3
2109,5f2bca4dba0be61b0c1d4cfe,BLUE,D3
2115,5f2bca4fba0be61b0c1d4d8e,Attendance works,D3
2128,5f2bca4fba0be61b0c1d4f5c,BLUE,D3
2137,5f2bca4fba0be61b0c1d5070,Ann Arbor Public Schools,D3
2156,5f2bca50ba0be61b0c1d51d8,Ann Arbor Public Schools,D3
2162,5f2bca50ba0be61b0c1d52d0,Ann Arbor Public Schools,D3
2173,5f2bca52ba0be61b0c1d5646,NULL,D3
2177,5f2bca53ba0be61b0c1d5a40,NULL,D3
2179,5f2bca53ba0be61b0c1d5bfd,NULL,D3
2181,5f2bca54ba0be61b0c1d5d17,Boulder Valley School District,D3
2183,5f2bca54ba0be61b0c1d5ed5,NULL,D3
2184,5f2bca54ba0be61b0c1d5ee4,NULL,D3
2187,5f2bca54ba0be61b0c1d6068,NULL,D3
2190,5f2bca57ba0be61b0c1d639c,NULL,D3
2194,5f2bca59ba0be61b0c1d6601,NULL,D3
2195,5f2bca59ba0be61b0c1d66cb,NULL,D3
2196,5f2bca5aba0be61b0c1d6970,NULL,D3
2200,5f2bca5aba0be61b0c1d6b0b,NULL,D3
2204,5f2bca5bba0be61b0c1d6c14,NULL,D3
2205,5f2bca5bba0be61b0c1d6c61,NULL,D3
2207,5f2bca5bba0be61b0c1d6ca5,NULL,D3
2208,5f2bca5bba0be61b0c1d6d03,NULL,D3
2209,5f2bca5bba0be61b0c1d6d04,NULL,D3
2210,5f2bca5bba0be61b0c1d6d39,NULL,D3
2211,5f2bca5bba0be61b0c1d6d63,NULL,D3
2212,5f2bca5bba0be61b0c1d6d88,NULL,D3
2213,5f2bca5bba0be61b0c1d6d8f,NULL,D3
2215,5f2bca5cba0be61b0c1d6e53,NULL,D3
2216,5f2bca5cba0be61b0c1d6e6e,NULL,D3
2217,5f2bca5cba0be61b0c1d6ec8,NULL,D3
2218,5f2bca5cba0be61b0c1d6f14,NULL,D3
2220,5f2bca5cba0be61b0c1d7001,NULL,D3
2222,5f2bca5cba0be61b0c1d7096,NULL,D3
2223,5f2bca5cba0be61b0c1d70ee,NULL,D3
2224,5f2bca5cba0be61b0c1d7112,NULL,D3
2226,5f2bca5cba0be61b0c1d715c,NULL,D3
2227,5f2bca5cba0be61b0c1d71b3,NULL,D3
2229,5f2bca5cba0be61b0c1d7233,NULL,D3
2230,5f2bca5cba0be61b0c1d725a,NULL,D3
2232,5f2bca5cba0be61b0c1d725e,NULL,D3
2234,5f2bca5cba0be61b0c1d7382,NULL,D3
2238,5f2bca5dba0be61b0c1d7475,NULL,D3
2240,5f2bca5dba0be61b0c1d74a7,NULL,D3
2242,5f2bca5dba0be61b0c1d7527,NULL,D3
2251,5f2bca5dba0be61b0c1d77d3,NULL,D3
2252,5f2bca5dba0be61b0c1d77f8,NULL,D3
2255,5f2bca5eba0be61b0c1d786d,NULL,D3
2256,5f2bca5eba0be61b0c1d7872,NULL,D3
2258,5f2bca5eba0be61b0c1d79f2,NULL,D3
2260,5f2bca5eba0be61b0c1d7a31,NULL,D3
2262,5f2bca5eba0be61b0c1d7c08,NULL,D3
2263,5f2bca61ba0be61b0c1d7c87,NULL,D3
2264,5f2bca61ba0be61b0c1d7c9f,NULL,D3
2266,5f2bca61ba0be61b0c1d7d68,NULL,D3
2268,5f2bca61ba0be61b0c1d7ed8,NULL,D3
2269,5f2bca61ba0be61b0c1d7f3a,NULL,D3
2270,5f2bca61ba0be61b0c1d7f52,NULL,D3
2271,5f2bca61ba0be61b0c1d7f74,NULL,D3
2272,5f2bca61ba0be61b0c1d7f78,NULL,D3
2274,5f2bca61ba0be61b0c1d7fb9,NULL,D3
2275,5f2bca61ba0be61b0c1d7fbf,NULL,D3
2276,5f2bca61ba0be61b0c1d7fc2,NULL,D3
2277,5f2bca61ba0be61b0c1d7fcc,NULL,D3
2279,5f2bca61ba0be61b0c1d7fdb,NULL,D3
2281,5f2bca61ba0be61b0c1d8001,NULL,D3
2282,5f2bca61ba0be61b0c1d8016,NULL,D3
2283,5f2bca61ba0be61b0c1d801c,NULL,D3
2284,5f2bca62ba0be61b0c1d8039,NULL,D3
2286,5f2bca62ba0be61b0c1d8078,NULL,D3
2287,5f2bca62ba0be61b0c1d80df,NULL,D3
2290,5f2bca62ba0be61b0c1d8212,NULL,D3
2293,5f2bca62ba0be61b0c1d82f7,NULL,D3
2294,5f2bca62ba0be61b0c1d83a9,NULL,D3
2296,5f2bca63ba0be61b0c1d8432,NULL,D3
2297,5f2bca63ba0be61b0c1d8447,NULL,D3
2298,5f2bca63ba0be61b0c1d8486,NULL,D3
2300,5f2bca63ba0be61b0c1d84ce,NULL,D3
2303,5f2bca63ba0be61b0c1d855a,NULL,D3
2306,5f2bca63ba0be61b0c1d86a1,NULL,D3
2308,5f2bca63ba0be61b0c1d86f6,NULL,D3
2310,5f2bca63ba0be61b0c1d8732,NULL,D3
2311,5f2bca63ba0be61b0c1d87ae,NULL,D3
2314,5f2bca65ba0be61b0c1d8952,NULL,D3
2317,5f2bca65ba0be61b0c1d89f6,NULL,D3
2318,5f2bca65ba0be61b0c1d8a55,NULL,D3
2321,5f2bca65ba0be61b0c1d8afb,NULL,D3
2322,5f2bca65ba0be61b0c1d8c52,NULL,D3
2324,5f2bca66ba0be61b0c1d8f18,NULL,D3
2336,5f2bca68ba0be61b0c1d91aa,NULL,D3
2337,5f2bca68ba0be61b0c1d9231,NULL,D3
2341,5f2bca68ba0be61b0c1d92b9,NULL,D3
2342,5f2bca68ba0be61b0c1d92f9,NULL,D3
2344,5f2bca68ba0be61b0c1d939a,NULL,D3
2347,5f2bca69ba0be61b0c1d9443,NULL,D3
2351,5f2bca69ba0be61b0c1d94c6,NULL,D3
2359,5f2bca69ba0be61b0c1d9627,NULL,D3
2360,5f2bca69ba0be61b0c1d9639,NULL,D3
2361,5f2bca69ba0be61b0c1d9646,NULL,D3
2374,5f2bca69ba0be61b0c1d976c,NULL,D3
2393,5f2bca6aba0be61b0c1d9808,NULL,D3
2394,5f2bca6aba0be61b0c1d984d,NULL,D3
2400,5f2bca6aba0be61b0c1d992b,NULL,D3
2403,5f2bca6aba0be61b0c1d999f,NULL,D3
2404,5f2bca6aba0be61b0c1d99b2,NULL,D3
2412,5f2bca6aba0be61b0c1d9a64,NULL,D3
2414,5f2bca6aba0be61b0c1d9a9a,NULL,D3
2419,5f2bca6bba0be61b0c1d9bad,NULL,D3
2424,5f2bca6bba0be61b0c1d9bfa,NULL,D3
2430,5f2bca6bba0be61b0c1d9c26,NULL,D3
2472,5f2bca6bba0be61b0c1d9d0d,NULL,D3
2486,5f2bca6bba0be61b0c1d9d6a,NULL,D3
2497,5f2bca6bba0be61b0c1d9dd0,NULL,D3
2533,5f2bca6bba0be61b0c1d9ed0,NULL,D3
2541,5f2bca6bba0be61b0c1d9f1f,NULL,D3
2546,5f2bca6bba0be61b0c1d9f68,NULL,D3
2555,5f2bca6cba0be61b0c1da19e,NULL,D3
2558,5f2bca6cba0be61b0c1da25c,NULL,D3
2559,5f2bca6cba0be61b0c1da2ab,NULL,D3
2562,5f2bca6cba0be61b0c1da338,OHIO,D3
2593,5f2bca72ba0be61b0c1da74b,OHIO,D3
2597,5f2bca72ba0be61b0c1da801,OHIO,D3
2599,5f2bca72ba0be61b0c1da83d,OHIO,D3
2620,5f2bca73ba0be61b0c1dab80,OHIO,D3
2628,5f2bca73ba0be61b0c1dad5e,OHIO,D3
2633,5f2bca73ba0be61b0c1dae7f,OHIO,D3
2634,5f2bca73ba0be61b0c1dae93,OHIO,D3
2647,5f2bca73ba0be61b0c1db134,OHIO,D3
2656,5f2bca74ba0be61b0c1db31e,NULL,D3
2657,5f2bca74ba0be61b0c1db463,NULL,D3
2660,5f2bca75ba0be61b0c1db92a,NULL,D3
2661,5f2bca75ba0be61b0c1db96e,NULL,D3
2664,5f2bca75ba0be61b0c1db9f8,NULL,D3
2665,5f2bca75ba0be61b0c1dba08,NULL,D3
2666,5f2bca75ba0be61b0c1dba23,NULL,D3
2667,5f2bca75ba0be61b0c1dba5e,NULL,D3
2668,5f2bca77ba0be61b0c1dbb92,NULL,D3
2670,5f2bca77ba0be61b0c1dbbb8,NULL,D3
2671,5f2bca77ba0be61b0c1dbbcf,NULL,D3
2672,5f2bca77ba0be61b0c1dbbea,NULL,D3
2673,5f2bca77ba0be61b0c1dbbf6,NULL,D3
2674,5f2bca77ba0be61b0c1dbc0c,NULL,D3
2675,5f2bca77ba0be61b0c1dbc4c,NULL,D3
2676,5f2bca77ba0be61b0c1dbcfe,NULL,D3
2677,5f2bca77ba0be61b0c1dbd83,NULL,D3
2678,5f2bca77ba0be61b0c1dbd88,NULL,D3
2679,5f2bca77ba0be61b0c1dbdb5,NULL,D3
2680,5f2bca77ba0be61b0c1dbde8,NULL,D3
2681,5f2bca77ba0be61b0c1dbe41,NULL,D3
2686,5f2bca77ba0be61b0c1dbf40,NULL,D3
2692,5f2bca77ba0be61b0c1dc03c,NULL,D3
2695,5f2bca78ba0be61b0c1dc0dd,NULL,D3
2698,5f2bca78ba0be61b0c1dc131,NULL,D3
2699,5f2bca78ba0be61b0c1dc14a,NULL,D3
2700,5f2bca78ba0be61b0c1dc1f4,NULL,D3
2702,5f2bca79ba0be61b0c1dc290,NULL,D3
2703,5f2bca79ba0be61b0c1dc2f4,NULL,D3
2708,5f2bca79ba0be61b0c1dc452,NULL,D3
2709,5f2bca79ba0be61b0c1dc457,NULL,D3
2710,5f2bca79ba0be61b0c1dc47e,NULL,D3
2712,5f2bca79ba0be61b0c1dc4f2,NULL,D3
2713,5f2bca79ba0be61b0c1dc502,NULL,D3
2720,5f2bca79ba0be61b0c1dc658,NULL,D3
2724,5f2bca7aba0be61b0c1dc77b,NULL,D3
2727,5f2bca7aba0be61b0c1dc91f,NULL,D3
2728,5f2bca7aba0be61b0c1dc947,NULL,D3
2729,5f2bca7aba0be61b0c1dc94f,NULL,D3
2730,5f2bca7aba0be61b0c1dc98f,NULL,D3
2731,5f2bca7aba0be61b0c1dc991,NULL,D3
2732,5f2bca7aba0be61b0c1dc9c0,NULL,D3
2734,5f2bca7aba0be61b0c1dc9c9,NULL,D3
2737,5f2bca83ba0be61b0c1dcad1,NULL,D3
2738,5f2bca83ba0be61b0c1dcda8,NULL,D3
2741,5f2bca85ba0be61b0c1dd17b,NULL,D3
2745,5f2bca85ba0be61b0c1dd201,NULL,D3
2749,5f2bca87ba0be61b0c1dd84a,NULL,D3
2754,5f2bca87ba0be61b0c1dd90d,NULL,D3
2760,5f2bca88ba0be61b0c1ddaa4,NULL,D3
2769,5f2bca88ba0be61b0c1dddb5,NULL,D3
2794,5f2bca8aba0be61b0c1de0f7,NULL,D3
2796,5f2bca8aba0be61b0c1de11d,Austin Independent School District,D3
2797,5f2bca8aba0be61b0c1de18a,Austin Independent School District,D3
2798,5f2bca8aba0be61b0c1de191,Austin Independent School District,D3
2800,5f2bca8cba0be61b0c1de22a,Austin Independent School District,D3
2801,5f2bca8cba0be61b0c1de235,,D3
2802,5f2bca8cba0be61b0c1de249,NULL,D3
2804,5f2bca8cba0be61b0c1de2ae,NULL,D3
2805,5f2bca8cba0be61b0c1de2c5,NULL,D3
2806,5f2bca8cba0be61b0c1de2d1,Austin Independent School District,D3
2807,5f2bca8cba0be61b0c1de2d7,Austin Independent School District,D3
2811,5f2bca8cba0be61b0c1de342,NULL,D3
2812,5f2bca8cba0be61b0c1de388,Austin Independent School District,D3
2814,5f2bca8cba0be61b0c1de407,NULL,D3
2816,5f2bca8cba0be61b0c1de427,NULL,D3
2817,5f2bca8cba0be61b0c1de42a,NULL,D3
2818,5f2bca8cba0be61b0c1de46f,Austin Independent School District,D3
2819,5f2bca8cba0be61b0c1de551,Austin Independent School District,D3
2821,5f2bca8dba0be61b0c1de6c1,Austin Independent School District,D3
2823,5f2bca8dba0be61b0c1de816,Austin Independent School District,D3
2824,5f2bca8dba0be61b0c1de865,NULL,D3
2825,5f2bca8dba0be61b0c1de87d,Austin Independent School District,D3
2827,5f2bca8dba0be61b0c1de8b4,NULL,D3
2832,5f2bca8dba0be61b0c1de934,Austin Independent School District,D3
2835,5f2bca8fba0be61b0c1de99b,NULL,D3
2836,5f2bca8fba0be61b0c1de9b0,NULL,D3
2838,5f2bca8fba0be61b0c1dea6f,NULL,D3
2841,5f2bca8fba0be61b0c1dea86,NULL,D3
2844,5f2bca8fba0be61b0c1deba2,NULL,D3
2847,5f2bca8fba0be61b0c1dec57,Austin Independent School District,D3
2849,5f2bca8fba0be61b0c1dec77,NULL,D3
2850,5f2bca8fba0be61b0c1decaa,NULL,D3
2851,5f2bca8fba0be61b0c1decd7,NULL,D3
2853,5f2bca8fba0be61b0c1ded11,NULL,D3
2854,5f2bca8fba0be61b0c1ded16,Austin Independent School District,D3
2855,5f2bca8fba0be61b0c1ded20,Austin Independent School District,D3
2857,5f2bca90ba0be61b0c1ded90,Austin Independent School District,D3
2858,5f2bca90ba0be61b0c1dee11,NULL,D3
2859,5f2bca90ba0be61b0c1dee47,Austin Independent School District,D3
2865,5f2bca90ba0be61b0c1def12,Austin Independent School District,D3
2867,5f2bca90ba0be61b0c1def77,NULL,D3
2868,5f2bca90ba0be61b0c1def8b,NULL,D3
2869,5f2bca90ba0be61b0c1def94,NULL,D3
2871,5f2bca90ba0be61b0c1defa8,NULL,D3
2875,5f2bca90ba0be61b0c1df020,NULL,D3
2877,5f2bca91ba0be61b0c1df0fb,NULL,D3
2878,5f2bcaa1ba0be61b0c1df168,Austin Independent School District,D3
2881,5f2bcaa2ba0be61b0c1df20e,Austin Independent School District,D3
2885,5f2bcaa2ba0be61b0c1df283,NULL,D3
2888,5f2bcaa2ba0be61b0c1df2a4,NULL,D3
2891,5f2bcaa2ba0be61b0c1df322,Austin Independent School District,D3
2892,5f2bcaa2ba0be61b0c1df337,NULL,D3
2893,5f2bcaa2ba0be61b0c1df34b,Austin Independent School District,D3
2894,5f2bcaa2ba0be61b0c1df36e,NULL,D3
2897,5f2bcaa2ba0be61b0c1df3c5,NULL,D3
2898,5f2bcaa2ba0be61b0c1df3f2,NULL,D3
2899,5f2bcaa2ba0be61b0c1df3f7,NULL,D3
2900,5f2bcaa2ba0be61b0c1df414,NULL,D3
2901,5f2bcaa2ba0be61b0c1df486,NULL,D3
2902,5f2bcaa2ba0be61b0c1df4e1,Austin Independent School District,D3
2903,5f2bcaa2ba0be61b0c1df526,NULL,D3
2904,5f2bcaa4ba0be61b0c1df56a,Austin Independent School District,D3
2905,5f2bcaa4ba0be61b0c1df56d,Austin Independent School District,D3
2906,5f2bcaa4ba0be61b0c1df57d,NULL,D3
2908,5f2bcaa4ba0be61b0c1df5a8,NULL,D3
2909,5f2bcaa4ba0be61b0c1df5c2,NULL,D3
2911,5f2bcaa4ba0be61b0c1df5e1,,D3
2912,5f2bcaa4ba0be61b0c1df5e4,Austin Independent School District,D3
2913,5f2bcaa4ba0be61b0c1df633,NULL,D3
2914,5f2bcaa4ba0be61b0c1df642,NULL,D3
2915,5f2bcaa4ba0be61b0c1df645,Austin Independent School District,D3
2916,5f2bcaa4ba0be61b0c1df694,NULL,D3
2918,5f2bcaa4ba0be61b0c1df6da,Austin Independent School District,D3
2920,5f2bcaa4ba0be61b0c1df6e3,NULL,D3
2922,5f2bcaa4ba0be61b0c1df70d,NULL,D3
2923,5f2bcaa4ba0be61b0c1df856,Austin Independent School District,D3
2924,5f2bcaa4ba0be61b0c1df878,Austin Independent School District,D3
2925,5f2bcaa4ba0be61b0c1df8c1,NULL,D3
2927,5f2bcaa4ba0be61b0c1df954,Austin Independent School District,D3
2928,5f2bcaa4ba0be61b0c1df964,Austin Independent School District,D3
2929,5f2bcaa4ba0be61b0c1df96d,Austin Independent School District,D3
2930,5f2bcaa4ba0be61b0c1df97c,Austin Independent School District,D3
2931,5f2bcaa4ba0be61b0c1df9ab,Austin Independent School District,D3
2932,5f2bcaa4ba0be61b0c1dfaad,NULL,D3
2934,5f2bcaa4ba0be61b0c1dfae2,Austin Independent School District,D3
2935,5f2bcaa4ba0be61b0c1dfb49,NULL,D3
2936,5f2bcaa4ba0be61b0c1dfb56,Austin Independent School District,D3
2938,5f2bcaa4ba0be61b0c1dfbc5,NULL,D3
2939,5f2bcaa4ba0be61b0c1dfbf4,NULL,D3
2940,5f2bcaa4ba0be61b0c1dfc04,Austin Independent School District,D3
2942,5f2bcaa4ba0be61b0c1dfcc8,NULL,D3
2943,5f2bcaa4ba0be61b0c1dfcd2,Austin Independent School District,D3
2944,5f2bcaa4ba0be61b0c1dfce3,NULL,D3
2945,5f2bcaa4ba0be61b0c1dfcf9,NULL,D3
2948,5f2bcaa6ba0be61b0c1dfddd,Austin Independent School District,D3
2949,5f2bcaa6ba0be61b0c1dfeb9,NULL,D3
2950,5f2bcaa6ba0be61b0c1dfefc,NULL,D3
2951,5f2bcaa6ba0be61b0c1dfefe,NULL,D3
2952,5f2bcaa6ba0be61b0c1dff08,NULL,D3
2953,5f2bcaa6ba0be61b0c1dff2b,NULL,D3
2955,5f2bcaa6ba0be61b0c1dff3d,Austin Independent School District,D3
2956,5f2bcaa6ba0be61b0c1dff50,NULL,D3
2957,5f2bcaa6ba0be61b0c1dff51,Austin Independent School District,D3
2959,5f2bcaa6ba0be61b0c1dffc9,NULL,D3
2960,5f2bcaa6ba0be61b0c1dffd4,NULL,D3
2961,5f2bcaa6ba0be61b0c1e003b,NULL,D3
2962,5f2bcaa6ba0be61b0c1e0082,,D3
2963,5f2bcaa6ba0be61b0c1e0095,Austin Independent School District,D3
2965,5f2bcaa7ba0be61b0c1e0128,NULL,D3
2967,5f2bcaa7ba0be61b0c1e021f,NULL,D3
2969,5f2bcaa7ba0be61b0c1e02c8,Austin Independent School District,D3
2971,5f2bcaa7ba0be61b0c1e032d,NULL,D3
2972,5f2bcaa7ba0be61b0c1e0374,NULL,D3
2973,5f2bcaa7ba0be61b0c1e0383,Austin Independent School District,D3
2974,5f2bcaa7ba0be61b0c1e039c,NULL,D3
2975,5f2bcaa7ba0be61b0c1e03a0,NULL,D3
2976,5f2bcaa7ba0be61b0c1e03c6,Austin Independent School District,D3
2977,5f2bcaa7ba0be61b0c1e03d1,Austin Independent School District,D3
2985,5f2bcaa7ba0be61b0c1e046d,NULL,D3
2989,5f2bcaa7ba0be61b0c1e0499,NULL,D3
2995,5f2bcaa7ba0be61b0c1e0502,NULL,D3
2999,5f2bcaa7ba0be61b0c1e0542,Wasatch County School District,D3
3001,5f2bcaa7ba0be61b0c1e0551,NULL,D3
3006,5f2bcaa7ba0be61b0c1e057c,Wasatch County School District,D3
3011,5f2bcaa8ba0be61b0c1e05ff,NULL,D3
3023,5f2bcaa8ba0be61b0c1e069a,NULL,D3
3026,5f2bcaa8ba0be61b0c1e06c4,Wasatch County School District,D3
3028,5f2bcaa8ba0be61b0c1e06d4,NULL,D3
3037,5f2bcaa8ba0be61b0c1e0795,Wasatch County School District,D3
3040,5f2bcaa8ba0be61b0c1e0827,NULL,D3
3044,5f2bcaa9ba0be61b0c1e092c,NULL,D3
3046,5f2bcaa9ba0be61b0c1e09c6,NULL,D3
3048,5f2bcaa9ba0be61b0c1e0a24,NULL,D3
3049,5f2bcaa9ba0be61b0c1e0a6a,Null,D3
3050,5f2bcaa9ba0be61b0c1e0af1,Fulton County School System,D3
3051,5f2bcaa9ba0be61b0c1e0b31,NULL,D3
3057,5f2bcaabba0be61b0c1e0f0c,NULL,D3
3058,5f2bcaabba0be61b0c1e0ffd,NULL,D3
3069,5f2bcaabba0be61b0c1e1235,NULL,D3
3070,5f2bcaabba0be61b0c1e1284,NULL,D3
3071,5f2bcaabba0be61b0c1e1327,NULL,D3
3074,5f2bcaacba0be61b0c1e14ac,NULL,D3
3075,5f2bcaacba0be61b0c1e14c3,NULL,D3
3076,5f2bcaacba0be61b0c1e1555,NULL,D3
3081,5f2bcaacba0be61b0c1e166f,NULL,D3
3084,5f2bcaacba0be61b0c1e16ed,NULL,D3
3086,5f2bcaadba0be61b0c1e186b,NULL,D3
3088,5f2bcaaeba0be61b0c1e1a4b,NULL,D3
3089,5f2bcaaeba0be61b0c1e1a9b,NULL,D3
3090,5f2bcaaeba0be61b0c1e1aa4,NULL,D3
3091,5f2bcaaeba0be61b0c1e1afa,NULL,D3
3096,5f2bcaaeba0be61b0c1e1c2c,NULL,D3
3112,5f2bcaafba0be61b0c1e1e1d,NULL,D3
3117,5f2bcaafba0be61b0c1e1ee5,NULL,D3
3123,5f2bcab0ba0be61b0c1e1f72,NULL,D3
3126,5f2bcab0ba0be61b0c1e1fbf,NULL,D3
3131,5f2bcab1ba0be61b0c1e206e,NULL,D3
3135,5f2bcab1ba0be61b0c1e211b,NULL,D3
3144,5f2bcab1ba0be61b0c1e22e7,NULL,D3
3145,5f2bcab1ba0be61b0c1e23b7,NULL,D3
3146,5f2bcab2ba0be61b0c1e2447,NULL,D3
3152,5f2bcab2ba0be61b0c1e263a,NULL,D3
3153,5f2bcab2ba0be61b0c1e2641,NULL,D3
3154,5f2bcab2ba0be61b0c1e2653,NULL,D3
3155,5f2bcab2ba0be61b0c1e26c2,NULL,D3
3156,5f2bcab2ba0be61b0c1e2784,NULL,D3
3159,5f2bcab3ba0be61b0c1e28ff,NULL,D3
3160,5f2bcab3ba0be61b0c1e2920,NULL,D3
3161,5f2bcab3ba0be61b0c1e292b,NULL,D3
3162,5f2bcab3ba0be61b0c1e2ad8,NULL,D3
3167,5f2bcab7ba0be61b0c1e33e3,Null,D3
3168,5f2bcab7ba0be61b0c1e366f,NULL,D3
3171,5f2bcab7ba0be61b0c1e3798,NULL,D3
3173,5f2bcab9ba0be61b0c1e3e04,NULL,D3
3181,5f2bcababa0be61b0c1e4194,NULL,D3
3182,5f2bcababa0be61b0c1e4253,NULL,D3
3190,5f2bcabdba0be61b0c1e4a75,Manatee County School District,D3
3191,5f2bcabdba0be61b0c1e4ad5,NULL,D3
3192,5f2bcabdba0be61b0c1e4ad6,NULL,D3
3193,5f2bcabdba0be61b0c1e4b22,NULL,D3
3194,5f2bcabeba0be61b0c1e4b4a,Miami-Dade County Public Schools,D3
3198,5f2bcabeba0be61b0c1e4b8f,NULL,D3
3204,5f2bcabeba0be61b0c1e4ca9,NULL,D3
3212,5f2bcabeba0be61b0c1e4f14,NULL,D3
3213,5f2bcabfba0be61b0c1e4f55,NULL,D3
3214,5f2bcabfba0be61b0c1e4f8c,NULL,D3
3223,5f2bcabfba0be61b0c1e512a,NULL,D3
3225,5f2bcabfba0be61b0c1e5214,NULL,D3
3226,5f2bcabfba0be61b0c1e525a,Miami-Dade County Public Schools,D3
3232,5f2bcac1ba0be61b0c1e5326,NULL,D3
3233,5f2bcac1ba0be61b0c1e532e,NULL,D3
3253,5f2bcac2ba0be61b0c1e58f0,NULL,D3
3257,5f2bcac2ba0be61b0c1e5a08,NULL,D3
3264,5f2bcac2ba0be61b0c1e5ad8,NULL,D3
3271,5f2bcac5ba0be61b0c1e5f1e,NULL,D3
3274,5f2bcac5ba0be61b0c1e6189,NULL,D3
3275,5f2bcac5ba0be61b0c1e618b,NULL,D3
3279,5f2bcac5ba0be61b0c1e61fe,NULL,D3
3284,5f2bcac5ba0be61b0c1e6354,NULL,D3
3290,5f2bcac6ba0be61b0c1e64c2,NULL,D3
3297,5f2bcac6ba0be61b0c1e65bf,NULL,D3
3314,5f2bcac7ba0be61b0c1e6a7c,NULL,D3
3325,5f2bcacaba0be61b0c1e7489,NULL,D3
3326,5f2bcacbba0be61b0c1e7599,NULL,D3
3327,5f2bcaccba0be61b0c1e7666,NULL,D3
3329,5f2bcaccba0be61b0c1e774b,NULL,D3
3334,5f2bcaceba0be61b0c1e7cfb,NULL,D3
3345,5f2bcad1ba0be61b0c1e83b6,NULL,D3
3347,5f2bcad1ba0be61b0c1e85cd,Fulton County School System,D3
3355,5f2bcad3ba0be61b0c1e8ccc,NULL,D3
3359,5f2bcad4ba0be61b0c1e8e09,NULL,D3
3360,5f2bcad4ba0be61b0c1e8e38,NULL,D3
3362,5f2bcad4ba0be61b0c1e9029,NULL,D3
3363,5f2bcad5ba0be61b0c1e9363,NULL,D3
3364,5f2bcad5ba0be61b0c1e951d,NULL,D3
3365,5f2bcad6ba0be61b0c1e95dd,NULL,D3
3367,5f2bcad6ba0be61b0c1e96cb,NULL,D3
3372,5f2bcad6ba0be61b0c1e98bc,NULL,D3
3373,5f2bcad6ba0be61b0c1e98bd,NULL,D3
3375,5f2bcad6ba0be61b0c1e98c4,NULL,D3
3376,5f2bcad6ba0be61b0c1e98c5,NULL,D3
3378,5f2bcad6ba0be61b0c1e98c8,NULL,D3
3379,5f2bcad6ba0be61b0c1e98c9,NULL,D3
3381,5f2bcad6ba0be61b0c1e98d4,NULL,D3
3386,5f2bcad6ba0be61b0c1e98dd,NULL,D3
3387,5f2bcad6ba0be61b0c1e98de,NULL,D3
3388,5f2bcad6ba0be61b0c1e98e2,NULL,D3
3390,5f2bcad6ba0be61b0c1e98e7,NULL,D3
3393,5f2bcad6ba0be61b0c1e98ec,NULL,D3
3394,5f2bcad6ba0be61b0c1e98f1,NULL,D3
3395,5f2bcad6ba0be61b0c1e98f9,NULL,D3
3396,5f2bcad6ba0be61b0c1e98ff,NULL,D3
3397,5f2bcad6ba0be61b0c1e9900,NULL,D3
3398,5f2bcad6ba0be61b0c1e9905,Null,D3
3399,5f2bcad6ba0be61b0c1e9906,Null,D3
3400,5f2bcad6ba0be61b0c1e9909,NULL,D3
3402,5f2bcad6ba0be61b0c1e990d,NULL,D3
3404,5f2bcad6ba0be61b0c1e9910,NULL,D3
3406,5f2bcad6ba0be61b0c1e9919,NULL,D3
3414,5f2bcad6ba0be61b0c1e9931,NULL,D3
3415,5f2bcad6ba0be61b0c1e9932,NULL,D3
3416,5f2bcad6ba0be61b0c1e9933,NULL,D3
3419,5f2bcad6ba0be61b0c1e993f,NULL,D3
3421,5f2bcad6ba0be61b0c1e9952,NULL,D3
3422,5f2bcad6ba0be61b0c1e9953,NULL,D3
3423,5f2bcad6ba0be61b0c1e9958,NULL,D3
3430,5f2bcad7ba0be61b0c1e9966,NULL,D3
3432,5f2bcad7ba0be61b0c1e996b,NULL,D3
3436,5f2bcad7ba0be61b0c1e9975,NULL,D3
3439,5f2bcad7ba0be61b0c1e997b,NULL,D3
3444,5f2bcad7ba0be61b0c1e9984,NULL,D3
3446,5f2bcad7ba0be61b0c1e9988,NULL,D3
3448,5f2bcad7ba0be61b0c1e998c,,D3
3451,5f2bcad7ba0be61b0c1e9996,NULL,D3
3452,5f2bcad7ba0be61b0c1e9997,NULL,D3
3454,5f2bcad7ba0be61b0c1e999a,NULL,D3
3457,5f2bcad7ba0be61b0c1e999f,NULL,D3
3458,5f2bcad7ba0be61b0c1e99a0,NULL,D3
3461,5f2bcad7ba0be61b0c1e99a3,NULL,D3
3462,5f2bcad7ba0be61b0c1e99a4,NULL,D3
3464,5f2bcad7ba0be61b0c1e99a8,,D3
3465,5f2bcad7ba0be61b0c1e99ab,NULL,D3
3466,5f2bcad7ba0be61b0c1e99ac,NULL,D3
3467,5f2bcad7ba0be61b0c1e99ae,NULL,D3
3469,5f2bcad7ba0be61b0c1e99b1,NULL,D3
3470,5f2bcad7ba0be61b0c1e99b4,NULL,D3
3471,5f2bcad7ba0be61b0c1e99b5,NULL,D3
3472,5f2bcad7ba0be61b0c1e99b6,NULL,D3
3473,5f2bcad7ba0be61b0c1e99b7,NULL,D3
3474,5f2bcad7ba0be61b0c1e99b8,NULL,D3
3475,5f2bcad7ba0be61b0c1e99b9,NULL,D3
3476,5f2bcad7ba0be61b0c1e99bc,NULL,D3
3477,5f2bcad7ba0be61b0c1e99bd,NULL,D3
3478,5f2bcad7ba0be61b0c1e99c0,NULL,D3
3479,5f2bcad7ba0be61b0c1e99c3,NULL,D3
3480,5f2bcad7ba0be61b0c1e99c4,NULL,D3
3484,5f2bcad7ba0be61b0c1e99c8,NULL,D3
3485,5f2bcad7ba0be61b0c1e99c9,NULL,D3
3486,5f2bcad7ba0be61b0c1e99ca,NULL,D3
3487,5f2bcad7ba0be61b0c1e99cc,NULL,D3
3488,5f2bcad7ba0be61b0c1e99cd,OHIO,D3
3489,5f2bcad7ba0be61b0c1e99cf,NULL,D3
3490,5f2bcad7ba0be61b0c1e99d0,NULL,D3
3491,5f2bcad7ba0be61b0c1e99d1,NULL,D3
3493,5f2bcad7ba0be61b0c1e99d3,NULL,D3
3494,5f2bcad7ba0be61b0c1e99d4,NULL,D3
3495,5f2bcad7ba0be61b0c1e99d5,NULL,D3
3496,5f2bcad7ba0be61b0c1e99da,NULL,D3
3497,5f2bcad7ba0be61b0c1e99db,NULL,D3
3498,5f2bcad7ba0be61b0c1e99dc,NULL,D3
3499,5f2bcad7ba0be61b0c1e99de,NULL,D3
3500,5f2bcad7ba0be61b0c1e99df,NULL,D3
3501,5f2bcad7ba0be61b0c1e99e0,NULL,D3
3503,5f2bcad7ba0be61b0c1e99e4,NULL,D3
3504,5f2bcad7ba0be61b0c1e99e5,NULL,D3
3505,5f2bcad7ba0be61b0c1e99e6,NULL,D3
3506,5f2bcad7ba0be61b0c1e99e7,NULL,D3
3507,5f2bcad7ba0be61b0c1e99ea,NULL,D3
3510,5f2bcad7ba0be61b0c1e99ed,NULL,D3
3514,5f2bcad7ba0be61b0c1e99f2,NULL,D3
3515,5f2bcad7ba0be61b0c1e99f3,NULL,D3
3516,5f2bcad7ba0be61b0c1e99f4,NULL,D3
3517,5f2bcad7ba0be61b0c1e99f5,NULL,D3
3518,5f2bcad7ba0be61b0c1e99f6,NULL,D3
3519,5f2bcad7ba0be61b0c1e99f7,NULL,D3
3520,5f2bcad7ba0be61b0c1e99f8,NULL,D3
3521,5f2bcad7ba0be61b0c1e99f9,NULL,D3
3522,5f2bcad7ba0be61b0c1e99fb,OHIO,D3
3523,5f2bcad7ba0be61b0c1e99fd,NULL,D3
3524,5f2bcad7ba0be61b0c1e99ff,Null,D3
3527,5f2bcad7ba0be61b0c1e9a03,NULL,D3
3528,5f2bcad7ba0be61b0c1e9a04,OHIO,D3
3529,5f2bcad7ba0be61b0c1e9a05,NULL,D3
3530,5f2bcad7ba0be61b0c1e9a06,NULL,D3
3531,5f2bcad7ba0be61b0c1e9a07,NULL,D3
3532,5f2bcad7ba0be61b0c1e9a08,NULL,D3
3533,5f2bcad7ba0be61b0c1e9a09,NULL,D3
3534,5f2bcad7ba0be61b0c1e9a0a,NULL,D3
3535,5f2bcad7ba0be61b0c1e9a0b,NULL,D3
3536,5f2bcad7ba0be61b0c1e9a0c,NULL,D3
3537,5f2bcad7ba0be61b0c1e9a0d,NULL,D3
3538,5f2bcad7ba0be61b0c1e9a0e,OHIO,D3
3539,5f2bcad7ba0be61b0c1e9a0f,NULL,D3
3540,5f2bcad7ba0be61b0c1e9a10,NULL,D3
3541,5f2bcad7ba0be61b0c1e9a11,NULL,D3
3543,5f2bcad7ba0be61b0c1e9a13,NULL,D3
3544,5f2bcad7ba0be61b0c1e9a14,NULL,D3
3545,5f2bcad7ba0be61b0c1e9a16,NULL,D3
3546,5f2bcad7ba0be61b0c1e9a17,NULL,D3
3547,5f2bcad7ba0be61b0c1e9a18,NULL,D3
3548,5f2bcad7ba0be61b0c1e9a19,NULL,D3
3549,5f2bcad7ba0be61b0c1e9a1a,NULL,D3
3550,5f2bcad7ba0be61b0c1e9a1b,NULL,D3
3551,5f2bcad7ba0be61b0c1e9a1c,NULL,D3
3553,5f2bcad7ba0be61b0c1e9a1e,NULL,D3
3554,5f2bcad7ba0be61b0c1e9a1f,NULL,D3
3556,5f2bcad7ba0be61b0c1e9a23,NULL,D3
3558,5f2bcad7ba0be61b0c1e9a25,NULL,D3
3559,5f2bcad7ba0be61b0c1e9a26,NULL,D3
3560,5f2bcad7ba0be61b0c1e9a29,NULL,D3
3561,5f2bcad7ba0be61b0c1e9a2a,NULL,D3
3562,5f2bcad7ba0be61b0c1e9a2b,NULL,D3
3563,5f2bcad7ba0be61b0c1e9a2c,NULL,D3
3564,5f2bcad7ba0be61b0c1e9a2d,NULL,D3
3566,5f2bcad7ba0be61b0c1e9a2f,OHIO,D3
3567,5f2bcad7ba0be61b0c1e9a30,NULL,D3
3568,5f2bcad7ba0be61b0c1e9a31,NULL,D3
3571,5f2bcad7ba0be61b0c1e9a34,NULL,D3
3572,5f2bcad7ba0be61b0c1e9a35,NULL,D3
3574,5f2bcad7ba0be61b0c1e9a37,NULL,D3
3576,5f2bcad7ba0be61b0c1e9a39,NULL,D3
3578,5f2bcad7ba0be61b0c1e9a3c,NULL,D3
3582,5f2bcad7ba0be61b0c1e9a41,NULL,D3
3584,5f2bcad7ba0be61b0c1e9a43,NULL,D3
3585,5f2bcad7ba0be61b0c1e9a44,NULL,D3
3586,5f2bcad7ba0be61b0c1e9a45,NULL,D3
3587,5f2bcad7ba0be61b0c1e9a46,NULL,D3
3590,5f2bcad7ba0be61b0c1e9a4a,NULL,D3
3591,5f2bcad7ba0be61b0c1e9a4b,NULL,D3
3593,5f2bcad7ba0be61b0c1e9a4d,NULL,D3
3594,5f2bcad7ba0be61b0c1e9a4f,NULL,D3
3597,5f2bcad7ba0be61b0c1e9a52,NULL,D3
3600,5f2bcad7ba0be61b0c1e9a55,NULL,D3
3601,5f2bcad7ba0be61b0c1e9a56,NULL,D3
3602,5f2bcad7ba0be61b0c1e9a58,NULL,D3
3603,5f2bcad7ba0be61b0c1e9a59,Ann Arbor Public Schools,D3
3604,5f2bcad7ba0be61b0c1e9a5a,Ann Arbor Public Schools,D3
3605,5f2bcad7ba0be61b0c1e9a5b,NULL,D3
3606,5f2bcad7ba0be61b0c1e9a5d,NULL,D3
3610,5f2bcad7ba0be61b0c1e9a66,NULL,D3
3611,5f2bcad7ba0be61b0c1e9a67,NULL,D3
3612,5f2bcad7ba0be61b0c1e9a68,NULL,D3
3613,5f2bcad7ba0be61b0c1e9a69,NULL,D3
3615,5f2bcad7ba0be61b0c1e9a6b,NULL,D3
3616,5f2bcad7ba0be61b0c1e9a6c,NULL,D3
3617,5f2bcad7ba0be61b0c1e9a6d,NULL,D3
3618,5f2bcad7ba0be61b0c1e9a6e,NULL,D3
3621,5f2bcad7ba0be61b0c1e9a71,NULL,D3
3622,5f2bcad7ba0be61b0c1e9a72,NULL,D3
3623,5f2bcad7ba0be61b0c1e9a73,NULL,D3
3624,5f2bcad7ba0be61b0c1e9a74,NULL,D3
3625,5f2bcad7ba0be61b0c1e9a75,NULL,D3
3626,5f2bcad7ba0be61b0c1e9a77,NULL,D3
3627,5f2bcad7ba0be61b0c1e9a79,NULL,D3
3628,5f2bcad7ba0be61b0c1e9a7a,NULL,D3
3629,5f2bcad7ba0be61b0c1e9a7b,NULL,D3
3630,5f2bcad7ba0be61b0c1e9a7c,NULL,D3
3634,5f2bcad7ba0be61b0c1e9a81,NULL,D3
3635,5f2bcad7ba0be61b0c1e9a82,NULL,D3
3636,5f2bcad7ba0be61b0c1e9a83,NULL,D3
3637,5f2bcad7ba0be61b0c1e9a84,NULL,D3
3640,5f2bcad7ba0be61b0c1e9a87,NULL,D3
3641,5f2bcad7ba0be61b0c1e9a88,NULL,D3
3642,5f2bcad7ba0be61b0c1e9a89,NULL,D3
3644,5f2bcad7ba0be61b0c1e9a8b,NULL,D3
3645,5f2bcad7ba0be61b0c1e9a8c,NULL,D3
3646,5f2bcad7ba0be61b0c1e9a8d,NULL,D3
3647,5f2bcad7ba0be61b0c1e9a8e,NULL,D3
3648,5f2bcad7ba0be61b0c1e9a8f,NULL,D3
3649,5f2bcad7ba0be61b0c1e9a90,NULL,D3
3650,5f2bcad7ba0be61b0c1e9a91,NULL,D3
3651,5f2bcad7ba0be61b0c1e9a92,NULL,D3
3652,5f2bcad7ba0be61b0c1e9a93,NULL,D3
3654,5f2bcad7ba0be61b0c1e9a95,NULL,D3
3655,5f2bcad7ba0be61b0c1e9a96,NULL,D3
3657,5f2bcad7ba0be61b0c1e9a98,NULL,D3
3658,5f2bcad7ba0be61b0c1e9a99,NULL,D3
3659,5f2bcad7ba0be61b0c1e9a9a,NULL,D3
3660,5f2bcad7ba0be61b0c1e9a9c,NULL,D3
3661,5f2bcad7ba0be61b0c1e9a9d,NULL,D3
3662,5f2bcad7ba0be61b0c1e9a9e,NULL,D3
3663,5f2bcad7ba0be61b0c1e9a9f,NULL,D3
3664,5f2bcad7ba0be61b0c1e9aa0,NULL,D3
3665,5f2bcad7ba0be61b0c1e9aa1,NULL,D3
3666,5f2bcad7ba0be61b0c1e9aa2,NULL,D3
3667,5f2bcad7ba0be61b0c1e9aa3,NULL,D3
3668,5f2bcad7ba0be61b0c1e9aa4,NULL,D3
3669,5f2bcad7ba0be61b0c1e9aa5,NULL,D3
3670,5f2bcad7ba0be61b0c1e9aa7,NULL,D3
3671,5f2bcad7ba0be61b0c1e9aa9,NULL,D3
3672,5f2bcad7ba0be61b0c1e9aaa,NULL,D3
3673,5f2bcad7ba0be61b0c1e9aab,NULL,D3
3674,5f2bcad7ba0be61b0c1e9aac,NULL,D3
3675,5f2bcad7ba0be61b0c1e9aad,NULL,D3
3676,5f2bcad7ba0be61b0c1e9aae,NULL,D3
3678,5f2bcad7ba0be61b0c1e9ab0,NULL,D3
3679,5f2bcad7ba0be61b0c1e9ab1,NULL,D3
3680,5f2bcad7ba0be61b0c1e9ab2,NULL,D3
3681,5f2bcad7ba0be61b0c1e9ab3,NULL,D3
3682,5f2bcad7ba0be61b0c1e9ab5,NULL,D3
3683,5f2bcad7ba0be61b0c1e9ab6,NULL,D3
3684,5f2bcad7ba0be61b0c1e9ab7,NULL,D3
3685,5f2bcad7ba0be61b0c1e9ab9,NULL,D3
3686,5f2bcad7ba0be61b0c1e9abc,NULL,D3
3687,5f2bcad7ba0be61b0c1e9abd,NULL,D3
3688,5f2bcad7ba0be61b0c1e9abe,NULL,D3
3689,5f2bcad7ba0be61b0c1e9abf,NULL,D3
3690,5f2bcad7ba0be61b0c1e9ac0,NULL,D3
3691,5f2bcad7ba0be61b0c1e9ac1,NULL,D3
3692,5f2bcad7ba0be61b0c1e9ac2,NULL,D3
3693,5f2bcad7ba0be61b0c1e9ac3,NULL,D3
3694,5f2bcad7ba0be61b0c1e9ac4,NULL,D3
3695,5f2bcad7ba0be61b0c1e9ac5,NULL,D3
3696,5f2bcad7ba0be61b0c1e9ac6,NULL,D3
3697,5f2bcad7ba0be61b0c1e9ac7,NULL,D3
3699,5f2bcad7ba0be61b0c1e9aca,NULL,D3
3700,5f2bcad7ba0be61b0c1e9acb,NULL,D3
3701,5f2bcad7ba0be61b0c1e9acc,NULL,D3
3702,5f2bcad7ba0be61b0c1e9acd,NULL,D3
3703,5f2bcad7ba0be61b0c1e9ace,NULL,D3
3704,5f2bcad7ba0be61b0c1e9acf,NULL,D3
3705,5f2bcad7ba0be61b0c1e9ad0,NULL,D3
3706,5f2bcad7ba0be61b0c1e9ad1,San Jose Unified School District,D3
3707,5f2bcad7ba0be61b0c1e9ad3,NULL,D3
3708,5f2bcad7ba0be61b0c1e9ad4,NULL,D3
3709,5f2bcad7ba0be61b0c1e9ad5,NULL,D3
3710,5f2bcad7ba0be61b0c1e9ad7,NULL,D3
3711,5f2bcad7ba0be61b0c1e9ad8,NULL,D3
3713,5f2bcad7ba0be61b0c1e9ada,NULL,D3
3714,5f2bcad7ba0be61b0c1e9adb,NULL,D3
3715,5f2bcad7ba0be61b0c1e9add,NULL,D3
3716,5f2bcad7ba0be61b0c1e9ade,NULL,D3
3717,5f2bcad7ba0be61b0c1e9adf,NULL,D3
3718,5f2bcad7ba0be61b0c1e9ae0,NULL,D3
3719,5f2bcad7ba0be61b0c1e9ae1,NULL,D3
3722,5f2bcad7ba0be61b0c1e9ae4,NULL,D3
3723,5f2bcad7ba0be61b0c1e9ae5,NULL,D3
3724,5f2bcad7ba0be61b0c1e9ae6,NULL,D3
3725,5f2bcad7ba0be61b0c1e9ae7,NULL,D3
3726,5f2bcad7ba0be61b0c1e9ae8,NULL,D3
3727,5f2bcad7ba0be61b0c1e9aea,NULL,D3
3728,5f2bcad7ba0be61b0c1e9aeb,NULL,D3
3729,5f2bcad7ba0be61b0c1e9aec,NULL,D3
3730,5f2bcad7ba0be61b0c1e9aed,NULL,D3
3731,5f2bcad7ba0be61b0c1e9aee,NULL,D3
3732,5f2bcad7ba0be61b0c1e9aef,NULL,D3
3733,5f2bcad7ba0be61b0c1e9af0,NULL,D3
3734,5f2bcad7ba0be61b0c1e9af3,NULL,D3
3735,5f2bcad7ba0be61b0c1e9af4,NULL,D3
3736,5f2bcad7ba0be61b0c1e9af5,NULL,D3
3738,5f2bcad7ba0be61b0c1e9af7,NULL,D3
3739,5f2bcad7ba0be61b0c1e9af8,NULL,D3
3741,5f2bcad7ba0be61b0c1e9afa,NULL,D3
3742,5f2bcad7ba0be61b0c1e9afb,NULL,D3
3743,5f2bcad7ba0be61b0c1e9afc,NULL,D3
3744,5f2bcad7ba0be61b0c1e9afd,NULL,D3
3745,5f2bcad7ba0be61b0c1e9afe,NULL,D3
3746,5f2bcad7ba0be61b0c1e9aff,NULL,D3
3747,5f2bcad7ba0be61b0c1e9b00,NULL,D3
3748,5f2bcad7ba0be61b0c1e9b03,NULL,D3
3749,5f2bcad7ba0be61b0c1e9b06,NULL,D3
3750,5f2bcad7ba0be61b0c1e9b07,NULL,D3
3751,5f2bcad7ba0be61b0c1e9b08,NULL,D3
3752,5f2bcad7ba0be61b0c1e9b0f,NULL,D3
3753,5f2bcad7ba0be61b0c1e9b13,NULL,D3
3754,5f2bcad7ba0be61b0c1e9b15,NULL,D3
3755,5f2bcad7ba0be61b0c1e9b16,NULL,D3
3756,5f2bcad7ba0be61b0c1e9b17,NULL,D3
3758,5f2bcad7ba0be61b0c1e9b19,NULL,D3
3759,5f2bcad7ba0be61b0c1e9b1a,NULL,D3
3760,5f2bcad7ba0be61b0c1e9b1c,NULL,D3
3761,5f2bcad7ba0be61b0c1e9b1d,NULL,D3
3762,5f2bcad7ba0be61b0c1e9b1e,NULL,D3
3763,5f2bcad7ba0be61b0c1e9b1f,NULL,D3
3764,5f2bcad7ba0be61b0c1e9b20,NULL,D3
3765,5f2bcad7ba0be61b0c1e9b21,NULL,D3
3766,5f2bcad7ba0be61b0c1e9b23,NULL,D3
3767,5f2bcad7ba0be61b0c1e9b24,NULL,D3
3768,5f2bcad7ba0be61b0c1e9b27,NULL,D3
3769,5f2bcad7ba0be61b0c1e9b28,NULL,D3
3770,5f2bcad7ba0be61b0c1e9b29,NULL,D3
3772,5f2bcad7ba0be61b0c1e9b2d,NULL,D3
3773,5f2bcad7ba0be61b0c1e9b2e,NULL,D3
3774,5f2bcad7ba0be61b0c1e9b2f,NULL,D3
3775,5f2bcad7ba0be61b0c1e9b30,NULL,D3
3776,5f2bcad7ba0be61b0c1e9b31,Fulton County School System,D3
3777,5f2bcad7ba0be61b0c1e9b32,NULL,D3
3778,5f2bcad7ba0be61b0c1e9b33,NULL,D3
3779,5f2bcad7ba0be61b0c1e9b34,NULL,D3
3783,5f2bcad7ba0be61b0c1e9b38,NULL,D3
3785,5f2bcad7ba0be61b0c1e9b3a,NULL,D3
3786,5f2bcad7ba0be61b0c1e9b3b,NULL,D3
3787,5f2bcad7ba0be61b0c1e9b3c,NULL,D3
3788,5f2bcad7ba0be61b0c1e9b3e,NULL,D3
3789,5f2bcad7ba0be61b0c1e9b3f,NULL,D3
3790,5f2bcad7ba0be61b0c1e9b40,NULL,D3
3791,5f2bcad7ba0be61b0c1e9b41,NULL,D3
3792,5f2bcad7ba0be61b0c1e9b42,NULL,D3
3793,5f2bcad7ba0be61b0c1e9b43,NULL,D3
3794,5f2bcad7ba0be61b0c1e9b44,NULL,D3
3795,5f2bcad7ba0be61b0c1e9b45,NULL,D3
3797,5f2bcad7ba0be61b0c1e9b47,NULL,D3
3798,5f2bcad7ba0be61b0c1e9b48,NULL,D3
3799,5f2bcad7ba0be61b0c1e9b49,NULL,D3
3801,5f2bcad7ba0be61b0c1e9b4b,NULL,D3
3802,5f2bcad7ba0be61b0c1e9b4c,NULL,D3
3803,5f2bcad7ba0be61b0c1e9b4d,NULL,D3
3804,5f2bcad7ba0be61b0c1e9b4e,NULL,D3
3805,5f2bcad7ba0be61b0c1e9b4f,NULL,D3
3806,5f2bcad7ba0be61b0c1e9b50,NULL,D3
3807,5f2bcad7ba0be61b0c1e9b51,NULL,D3
3808,5f2bcad7ba0be61b0c1e9b52,NULL,D3
3809,5f2bcad7ba0be61b0c1e9b53,NULL,D3
3810,5f2bcad7ba0be61b0c1e9b54,NULL,D3
3811,5f2bcad7ba0be61b0c1e9b55,NULL,D3
3812,5f2bcad7ba0be61b0c1e9b56,NULL,D3
3813,5f2bcad7ba0be61b0c1e9b57,NULL,D3
3814,5f2bcad7ba0be61b0c1e9b58,NULL,D3
3815,5f2bcad7ba0be61b0c1e9b59,NULL,D3
3816,5f2bcad7ba0be61b0c1e9b5a,NULL,D3
3817,5f2bcad7ba0be61b0c1e9b5b,NULL,D3
3818,5f2bcad7ba0be61b0c1e9b5c,NULL,D3
3819,5f2bcad7ba0be61b0c1e9b5d,NULL,D3
3820,5f2bcad7ba0be61b0c1e9b5e,NULL,D3
3821,5f2bcad7ba0be61b0c1e9b5f,NULL,D3
3822,5f2bcad7ba0be61b0c1e9b60,NULL,D3
3823,5f2bcad7ba0be61b0c1e9b61,NULL,D3
3824,5f2bcad7ba0be61b0c1e9b62,NULL,D3
3825,5f2bcad7ba0be61b0c1e9b63,NULL,D3
3826,5f2bcad7ba0be61b0c1e9b64,NULL,D3
3827,5f2bcad7ba0be61b0c1e9b65,NULL,D3
3828,5f2bcad7ba0be61b0c1e9b66,NULL,D3
3830,5f2bcad7ba0be61b0c1e9b68,NULL,D3
3831,5f2bcad7ba0be61b0c1e9b69,NULL,D3
3832,5f2bcad7ba0be61b0c1e9b6c,NULL,D3
3833,5f2bcad7ba0be61b0c1e9b6e,NULL,D3
3835,5f2bcad7ba0be61b0c1e9b70,NULL,D3
3836,5f2bcad7ba0be61b0c1e9b71,NULL,D3
3837,5f2bcad7ba0be61b0c1e9b72,NULL,D3
3838,5f2bcad7ba0be61b0c1e9b73,NULL,D3
3839,5f2bcad7ba0be61b0c1e9b75,NULL,D3
3841,5f2bcad7ba0be61b0c1e9b7c,Boulder Valley School District,D3
3843,5f2bcad7ba0be61b0c1e9b80,NULL,D3
3845,5f2bcad7ba0be61b0c1e9b82,NULL,D3
3846,5f2bcad7ba0be61b0c1e9b83,NULL,D3
3848,5f2bcad7ba0be61b0c1e9b85,NULL,D3
3849,5f2bcad7ba0be61b0c1e9b86,NULL,D3
3851,5f2bcad7ba0be61b0c1e9b88,NULL,D3
3852,5f2bcad7ba0be61b0c1e9b89,NULL,D3
3853,5f2bcad7ba0be61b0c1e9b8a,NULL,D3
3854,5f2bcad7ba0be61b0c1e9b8b,NULL,D3
3856,5f2bcad7ba0be61b0c1e9b8d,NULL,D3
3857,5f2bcad7ba0be61b0c1e9b8e,NULL,D3
3858,5f2bcad7ba0be61b0c1e9b8f,NULL,D3
3859,5f2bcad7ba0be61b0c1e9b90,NULL,D3
3860,5f2bcad7ba0be61b0c1e9b91,NULL,D3
3861,5f2bcad7ba0be61b0c1e9b92,NULL,D3
3862,5f2bcad7ba0be61b0c1e9b93,BLUE,D3
3863,5f2bcad7ba0be61b0c1e9b94,NULL,D3
3864,5f2bcad7ba0be61b0c1e9b95,NULL,D3
3865,5f2bcad7ba0be61b0c1e9b96,NULL,D3
3866,5f2bcad7ba0be61b0c1e9b97,NULL,D3
3867,5f2bcad7ba0be61b0c1e9b98,NULL,D3
3868,5f2bcad7ba0be61b0c1e9b9b,NULL,D3
3870,5f2bcad7ba0be61b0c1e9b9d,NULL,D3
3872,5f2bcad7ba0be61b0c1e9b9f,NULL,D3
3873,5f2bcad7ba0be61b0c1e9ba0,NULL,D3
3874,5f2bcad7ba0be61b0c1e9ba2,NULL,D3
3875,5f2bcad7ba0be61b0c1e9ba4,NULL,D3
3876,5f2bcad7ba0be61b0c1e9ba5,NULL,D3
3877,5f2bcad7ba0be61b0c1e9ba6,NULL,D3
3878,5f2bcad7ba0be61b0c1e9ba7,NULL,D3
3879,5f2bcad7ba0be61b0c1e9ba8,NULL,D3
3881,5f2bcad7ba0be61b0c1e9bab,NULL,D3
3882,5f2bcad7ba0be61b0c1e9bac,Wasatch County School District,D3
3883,5f2bcad7ba0be61b0c1e9bad,NULL,D3
3885,5f2bcad7ba0be61b0c1e9bb0,NULL,D3
3886,5f2bcad7ba0be61b0c1e9bb2,NULL,D3
3887,5f2bcad7ba0be61b0c1e9bb3,NULL,D3
3888,5f2bcad7ba0be61b0c1e9bb8,NULL,D3
3891,5f2bcad7ba0be61b0c1e9bbf,NULL,D3
3892,5f2bcad7ba0be61b0c1e9bc2,Austin Independent School District,D3
3893,5f2bcad7ba0be61b0c1e9bc3,NULL,D3
3894,5f2bcad7ba0be61b0c1e9bc6,NULL,D3
3895,5f2bcad7ba0be61b0c1e9bc7,NULL,D3
3896,5f2bcad7ba0be61b0c1e9bc8,NULL,D3
3897,5f2bcad7ba0be61b0c1e9bc9,NULL,D3
3898,5f2bcad7ba0be61b0c1e9bcc,NULL,D3
3899,5f2bcad7ba0be61b0c1e9bd2,NULL,D3
3900,5f2bcad7ba0be61b0c1e9bdb,NULL,D3
3901,5f2bcad7ba0be61b0c1e9bdc,NULL,D3
3902,5f2bcad7ba0be61b0c1e9bde,NULL,D3
3903,5f2bcad7ba0be61b0c1e9bdf,NULL,D3
3904,5f2bcad7ba0be61b0c1e9be0,NULL,D3
3905,5f2bcad7ba0be61b0c1e9be1,NULL,D3
3906,5f2bcad7ba0be61b0c1e9be4,NULL,D3
3907,5f2bcad7ba0be61b0c1e9be6,NULL,D3
3908,5f2bcad7ba0be61b0c1e9be9,NULL,D3
3909,5f2bcad7ba0be61b0c1e9bea,NULL,D3
3910,5f2bcad7ba0be61b0c1e9bef,NULL,D3
3911,5f2bcad7ba0be61b0c1e9bf0,NULL,D3
3912,5f2bcad7ba0be61b0c1e9bf1,NULL,D3
3913,5f2bcad7ba0be61b0c1e9bf2,NULL,D3
3914,5f2bcad7ba0be61b0c1e9bf3,NULL,D3
3915,5f2bcad7ba0be61b0c1e9bf4,NULL,D3
3916,5f2bcad7ba0be61b0c1e9bf8,NULL,D3
3917,5f2bcad7ba0be61b0c1e9bf9,NULL,D3
3918,5f2bcad7ba0be61b0c1e9bfc,NULL,D3
3919,5f2bcad7ba0be61b0c1e9bfd,NULL,D3
3920,5f2bcad7ba0be61b0c1e9c00,NULL,D3
3922,5f2bcad7ba0be61b0c1e9c04,NULL,D3
3923,5f2bcad7ba0be61b0c1e9c05,NULL,D3
3924,5f2bcad7ba0be61b0c1e9c07,Austin Independent School District,D3
3925,5f2bcad7ba0be61b0c1e9c08,Austin Independent School District,D3
3926,5f2bcad7ba0be61b0c1e9c0c,NULL,D3
3927,5f2bcad7ba0be61b0c1e9c0d,NULL,D3
3928,5f2bcad7ba0be61b0c1e9c0e,NULL,D3
3929,5f2bcad7ba0be61b0c1e9c0f,NULL,D3
3930,5f2bcad7ba0be61b0c1e9c10,NULL,D3
3931,5f2bcad7ba0be61b0c1e9c12,NULL,D3
3946,5f2bcad7ba0be61b0c1e9c22,NULL,D3
3947,5f2bcad7ba0be61b0c1e9c25,NULL,D3
3949,5f2bcad7ba0be61b0c1e9c33,NULL,D3
3950,5f2bcad7ba0be61b0c1e9c34,NULL,D3
3951,5f2bcad7ba0be61b0c1e9c35,NULL,D3
3952,5f2bcad7ba0be61b0c1e9c37,Austin Independent School District,D3
3953,5f2bcad7ba0be61b0c1e9c3e,NULL,D3
3954,5f2bcad7ba0be61b0c1e9c40,NULL,D3
3955,5f2bcad7ba0be61b0c1e9c41,NULL,D3
3956,5f2bcad7ba0be61b0c1e9c44,NULL,D3
3958,5f2bcad7ba0be61b0c1e9c47,NULL,D3
3961,5f2bcad7ba0be61b0c1e9c4e,NULL,D3
3962,5f2bcad7ba0be61b0c1e9c50,NULL,D3
3964,5f2bcad7ba0be61b0c1e9c53,NULL,D3
3965,5f2bcad7ba0be61b0c1e9c54,NULL,D3
3966,5f2bcad7ba0be61b0c1e9c55,NULL,D3
3967,5f2bcad7ba0be61b0c1e9c57,NULL,D3
3968,5f2bcad7ba0be61b0c1e9c58,NULL,D3
3969,5f2bcad7ba0be61b0c1e9c5b,NULL,D3
3970,5f2bcad7ba0be61b0c1e9c5c,Fulton County School System,D3
3971,5f2bcad7ba0be61b0c1e9c5e,NULL,D3
3972,5f2bcad7ba0be61b0c1e9c5f,NULL,D3
3973,5f2bcad7ba0be61b0c1e9c62,NULL,D3
3975,5f2bcad7ba0be61b0c1e9c65,NULL,D3
3977,5f2bcad7ba0be61b0c1e9c67,NULL,D3
3978,5f2bcad7ba0be61b0c1e9c69,NULL,D3
3979,5f2bcad7ba0be61b0c1e9c6b,NULL,D3
3980,5f2bcad7ba0be61b0c1e9c6c,NULL,D3
3982,5f2bcad7ba0be61b0c1e9c6e,NULL,D3
3983,5f2bcad7ba0be61b0c1e9c6f,NULL,D3
3984,5f2bcad7ba0be61b0c1e9c71,NULL,D3
3985,5f2bcad7ba0be61b0c1e9c78,Skillman Attendance works,D3
3986,5f2bcad7ba0be61b0c1e9c7b,NULL,D3
3989,5f2bcad7ba0be61b0c1e9c83,NULL,D3
3990,5f2bcad7ba0be61b0c1e9c87,NULL,D3
4010,5f2bcad7ba0be61b0c1e9ca1,NULL,D3
4013,5f2bcad7ba0be61b0c1e9ca6,NULL,D3
4014,5f2bcad7ba0be61b0c1e9ca9,Null,D3
4015,5f2bcad7ba0be61b0c1e9caa,NULL,D3
4016,5f2bcad7ba0be61b0c1e9cab,NULL,D3
4022,5f2bcad7ba0be61b0c1e9cb4,NULL,D3
4024,5f2bcad7ba0be61b0c1e9cb7,NULL,D3
4025,5f2bcad7ba0be61b0c1e9cb8,NULL,D3
4027,5f2bcad7ba0be61b0c1e9cbb,NULL,D3
4028,5f2bcad7ba0be61b0c1e9cbc,NULL,D3
4029,5f2bcad7ba0be61b0c1e9cc0,Manatee County School District,D3
4030,5f2bcad7ba0be61b0c1e9cc2,NULL,D3
4031,5f2bcad7ba0be61b0c1e9cc4,NULL,D3
4037,5f2bcad7ba0be61b0c1e9ccf,NULL,D3
4039,5f2bcad7ba0be61b0c1e9cd6,NULL,D3
4040,5f2bcad7ba0be61b0c1e9cd7,NULL,D3
4044,5f2bcad7ba0be61b0c1e9ce3,NULL,D3
4045,5f2bcad7ba0be61b0c1e9ce4,NULL,D3
4046,5f2bcad7ba0be61b0c1e9ce5,NULL,D3
4048,5f2bcad7ba0be61b0c1e9ce8,NULL,D3
4049,5f2bcad7ba0be61b0c1e9ce9,NULL,D3
4051,5f2bcad7ba0be61b0c1e9cee,NULL,D3
4053,5f2bcad7ba0be61b0c1e9cf0,NULL,D3
4054,5f2bcad7ba0be61b0c1e9cf2,NULL,D3
4055,5f2bcad7ba0be61b0c1e9cf4,NULL,D3
4056,5f2bcad7ba0be61b0c1e9cf5,NULL,D3
4057,5f2bcad7ba0be61b0c1e9cf6,NULL,D3
4058,5f2bcad7ba0be61b0c1e9cf7,NULL,D3
4059,5f2bcad7ba0be61b0c1e9cf8,NULL,D3
4060,5f2bcad7ba0be61b0c1e9cfa,NULL,D3
4063,5f2bcad7ba0be61b0c1e9cfe,NULL,D3
4065,5f2bcad7ba0be61b0c1e9d02,NULL,D3
4066,5f2bcad7ba0be61b0c1e9d03,NULL,D3
4067,5f2bcad7ba0be61b0c1e9d04,NULL,D3
4068,5f2bcad7ba0be61b0c1e9d05,NULL,D3
4070,5f2bcad7ba0be61b0c1e9d07,NULL,D3
4071,5f2bcad7ba0be61b0c1e9d08,San Jose Unified School District,D3
4072,5f2bcad7ba0be61b0c1e9d09,San Jose Unified School District,D3
4073,5f2bcad7ba0be61b0c1e9d0a,NULL,D3
4075,5f2bcad7ba0be61b0c1e9d0c,NULL,D3
4076,5f2bcad7ba0be61b0c1e9d0d,Griffin-Spalding County School System,D3
4077,5f2bcad7ba0be61b0c1e9d0f,NULL,D3
4078,5f2bcad7ba0be61b0c1e9d10,NULL,D3
4081,5f2bcad7ba0be61b0c1e9d15,Griffin-Spalding County School System,D3
4083,5f2bcad7ba0be61b0c1e9d17,NULL,D3
4085,5f2bcad7ba0be61b0c1e9d19,NULL,D3
4087,5f2bcad7ba0be61b0c1e9d1b,NULL,D3
4088,5f2bcad7ba0be61b0c1e9d1e,NULL,D3
4089,5f2bcad7ba0be61b0c1e9d1f,NULL,D3
4091,5f2bcad7ba0be61b0c1e9d26,NULL,D3
4093,5f2bcad7ba0be61b0c1e9d29,Fulton County School System,D3
4094,5f2bcad7ba0be61b0c1e9d2a,NULL,D3
4097,5f2bcad7ba0be61b0c1e9d2e,NULL,D3
4104,5f2bcad7ba0be61b0c1e9d3b,NULL,D3
4105,5f2bcad7ba0be61b0c1e9d3c,NULL,D3
4106,5f2bcad7ba0be61b0c1e9d3d,NULL,D3
4107,5f2bcad7ba0be61b0c1e9d3e,NULL,D3
4109,5f2bcad7ba0be61b0c1e9d42,NULL,D3
4116,5f2bcad8ba0be61b0c1e9d4d,NULL,D3
4117,5f2bcad8ba0be61b0c1e9d4e,NULL,D3
4120,5f2bcad8ba0be61b0c1e9d54,NULL,D3
4122,5f2bcad8ba0be61b0c1e9d58,NULL,D3
4123,5f2bcad8ba0be61b0c1e9d59,NULL,D3
4124,5f2bcad8ba0be61b0c1e9d5a,NULL,D3
4125,5f2bcad8ba0be61b0c1e9d5b,NULL,D3
4126,5f2bcad8ba0be61b0c1e9d5c,NULL,D3
4127,5f2bcad8ba0be61b0c1e9d5d,NULL,D3
4128,5f2bcad8ba0be61b0c1e9d5e,NULL,D3
4129,5f2bcad8ba0be61b0c1e9d5f,NULL,D3
4130,5f2bcad8ba0be61b0c1e9d60,NULL,D3
4131,5f2bcad8ba0be61b0c1e9d61,NULL,D3
4133,5f2bcad8ba0be61b0c1e9d64,NULL,D3
4134,5f2bcad8ba0be61b0c1e9d65,NULL,D3
4135,5f2bcad8ba0be61b0c1e9d66,NULL,D3
4136,5f2bcad8ba0be61b0c1e9d67,NULL,D3
4138,5f2bcad8ba0be61b0c1e9d69,NULL,D3
4139,5f2bcad8ba0be61b0c1e9d6a,NULL,D3
4142,5f2bcad8ba0be61b0c1e9d6e,NULL,D3
4145,5f2bcad8ba0be61b0c1e9d72,NULL,D3
4146,5f2bcad8ba0be61b0c1e9d73,NULL,D3
4147,5f2bcad8ba0be61b0c1e9d74,NULL,D3
4149,5f2bcad8ba0be61b0c1e9d76,NULL,D3
4151,5f2bcad8ba0be61b0c1e9d78,,D3
4152,5f2bcad8ba0be61b0c1e9d79,,D3
4154,5f2bcad8ba0be61b0c1e9d7d,NULL,D3
4155,5f2bcad8ba0be61b0c1e9d7e,NULL,D3
4157,5f2bcad8ba0be61b0c1e9d81,NULL,D3
4158,5f2bcad8ba0be61b0c1e9d83,NULL,D3
4159,5f2bcad8ba0be61b0c1e9d84,NULL,D3
4160,5f2bcad8ba0be61b0c1e9d85,NULL,D3
4176,5f2bcad8ba0be61b0c1e9d96,,D3
4177,5f2bcad8ba0be61b0c1e9d97,NULL,D3
4178,5f2bcad8ba0be61b0c1e9d98,NULL,D3
4179,5f2bcad8ba0be61b0c1e9d99,NULL,D3
4182,5f2bcad8ba0be61b0c1e9d9c,NULL,D3
4183,5f2bcad8ba0be61b0c1e9d9d,NULL,D3
4184,5f2bcad8ba0be61b0c1e9da0,NULL,D3
4185,5f2bcad8ba0be61b0c1e9da1,NULL,D3
4186,5f2bcad8ba0be61b0c1e9da2,NULL,D3
4187,5f2bcad8ba0be61b0c1e9da3,NULL,D3
4188,5f2bcad8ba0be61b0c1e9da6,NULL,D3
4190,5f2bcad8ba0be61b0c1e9da9,NULL,D3
4191,5f2bcad8ba0be61b0c1e9daa,NULL,D3
4192,5f2bcad8ba0be61b0c1e9dac,NULL,D3
4193,5f2bcad8ba0be61b0c1e9dad,NULL,D3
4195,5f2bcad8ba0be61b0c1e9daf,NULL,D3
4196,5f2bcad8ba0be61b0c1e9db2,NULL,D3
4201,5f2bcad8ba0be61b0c1e9db8,NULL,D3
4202,5f2bcad8ba0be61b0c1e9db9,NULL,D3
4203,5f2bcad8ba0be61b0c1e9dba,NULL,D3
4204,5f2bcad8ba0be61b0c1e9dbb,NULL,D3
4205,5f2bcad8ba0be61b0c1e9dbd,NULL,D3
4206,5f2bcad8ba0be61b0c1e9dbe,NULL,D3
4208,5f2bcad8ba0be61b0c1e9dc0,NULL,D3
4209,5f2bcad8ba0be61b0c1e9dc1,NULL,D3
4213,5f2bcad8ba0be61b0c1e9dc5,NULL,D3
4214,5f2bcad8ba0be61b0c1e9dc6,OHIO,D3
4216,5f2bcad8ba0be61b0c1e9dc8,NULL,D3
4218,5f2bcad8ba0be61b0c1e9dca,NULL,D3
4219,5f2bcad8ba0be61b0c1e9dcc,NULL,D3
4220,5f2bcad8ba0be61b0c1e9dcd,NULL,D3
4231,5f2bcad8ba0be61b0c1e9dd9,Manatee County School District,D3
4232,5f2bcad8ba0be61b0c1e9dda,NULL,D3
4233,5f2bcad8ba0be61b0c1e9ddb,NULL,D3
4234,5f2bcad8ba0be61b0c1e9ddc,NULL,D3
4235,5f2bcad8ba0be61b0c1e9ddd,NULL,D3
4236,5f2bcad8ba0be61b0c1e9dde,NULL,D3
4237,5f2bcad8ba0be61b0c1e9ddf,NULL,D3
4238,5f2bcad8ba0be61b0c1e9de0,NULL,D3
4239,5f2bcad8ba0be61b0c1e9de1,NULL,D3
4241,5f2bcad8ba0be61b0c1e9de3,OHIO,D3
4242,5f2bcad8ba0be61b0c1e9de5,NULL,D3
4243,5f2bcad8ba0be61b0c1e9de6,NULL,D3
4244,5f2bcad8ba0be61b0c1e9de7,NULL,D3
4245,5f2bcad8ba0be61b0c1e9de8,NULL,D3
4246,5f2bcad8ba0be61b0c1e9de9,BLUE,D3
4247,5f2bcad8ba0be61b0c1e9dea,NULL,D3
4248,5f2bcad8ba0be61b0c1e9deb,NULL,D3
4249,5f2bcad8ba0be61b0c1e9ded,NULL,D3
4250,5f2bcad8ba0be61b0c1e9dee,NULL,D3
4253,5f2bcad8ba0be61b0c1e9df1,NULL,D3
4254,5f2bcad8ba0be61b0c1e9df2,NULL,D3
4255,5f2bcad8ba0be61b0c1e9df3,NULL,D3
4256,5f2bcad8ba0be61b0c1e9df4,NULL,D3
4258,5f2bcad8ba0be61b0c1e9df8,BLUE,D3
4259,5f2bcad8ba0be61b0c1e9df9,NULL,D3
4260,5f2bcad8ba0be61b0c1e9dfa,NULL,D3
4261,5f2bcad8ba0be61b0c1e9dfb,NULL,D3
4263,5f2bcad8ba0be61b0c1e9dfe,NULL,D3
4264,5f2bcad8ba0be61b0c1e9dff,NULL,D3
4265,5f2bcad8ba0be61b0c1e9e00,BLUE,D3
4266,5f2bcad8ba0be61b0c1e9e01,NULL,D3
4267,5f2bcad8ba0be61b0c1e9e02,NULL,D3
4268,5f2bcad8ba0be61b0c1e9e03,NULL,D3
4269,5f2bcad8ba0be61b0c1e9e04,NULL,D3
4270,5f2bcad8ba0be61b0c1e9e05,NULL,D3
4271,5f2bcad8ba0be61b0c1e9e06,NULL,D3
4272,5f2bcad8ba0be61b0c1e9e07,NULL,D3
4273,5f2bcad8ba0be61b0c1e9e09,NULL,D3
4274,5f2bcad8ba0be61b0c1e9e0b,BLUE,D3
4276,5f2bcad8ba0be61b0c1e9e0d,NULL,D3
4277,5f2bcad8ba0be61b0c1e9e0e,NULL,D3
4278,5f2bcad8ba0be61b0c1e9e0f,NULL,D3
4279,5f2bcad8ba0be61b0c1e9e10,NULL,D3
4280,5f2bcad8ba0be61b0c1e9e11,NULL,D3
4281,5f2bcad8ba0be61b0c1e9e12,NULL,D3
4291,5f2bcad8ba0be61b0c1e9e1c,,D3
4292,5f2bcad8ba0be61b0c1e9e21,NULL,D3
4293,5f2bcad8ba0be61b0c1e9e23,NULL,D3
4294,5f2bcad8ba0be61b0c1e9e24,NULL,D3
4295,5f2bcad8ba0be61b0c1e9e26,NULL,D3
4297,5f2bcad8ba0be61b0c1e9e28,NULL,D3
4298,5f2bcad8ba0be61b0c1e9e29,NULL,D3
4299,5f2bcad8ba0be61b0c1e9e2a,NULL,D3
4301,5f2bcad8ba0be61b0c1e9e31,NULL,D3
4302,5f2bcad8ba0be61b0c1e9e32,NULL,D3
4303,5f2bcad8ba0be61b0c1e9e33,NULL,D3
4304,5f2bcad8ba0be61b0c1e9e34,OHIO,D3
4305,5f2bcad8ba0be61b0c1e9e35,NULL,D3
4307,5f2bcad8ba0be61b0c1e9e39,NULL,D3
4308,5f2bcad8ba0be61b0c1e9e3a,NULL,D3
4309,5f2bcad8ba0be61b0c1e9e3b,BLUE,D3
4310,5f2bcad8ba0be61b0c1e9e3c,NULL,D3
4311,5f2bcad8ba0be61b0c1e9e3d,NULL,D3
4313,5f2bcad8ba0be61b0c1e9e41,NULL,D3
4314,5f2bcad8ba0be61b0c1e9e42,NULL,D3
4316,5f2bcad8ba0be61b0c1e9e44,NULL,D3
4317,5f2bcad8ba0be61b0c1e9e45,NULL,D3
4318,5f2bcad8ba0be61b0c1e9e46,NULL,D3
4319,5f2bcad8ba0be61b0c1e9e47,NULL,D3
4320,5f2bcad8ba0be61b0c1e9e4a,NULL,D3
4321,5f2bcad8ba0be61b0c1e9e4b,NULL,D3
4349,5f2bcad8ba0be61b0c1e9e67,NULL,D3
4350,5f2bcad8ba0be61b0c1e9e68,NULL,D3
4351,5f2bcad8ba0be61b0c1e9e69,NULL,D3
4352,5f2bcad8ba0be61b0c1e9e6b,NULL,D3
4353,5f2bcad8ba0be61b0c1e9e6c,NULL,D3
4361,5f2bcad8ba0be61b0c1e9e76,NULL,D3
4363,5f2bcad8ba0be61b0c1e9e78,NULL,D3
4364,5f2bcad8ba0be61b0c1e9e79,NULL,D3
4380,5f2bcad8ba0be61b0c1e9e8c,NULL,D3
4381,5f2bcad8ba0be61b0c1e9e8d,NULL,D3
4384,5f2bcad8ba0be61b0c1e9e90,NULL,D3
4385,5f2bcad8ba0be61b0c1e9e91,NULL,D3
4386,5f2bcad8ba0be61b0c1e9e93,NULL,D3
4387,5f2bcad8ba0be61b0c1e9e94,NULL,D3
4389,5f2bcad8ba0be61b0c1e9e98,NULL,D3
4390,5f2bcad8ba0be61b0c1e9e9c,BLUE,D3
4391,5f2bcad8ba0be61b0c1e9e9d,NULL,D3
4392,5f2bcad8ba0be61b0c1e9e9e,NULL,D3
4393,5f2bcad8ba0be61b0c1e9e9f,NULL,D3
4394,5f2bcad8ba0be61b0c1e9ea0,NULL,D3
4395,5f2bcad8ba0be61b0c1e9ea1,NULL,D3
4396,5f2bcad8ba0be61b0c1e9ea2,NULL,D3
4400,5f2bcad8ba0be61b0c1e9ea6,NULL,D3
4401,5f2bcad8ba0be61b0c1e9ea8,NULL,D3
4402,5f2bcad8ba0be61b0c1e9ea9,OHIO,D3
4405,5f2bcad8ba0be61b0c1e9eae,NULL,D3
4406,5f2bcad8ba0be61b0c1e9eaf,NULL,D3
4408,5f2bcad8ba0be61b0c1e9eb2,NULL,D3
4409,5f2bcad8ba0be61b0c1e9eb5,NULL,D3
4410,5f2bcad8ba0be61b0c1e9eb6,NULL,D3
4413,5f2bcad8ba0be61b0c1e9eba,NULL,D3
4418,5f2bcad8ba0be61b0c1e9ec2,NULL,D3
4421,5f2bcad8ba0be61b0c1e9ec5,NULL,D3
4422,5f2bcad8ba0be61b0c1e9ec6,NULL,D3
4423,5f2bcad8ba0be61b0c1e9ec7,NULL,D3
4424,5f2bcad8ba0be61b0c1e9ec9,NULL,D3
4425,5f2bcad8ba0be61b0c1e9eca,NULL,D3
4426,5f2bcad8ba0be61b0c1e9ecf,NULL,D3
4427,5f2bcad8ba0be61b0c1e9ed1,BLUE,D3
4428,5f2bcad8ba0be61b0c1e9ed2,NULL,D3
4429,5f2bcad8ba0be61b0c1e9ed5,NULL,D3
4430,5f2bcad8ba0be61b0c1e9ed6,NULL,D3
4432,5f2bcad8ba0be61b0c1e9ed8,NULL,D3
4433,5f2bcad8ba0be61b0c1e9ed9,NULL,D3
4436,5f2bcad8ba0be61b0c1e9edc,NULL,D3
4439,5f2bcad8ba0be61b0c1e9ee2,NULL,D3
4440,5f2bcad8ba0be61b0c1e9ee5,NULL,D3
4441,5f2bcad8ba0be61b0c1e9ee7,NULL,D3
4442,5f2bcad8ba0be61b0c1e9eeb,NULL,D3
4443,5f2bcad8ba0be61b0c1e9eec,NULL,D3
4445,5f2bcad8ba0be61b0c1e9eef,NULL,D3
4446,5f2bcad8ba0be61b0c1e9ef0,NULL,D3
4447,5f2bcad8ba0be61b0c1e9ef1,NULL,D3
4448,5f2bcad8ba0be61b0c1e9ef2,NULL,D3
4449,5f2bcad8ba0be61b0c1e9ef3,NULL,D3
4450,5f2bcad8ba0be61b0c1e9ef5,NULL,D3
4451,5f2bcad8ba0be61b0c1e9ef6,NULL,D3
4452,5f2bcad8ba0be61b0c1e9ef7,NULL,D3
4453,5f2bcad8ba0be61b0c1e9efa,NULL,D3
4454,5f2bcad8ba0be61b0c1e9efb,NULL,D3
4455,5f2bcad8ba0be61b0c1e9efe,NULL,D3
4456,5f2bcad8ba0be61b0c1e9eff,NULL,D3
4458,5f2bcad8ba0be61b0c1e9f05,NULL,D3
4459,5f2bcad8ba0be61b0c1e9f06,NULL,D3
4460,5f2bcad8ba0be61b0c1e9f07,NULL,D3
4461,5f2bcad8ba0be61b0c1e9f08,NULL,D3
4462,5f2bcad8ba0be61b0c1e9f0a,Fulton County School System,D3
4464,5f2bcad8ba0be61b0c1e9f0c,NULL,D3
4465,5f2bcad8ba0be61b0c1e9f0d,NULL,D3
4466,5f2bcad8ba0be61b0c1e9f0e,NULL,D3
4467,5f2bcad8ba0be61b0c1e9f0f,NULL,D3
4468,5f2bcad8ba0be61b0c1e9f10,NULL,D3
4469,5f2bcad8ba0be61b0c1e9f13,NULL,D3
4470,5f2bcad8ba0be61b0c1e9f16,NULL,D3
4471,5f2bcad8ba0be61b0c1e9f18,NULL,D3
4472,5f2bcad8ba0be61b0c1e9f1c,NULL,D3
4473,5f2bcad8ba0be61b0c1e9f1e,NULL,D3
4474,5f2bcad8ba0be61b0c1e9f20,NULL,D3
4476,5f2bcad8ba0be61b0c1e9f22,NULL,D3
4477,5f2bcad8ba0be61b0c1e9f27,NULL,D3
4478,5f2bcad8ba0be61b0c1e9f28,NULL,D3
4479,5f2bcad8ba0be61b0c1e9f29,NULL,D3
4482,5f2bcad8ba0be61b0c1e9f2c,NULL,D3
4483,5f2bcad8ba0be61b0c1e9f2d,NULL,D3
4485,5f2bcad8ba0be61b0c1e9f30,NULL,D3
4486,5f2bcad8ba0be61b0c1e9f31,NULL,D3
4487,5f2bcad8ba0be61b0c1e9f33,NULL,D3
4488,5f2bcad8ba0be61b0c1e9f34,NULL,D3
4491,5f2bcad8ba0be61b0c1e9f3b,NULL,D3
4492,5f2bcad8ba0be61b0c1e9f3d,NULL,D3
4493,5f2bcad8ba0be61b0c1e9f3e,,D3
4494,5f2bcad8ba0be61b0c1e9f3f,,D3
4495,5f2bcad8ba0be61b0c1e9f40,,D3
4496,5f2bcad8ba0be61b0c1e9f41,,D3
4497,5f2bcad8ba0be61b0c1e9f42,,D3
4498,5f2bcad8ba0be61b0c1e9f43,,D3
4499,5f2bcad8ba0be61b0c1e9f44,,D3
4500,5f2bcad8ba0be61b0c1e9f45,NULL,D3
4509,5f2bcad8ba0be61b0c1e9f4e,NULL,D3
4511,5f2bcad8ba0be61b0c1e9f51,NULL,D3
4512,5f2bcad8ba0be61b0c1e9f53,NULL,D3
4514,5f2bcad8ba0be61b0c1e9f56,NULL,D3
4516,5f2bcad8ba0be61b0c1e9f58,NULL,D3
4517,5f2bcad8ba0be61b0c1e9f59,NULL,D3
4518,5f2bcad8ba0be61b0c1e9f5a,OHIO,D3
4519,5f2bcad8ba0be61b0c1e9f5f,NULL,D3
4520,5f2bcad8ba0be61b0c1e9f60,NULL,D3
4522,5f2bcad8ba0be61b0c1e9f63,NULL,D3
4523,5f2bcad8ba0be61b0c1e9f65,NULL,D3
4524,5f2bcad8ba0be61b0c1e9f66,NULL,D3
4525,5f2bcad8ba0be61b0c1e9f67,OHIO,D3
4527,5f2bcad8ba0be61b0c1e9f6a,NULL,D3
4528,5f2bcad8ba0be61b0c1e9f6f,NULL,D3
4529,5f2bcad8ba0be61b0c1e9f70,NULL,D3
4530,5f2bcad8ba0be61b0c1e9f71,NULL,D3
4532,5f2bcad8ba0be61b0c1e9f73,NULL,D3
4533,5f2bcad8ba0be61b0c1e9f74,NULL,D3
4535,5f2bcad8ba0be61b0c1e9f78,NULL,D3
4536,5f2bcad8ba0be61b0c1e9f79,NULL,D3
4537,5f2bcad8ba0be61b0c1e9f7a,OHIO,D3
4538,5f2bcad8ba0be61b0c1e9f7c,NULL,D3
4539,5f2bcad8ba0be61b0c1e9f7d,NULL,D3
4540,5f2bcad8ba0be61b0c1e9f7e,NULL,D3
4542,5f2bcad8ba0be61b0c1e9f81,Austin Independent School District,D3
4543,5f2bcad8ba0be61b0c1e9f82,NULL,D3
4544,5f2bcad8ba0be61b0c1e9f83,NULL,D3
4545,5f2bcad8ba0be61b0c1e9f84,Attendance works,D3
4546,5f2bcad8ba0be61b0c1e9f85,NULL,D3
4547,5f2bcad8ba0be61b0c1e9f86,NULL,D3
4548,5f2bcad8ba0be61b0c1e9f87,NULL,D3
4549,5f2bcad8ba0be61b0c1e9f95,NULL,D3
4550,5f2bcad8ba0be61b0c1e9f97,NULL,D3
4551,5f2bcad8ba0be61b0c1e9fab,NULL,D3
4553,5f2bcad8ba0be61b0c1e9faf,NULL,D3
4557,5f2bcad8ba0be61b0c1e9fbf,NULL,D3
4558,5f2bcad8ba0be61b0c1e9fc0,NULL,D3
4559,5f2bcad8ba0be61b0c1e9fc2,NULL,D3
4560,5f2bcad8ba0be61b0c1e9fc5,NULL,D3
4562,5f2bcad8ba0be61b0c1e9fcd,NULL,D3
4563,5f2bcad8ba0be61b0c1e9fce,NULL,D3
4566,5f2bcad8ba0be61b0c1e9fdf,NULL,D3
4569,5f2bcad8ba0be61b0c1e9ff9,Goleta District,D3
4571,5f2bcad8ba0be61b0c1e9ffd,NULL,D3
4572,5f2bcad8ba0be61b0c1ea002,NULL,D3
4573,5f2bcad8ba0be61b0c1ea008,NULL,D3
4576,5f2bcad8ba0be61b0c1ea018,NULL,D3
4577,5f2bcad8ba0be61b0c1ea01c,NULL,D3
4578,5f2bcad8ba0be61b0c1ea01d,NULL,D3
4579,5f2bcad8ba0be61b0c1ea01e,NULL,D3
4583,5f2bcad8ba0be61b0c1ea03b,NULL,D3
4584,5f2bcad8ba0be61b0c1ea03c,NULL,D3
4586,5f2bcad8ba0be61b0c1ea046,NULL,D3
4589,5f2bcad8ba0be61b0c1ea054,NULL,D3
4591,5f2bcad8ba0be61b0c1ea05c,NULL,D3
4593,5f2bcad8ba0be61b0c1ea069,NULL,D3
4596,5f2bcad8ba0be61b0c1ea06c,NULL,D3
4597,5f2bcad8ba0be61b0c1ea06f,NULL,D3
4598,5f2bcad8ba0be61b0c1ea072,NULL,D3
4599,5f2bcad8ba0be61b0c1ea078,NULL,D3
4601,5f2bcad8ba0be61b0c1ea082,NULL,D3
4602,5f2bcad8ba0be61b0c1ea084,NULL,D3
4603,5f2bcad8ba0be61b0c1ea086,NULL,D3
4604,5f2bcad8ba0be61b0c1ea087,NULL,D3
4605,5f2bcad8ba0be61b0c1ea088,NULL,D3
4606,5f2bcad8ba0be61b0c1ea08d,NULL,D3
4609,5f2bcad8ba0be61b0c1ea098,NULL,D3
4610,5f2bcad8ba0be61b0c1ea09c,NULL,D3
4611,5f2bcad8ba0be61b0c1ea09d,NULL,D3
4613,5f2bcad8ba0be61b0c1ea0a2,NULL,D3
4615,5f2bcad8ba0be61b0c1ea0a5,NULL,D3
4616,5f2bcad8ba0be61b0c1ea0a6,NULL,D3
4617,5f2bcad8ba0be61b0c1ea0a8,NULL,D3
4619,5f2bcad8ba0be61b0c1ea0ac,NULL,D3
4622,5f2bcad8ba0be61b0c1ea0c0,NULL,D3
4623,5f2bcad8ba0be61b0c1ea0c3,NULL,D3
4626,5f2bcad8ba0be61b0c1ea0d9,NULL,D3
4628,5f2bcad8ba0be61b0c1ea0e3,NULL,D3
4629,5f2bcad8ba0be61b0c1ea0e5,NULL,D3
4634,5f2bcad8ba0be61b0c1ea0ee,NULL,D3
4635,5f2bcad8ba0be61b0c1ea0ef,NULL,D3
4636,5f2bcad8ba0be61b0c1ea0f0,NULL,D3
4638,5f2bcad8ba0be61b0c1ea102,NULL,D3
4642,5f2bcad8ba0be61b0c1ea117,NULL,D3
4643,5f2bcad8ba0be61b0c1ea119,NULL,D3
4644,5f2bcad8ba0be61b0c1ea11c,NULL,D3
4648,5f2bcadaba0be61b0c1ea133,NULL,D3
4649,5f2bcadaba0be61b0c1ea136,NULL,D3
4653,5f2bcadaba0be61b0c1ea140,NULL,D3
4655,5f2bcadaba0be61b0c1ea144,Skillman Attendance works,D3
4657,5f2bcadaba0be61b0c1ea151,NULL,D3
4660,5f2bcadaba0be61b0c1ea155,NULL,D3
4661,5f2bcadaba0be61b0c1ea15a,NULL,D3
4662,5f2bcadaba0be61b0c1ea16c,NULL,D3
4663,5f2bcadaba0be61b0c1ea171,NULL,D3
4664,5f2bcadaba0be61b0c1ea176,NULL,D3
4665,5f2bcadaba0be61b0c1ea177,NULL,D3
4667,5f2bcadaba0be61b0c1ea17b,NULL,D3
4668,5f2bcadaba0be61b0c1ea17f,NULL,D3
4669,5f2bcadaba0be61b0c1ea180,NULL,D3
4670,5f2bcadaba0be61b0c1ea181,NULL,D3
4671,5f2bcadaba0be61b0c1ea182,NULL,D3
4672,5f2bcadaba0be61b0c1ea183,NULL,D3
4673,5f2bcadaba0be61b0c1ea184,NULL,D3
4674,5f2bcadaba0be61b0c1ea185,NULL,D3
4675,5f2bcadaba0be61b0c1ea186,NULL,D3
4676,5f2bcadaba0be61b0c1ea188,NULL,D3
4677,5f2bcadaba0be61b0c1ea189,NULL,D3
4678,5f2bcadaba0be61b0c1ea18a,NULL,D3
4679,5f2bcadaba0be61b0c1ea18c,NULL,D3
4680,5f2bcadaba0be61b0c1ea18d,NULL,D3
4681,5f2bcadaba0be61b0c1ea18e,NULL,D3
4682,5f2bcadaba0be61b0c1ea18f,NULL,D3
4683,5f2bcadaba0be61b0c1ea190,NULL,D3
4684,5f2bcadaba0be61b0c1ea191,NULL,D3
4686,5f2bcadaba0be61b0c1ea196,NULL,D3
4687,5f2bcadaba0be61b0c1ea197,NULL,D3
4688,5f2bcadaba0be61b0c1ea198,NULL,D3
4689,5f2bcadaba0be61b0c1ea199,NULL,D3
4690,5f2bcadaba0be61b0c1ea19a,NULL,D3
4691,5f2bcadaba0be61b0c1ea19d,NULL,D3
4692,5f2bcadaba0be61b0c1ea1a2,,D3
4699,5f2bcadaba0be61b0c1ea1b7,NULL,D3
4700,5f2bcadaba0be61b0c1ea1b8,NULL,D3
4701,5f2bcadaba0be61b0c1ea1b9,NULL,D3
4706,5f2bcadaba0be61b0c1ea1c2,NULL,D3
4707,5f2bcadaba0be61b0c1ea1c3,NULL,D3
4712,5f2bcadaba0be61b0c1ea1d5,NULL,D3
4714,5f2bcadaba0be61b0c1ea1dc,NULL,D3
4715,5f2bcadaba0be61b0c1ea1e1,NULL,D3
4719,5f2bcadaba0be61b0c1ea1ee,NULL,D3
4723,5f2bcadaba0be61b0c1ea20f,NULL,D3
4728,5f2bcadaba0be61b0c1ea216,NULL,D3
4729,5f2bcadaba0be61b0c1ea217,NULL,D3
4730,5f2bcadaba0be61b0c1ea21b,NULL,D3
4731,5f2bcadaba0be61b0c1ea223,NULL,D3
4738,5f2bcadaba0be61b0c1ea25f,NULL,D3
4739,5f2bcadaba0be61b0c1ea261,NULL,D3
4742,5f2bcadaba0be61b0c1ea27b,NULL,D3
4779,5f2bcadaba0be61b0c1ea301,NULL,D3
4798,5f2bcadaba0be61b0c1ea353,NULL,D3
4800,5f2bcadaba0be61b0c1ea35b,NULL,D3
4804,5f2bcadaba0be61b0c1ea37e,NULL,D3
4817,5f2bcadaba0be61b0c1ea3e1,NULL,D3
4819,5f2bcadaba0be61b0c1ea3eb,NULL,D3
4828,5f2bcadaba0be61b0c1ea417,NULL,D3
4835,5f2bcadaba0be61b0c1ea43f,NULL,D3
4838,5f2bcadaba0be61b0c1ea446,Attendance works,D3
4862,5f2bcadbba0be61b0c1ea54c,NULL,D3
4863,5f2bcadbba0be61b0c1ea54d,NULL,D3
4865,5f2bcadbba0be61b0c1ea551,NULL,D3
4866,5f2bcadbba0be61b0c1ea552,NULL,D3
4867,5f2bcadbba0be61b0c1ea553,NULL,D3
4868,5f2bcadbba0be61b0c1ea554,NULL,D3
4871,5f2bcadbba0be61b0c1ea55c,NULL,D3
4872,5f2bcadbba0be61b0c1ea562,NULL,D3
4881,5f2bcadbba0be61b0c1ea57a,NULL,D3
4884,5f2bcadbba0be61b0c1ea585,NULL,D3
4898,5f2bcadbba0be61b0c1ea5a6,NULL,D3
4900,5f2bcadbba0be61b0c1ea5ad,NULL,D3
4915,5f2bcadbba0be61b0c1ea5cc,NULL,D3
4917,5f2bcadbba0be61b0c1ea5cf,NULL,D3
4918,5f2bcadbba0be61b0c1ea5d0,NULL,D3
4923,5f2bcadbba0be61b0c1ea5e5,NULL,D3
4925,5f2bcadbba0be61b0c1ea5e7,NULL,D3
4928,5f4ca257e893e805f460bab9,NULL,D3
4929,5f4ca257e893e805f460baba,NULL,D3
4931,5f4ca257e893e805f460bac0,NULL,D3
4933,5f4ca257e893e805f460bac3,NULL,D3
4934,5f4ca257e893e805f460bac5,NULL,D3
4937,5f4d48f80136bd120756c6d8,NULL,D3
4940,5f4eb6909475ea1e25048187,NULL,D3
4958,5f51fb52b6145139394ca18a,NULL,D3
4959,5f52ae6b1b1d8b39055e92ce,NULL,D3
4960,5f5609d11b1d8b39055ea5a5,NULL,D3
4973,5f58e2ca22a9de32555fb769,NULL,D3
4974,5f59493322a9de32555fd035,NULL,D3
4975,5f5a28f947d72e4153e7c8f5,NULL,D3
4976,5f5a432cd5896b54d34ddeb7,Ann Arbor Public Schools,D3
4978,5f5b801605469149dd3c4a6c,NULL,D3
4979,5f5bad8a099cb3f26454528a,NULL,D3
4985,5f63051896c96e7f4f243f2b,NULL,D3
4988,5f66bceec3382a7e2535916b,NULL,D3
4993,5f68d78a8a615a31bfedaac3,NULL,D3
5011,5f7339c1a6b4a7678442b297,NULL,D3
5012,5f734d71a6b4a7678442b7d1,NULL,D3
5018,5f7566976e5383757fa2c2e2,NULL,D3
5019,5f75680c6e5383757fa2c2ee,NULL,D3
5021,5f7c06e4594bfd01c8208a1f,NULL,D3
5051,5f7fec4cec158173c1fb095e,NULL,D3
5067,5f8705e020ed9f06939a502d,NULL,D3
5069,5f88e70b94df290e980fef06,NULL,D3
5070,5f8a4b0b257a59549189c12c,NULL,D3
5072,5f8dce1e7cf9da2e9484d8a7,NULL,D3
5073,5f8f06f14d9fdc4def95d7b8,NULL,D3
5074,5f8f91024d9fdc4def95ee2c,NULL,D3
5077,5fa093bd67f162218739c368,NULL,D3
5078,5fa17df7caad2a449ecf4174,NULL,D3
5081,5fa306eecaad2a449ecf775e,NULL,D3
5082,5fa3867d98293b13f9cf2024,NULL,D3
5092,5fab48b25099054f1e37daee,NULL,D3
5095,5fac50d045f31c41f8d2b123,NULL,D3
5096,5fb299e3a617751d6179c0a8,NULL,D3
5107,5fd224d15d62034e19d8add0,NULL,D3
5128,5ff88a54c33ee86fdcaaa638,,D3
5134,600871812aa8da51bc20b7ed,,D3
5148,6021cfb82143a85d8980ac97,,D3
5157,6041d98e8b700c4ffad6d3fa,NULL,D3
5332,60586796d01d28c1b971d49c,Skillman Attendance works,D3
5333,605a2b963c3903ffec66d02d,NULL,D3
