,USER_NAME,EMAIL_ID,DEVICE_USED,MODE_OF_PAYMENT,TYPE_OF_PAYMENT,Last_Payment_Date,Payment_Amount
0,DIAN (DINA) GROSSMAN KJAERGAARD,diankj@gmail.com,COMPASS,ONLINE,DONATION,2021-04-20,51.099998474121094
1,PERRIN WRIGHT,perringwright@gmail.com,COMPASS,ONLINE,DONATION,2021-05-09,500.0
278,IRIS PARK,rexrico@yahoo.com,NFG,ONLINE,DONATION,2020-07-06,25.0
279,CHERYL SYLVIA,NO EMAIL,NFG,ONLINE,DONATION,2020-07-09,50.0
280,DG & JL SVENDEN,NO EMAIL,NFG,ONLINE,DONATION,2020-07-15,35.0
281,ROBERT DELAIVE,bdelaive@verizon.net,NFG,ONLINE,DONATION,2020-08-13,500.0
282,KATHI KEMPER,kathi.kemper.md@gmail.com,NFG,ONLINE,DONATION,2020-08-26,50.0
283,SHERITA CEASAR,sherita_ceasar@cable.comcast.com,NFG,ONLINE,DONATION,2020-09-04,2500.0
284,KRISTIE DELUCA,kristiecotter@me.com,NFG,ONLINE,DONATION,2020-09-15,1000.0
285,PAUL SUGAR,paulsugar@cox.net,NFG,ONLINE,DONATION,2020-09-17,125.0
286,LAURA BAKOSH,lbakosh@innerexplorer.org,CAMPAIGN,ONLINE,DONATION,2020-09-24,25.0
287,SAMANTHA ALLISON,sallison@innerexplorer.org,NFG,ONLINE,DONATION,2020-09-24,2500.0
288,KATHI KEMPER,kathi.kemper.md@gmail.com,NFG,ONLINE,DONATION,2020-09-26,50.0
289,DEBRA ESTON,debbieeston@gmail.com,NFG,ONLINE,DONATION,2020-09-30,2000.0
290,CARLA L GREGORY,gregory.carla@gmail.com,CAMPAIGN,ONLINE,DONATION,2020-10-21,50.0
291,JILL EDWARDS,jilledw14@gmail.com,CAMPAIGN,ONLINE,DONATION,2020-10-21,50.0
292,JENNIFER LIN,jwlin.mit@gmail.com,NFG,ONLINE,DONATION,2020-10-26,2000.0
293,JENNIFER LIN,jwlin.mit@gmail.com,NFG,ONLINE,DONATION,2020-10-26,2000.0
294,KATHI KEMPER,kathi.kemper.md@gmail.com,NFG,ONLINE,DONATION,2020-10-26,50.0
295,THERESA HENNESY,theresaahennesy@gmail.com,NFG,ONLINE,DONATION,2020-11-19,500.0
296,KENDRA HOLMAN,Muehlfelt.Kendra@gmail.com,CAMPAIGN,ONLINE,DONATION,2020-10-30,10.0
297,PAULA GREEN,pjakgreen@msn.com,CAMPAIGN,ONLINE,DONATION,2020-11-05,5.0
298,LISSET HANEWICZ,gonzalez_lisset@yahoo.com,CAMPAIGN,ONLINE,DONATION,2020-11-09,50.0
299,HISTORIC UPTOWN,historicuptown@gmail.com,CAMPAIGN,ONLINE,DONATION,2020-11-10,100.0
300,KATHLEEN BEAM,kpbeam5@comcast.net,NFG,ONLINE,DONATION,2020-11-19,500.0
301,JULIE NADEAU,juliehouli@me.com,NFG,ONLINE,DONATION,2020-11-24,25.0
302,KATHI KEMPER,kathi.kemper.md@gmail.com,NFG,ONLINE,DONATION,2020-11-26,50.0
303,ELLEN HECHT,ellendhecht@gmail.com,NFG,ONLINE,DONATION,2020-11-28,25.0
304,REBEKA SALEMI,NO EMAIL,NFG,ONLINE,DONATION,2020-11-29,275.0
305,NINA BERNARDI,nkbfreelance@gmail.com,NFG,ONLINE,DONATION,2020-11-30,75.0
306,SHELLY SMITH,mctjsmith21@gmail.com,NFG,ONLINE,DONATION,2020-11-30,50.0
307,DIANE BERNARDI,dmbernardi@aol.com,NFG,ONLINE,DONATION,2020-12-01,50.0
308,JOE BERNARDI,196bernardi@gmail.com,NFG,ONLINE,DONATION,2020-12-01,200.0
309,LAURIE GROSSMAN,NO EMAIL,NFG,ONLINE,DONATION,2020-12-01,1000.0
310,SHERITA CEASAR,sherita_ceasar@cable.comcast.com,NFG,ONLINE,DONATION,2020-12-01,2500.0
311,LISA CAHILL,lisarcahill@gmaill.com,PAYPAL,ONLINE,DONATION,2020-12-01,255.5
312,MARY REDINGTON,maryredington@chart.com,PAYPAL,ONLINE,DONATION,2020-12-01,102.2
313,JIM GRAZINANO,jgraz510@gmail.com,PAYPAL,ONLINE,DONATION,2020-12-01,102.2
314,LISA BOYNES SINDAS,fireflywellnessmd@gmail.com,PAYPAL,ONLINE,DONATION,2020-12-01,10.22
315,PAUL SINGH,paul.singh@certusplus.com,PAYPAL,ONLINE,DONATION,2020-12-02,1.02
316,JOHAN BARRIOS,jcb033@hotmail.com,PAYPAL,ONLINE,DONATION,2020-12-02,100.0
317,GREG DUPLESSIE,gduplessie@gmail.com,PAYPAL,ONLINE,DONATION,2020-12-02,10.22
318,BONNIE AYERS,ban3alob@gmail.com,PAYPAL,ONLINE,DONATION,2020-12-04,10.22
319,PAMELA MULLEN,mullthree@aol.com,PAYPAL,ONLINE,DONATION,2020-12-04,51.1
320,SARAH DRAKE,sdrake508-earthlink.net,PAYPAL,ONLINE,DONATION,2020-12-05,102.2
321,LISA THOMPSON,lthompson@sturbridgegrowthpartners.com,PAYPAL,ONLINE,DONATION,2020-12-10,102.2
322,KRISHNAPRASAD SHETTY,shalinikpshetty@yahoo.com,PAYPAL,ONLINE,DONATION,2020-12-11,51.1
323,KRISTIE DELUCA,kristiecotter@me.com,NFG,ONLINE,DONATION,2020-12-15,1000.0
324,VOSS BABCOCK,NO EMAIL,NFG,ONLINE,DONATION,2020-12-16,500.0
359,DENNETTE GARDNER,dennette.gardner@yahoo.com,NFG,ONLINE,DONATION,2020-12-16,100.0
360,PAUL SUGAR,paulsugar@cox.net,NFG,ONLINE,DONATION,2020-12-17,125.0
361,NANCY GROSSMAN,nancyeve2@gmail.com,NFG,ONLINE,DONATION,2020-12-18,1000.0
362,TRACEY EDWARDS,tracey@edwards123.com,NFG,ONLINE,DONATION,2020-12-21,2000.0
363,RANDEE STAPLETON,randeelyn@gmail.com,NFG,ONLINE,DONATION,2020-12-22,500.0
364,JANICE HOULIHAN,NO EMAIL,NFG,ONLINE,DONATION,2020-12-23,1500.0
365,SHERITA CEASAR,sherita_ceasar@cable.comcast.com,NFG,ONLINE,DONATION,2020-12-24,10000.0
366,PAULA SANDHAM,Paula.Sandham@dell.com,NFG,ONLINE,DONATION,2020-12-24,500.0
367,KATHI KEMPER,kathi.kemper.md@gmail.com,NFG,ONLINE,DONATION,2020-12-26,50.0
368,JANE GROSSMAN,NO EMAIL,NFG,ONLINE,DONATION,2020-12-28,2000.0
369,STEPHEN WARSHAW,stephen@linchpinatlarge.com,NFG,ONLINE,DONATION,2020-12-29,1000.0
370,SAMANTHA ALLISON,sallison@innerexplorer.org,PAYPAL,ONLINE,DONATION,2020-12-30,2550.0
371,GREG DUPLESSIE,gduplessie@gmail.com,PAYPAL,ONLINE,DONATION,2020-12-30,102.2
372,DON MATTOS,mattos.don@gmail.com,PAYPAL,ONLINE,DONATION,2020-12-30,100.0
373,JOANNE LIBERLES,joanne.liberles@gibsonsir.com,NFG,ONLINE,DONATION,2020-12-31,1000.0
374,MICHAEL ORMSBY,mormsby41@gmail.com,NFG,ONLINE,DONATION,2020-12-31,250.0
375,MICHAEL PRUELL,mpruell06@hotmail.com,NFG,ONLINE,DONATION,2020-12-31,400.0
376,DEBRA ESTON,NO EMAIL,NFG,ONLINE,DONATION,2020-12-31,3000.0
377,AVNEET,aarora@1gen.io,SQUARE PAYMENT,ONLINE,DONATION,2020-12-04,51.1
378,CONSTANCE,cquinta@swbell.net,SQUARE PAYMENT,ONLINE,DONATION,2020-12-02,51.1
379,HARSH,harsh@1gen.io,SQUARE PAYMENT,ONLINE,DONATION,2020-12-01,2.0
380,HARSH,harsh@1gen.io,SQUARE PAYMENT,ONLINE,DONATION,2020-12-01,1.0
381,HISTORIC UPTOWN,historicuptown@gmail.com,SQUARE PAYMENT,ONLINE,DONATION,2020-11-10,100.0
382,LISSET HANEWICZ,gonzalez_lisset@yahoo.com,PAYPAL,ONLINE,DONATION,2020-11-09,50.0
383,PAULA GREEN,pjakgreen@msn.com,PAYPAL,ONLINE,DONATION,2020-11-05,5.0
384,KENDRA HOLMAN,Muehlfelt.Kendra@gmail.com,SQUARE PAYMENT,ONLINE,DONATION,2020-10-30,10.0
385,RAJBIR KAUR,rajbir@1gen.io,PAYPAL,ONLINE,DONATION,2020-10-29,1.0
386,RAJBIR KAUR,rajbir@1gen.io,PAYPAL,ONLINE,DONATION,2020-10-28,1.0
387,CARLA L GREGORY,gregory.carla@gmail.com,SQUARE PAYMENT,ONLINE,DONATION,2020-10-21,50.0
388,JILL EDWARDS,jilledw14@gmail.com,SQUARE PAYMENT,ONLINE,DONATION,2020-10-21,50.0
389,RAJBIR KAUR,rkaur@innerexplorer.org,SQUARE PAYMENT,ONLINE,DONATION,2020-09-24,1.0
390,LAURA BAKOSH,lbakosh@innerexplorer.org,SQUARE PAYMENT,ONLINE,DONATION,2020-09-24,25.0
1076,MINDFUL 30,NO EMAIL,NFG,ONLINE,DONATION,2020-11-30,2017.15
1077,JUDY LEVIN & BARRY EPSTEIN,NO EMAIL,NFG,ONLINE,DONATION,2021-01-21,500.0
1078,KATHI KEMPER,NO EMAIL,NFG,ONLINE,DONATION,2021-01-26,50.0
1079,MARY REDINGTON,NO EMAIL,PAYPAL,ONLINE,DONATION,2021-01-29,102.2
1080,Kristie DeLuca,kristiecotter@me.com,CHECK,ONLINE,DONATION,2021-01-26,1000.0
1081,Jill Devane,jill.devane@hhchealth.org,SQUARE PAYMENT,ONLINE,DONATION,2021-02-05,10.0
1082,Laura Bakosh,lbakosh@innerexplorer.org,PAYPAL,ONLINE,DONATION,2021-02-05,10.0
1083,Paul Singh,paul@1gen.io,PAYPAL,ONLINE,DONATION,2021-02-09,1.0
1084,Sallie & Martin Land,atoussai@aol.com,PAYPAL,ONLINE,DONATION,2021-02-10,100.0
1085,Kathi Kemper,kathi.kemper.md@gmail.com,NFG,ONLINE,DONATION,2021-02-26,50.0
1086,Saideep  Raj,saideep.raj@accenture.com,CHECK,ONLINE,DONATION,2021-02-17,10000.0
1087,Janine Milakeve,NO EMAIL,CHECK,ONLINE,DONATION,2021-02-27,100.0
1088,Sherita Ceasar,sherita_ceasar@cable.comcast.com,NFG,ONLINE,DONATION,2021-03-09,2500.0
1089,Kristie DeLuca,kristiecotter@me.com,CHECK,ONLINE,DONATION,2021-03-09,1500.0
1090,Paul Sugar,paulsugar@cox.net,NFG,ONLINE,DONATION,2021-03-17,125.0
1091,Samantha Allison,NO EMAIL,CHECK,ONLINE,DONATION,2021-03-19,2500.0
1092,Kathi Kemper,kathi.kemper.md@gmail.com,NFG,ONLINE,DONATION,2021-03-26,50.0
1093,Sarah Drake,sdrake508@earthlink.net,CHECK,ONLINE,DONATION,2021-03-01,25.0
1094,Laura Bakosh,lbakosh@innerexplorer.org,PAYPAL,ONLINE,DONATION,2021-04-14,102.0
1095,Rajbir,rajbir@1gen.io,PAYPAL,ONLINE,DONATION,2021-04-15,1.0
1096,Adam Avin,thinkwell@wufshanti.com,PAYPAL,ONLINE,DONATION,2021-04-16,36.0
1097,Kathi Kemper,kathi.kemper.md@gmail.com,NFG,ONLINE,DONATION,2021-04-26,50.0
