,0
0,5f2bca13ba0be61b0c1ca177
1,5f2bca13ba0be61b0c1ca1af
2,5f2bca14ba0be61b0c1ca299
3,5f2bca14ba0be61b0c1ca2aa
4,5f2bca14ba0be61b0c1ca2e0
5,5f2bca14ba0be61b0c1ca2fd
6,5f2bca14ba0be61b0c1ca39e
7,5f2bca14ba0be61b0c1ca3bd
8,5f2bca14ba0be61b0c1ca40a
9,5f2bca14ba0be61b0c1ca413
10,5f2bca14ba0be61b0c1ca472
11,5f2bca14ba0be61b0c1ca486
12,5f2bca14ba0be61b0c1ca4d7
13,5f2bca14ba0be61b0c1ca4f2
14,5f2bca16ba0be61b0c1ca582
15,5f2bca16ba0be61b0c1ca5a6
16,5f2bca16ba0be61b0c1ca5be
17,5f2bca16ba0be61b0c1ca5c9
18,5f2bca16ba0be61b0c1ca5ee
19,5f2bca16ba0be61b0c1ca672
20,5f2bca16ba0be61b0c1ca6ae
21,5f2bca16ba0be61b0c1ca771
22,5f2bca16ba0be61b0c1ca7c9
23,5f2bca16ba0be61b0c1ca7d6
24,5f2bca16ba0be61b0c1ca7f5
25,5f2bca16ba0be61b0c1ca835
26,5f2bca16ba0be61b0c1ca854
27,5f2bca16ba0be61b0c1ca857
28,5f2bca16ba0be61b0c1ca87c
29,5f2bca16ba0be61b0c1ca931
30,5f2bca18ba0be61b0c1ca9df
31,5f2bca18ba0be61b0c1ca9f9
32,5f2bca18ba0be61b0c1caa40
33,5f2bca18ba0be61b0c1caa8d
34,5f2bca18ba0be61b0c1caad0
35,5f2bca18ba0be61b0c1cab12
36,5f2bca18ba0be61b0c1cab30
37,5f2bca18ba0be61b0c1cabb7
38,5f2bca1aba0be61b0c1cada6
39,5f2bca1aba0be61b0c1cadc3
40,5f2bca1aba0be61b0c1cae16
41,5f2bca1aba0be61b0c1caf6a
42,5f2bca1aba0be61b0c1caf6b
43,5f2bca1aba0be61b0c1caf8b
44,5f2bca1aba0be61b0c1cafcf
45,5f2bca1aba0be61b0c1cb052
46,5f2bca1cba0be61b0c1cb13f
47,5f2bca1cba0be61b0c1cb1a8
48,5f2bca1cba0be61b0c1cb1dc
49,5f2bca1cba0be61b0c1cb1f4
50,5f2bca1cba0be61b0c1cb201
51,5f2bca1dba0be61b0c1cb2e9
52,5f2bca1dba0be61b0c1cb35b
53,5f2bca1dba0be61b0c1cb3a1
54,5f2bca1fba0be61b0c1cb728
55,5f2bca1fba0be61b0c1cb733
56,5f2bca1fba0be61b0c1cb75b
57,5f2bca1fba0be61b0c1cb761
58,5f2bca1fba0be61b0c1cb763
59,5f2bca1fba0be61b0c1cb848
60,5f2bca1fba0be61b0c1cb8a4
61,5f2bca1fba0be61b0c1cb8cb
62,5f2bca1fba0be61b0c1cb8d8
63,5f2bca20ba0be61b0c1cb909
64,5f2bca20ba0be61b0c1cb9a3
65,5f2bca20ba0be61b0c1cb9c4
66,5f2bca20ba0be61b0c1cb9e5
67,5f2bca20ba0be61b0c1cba5e
68,5f2bca20ba0be61b0c1cba94
69,5f2bca20ba0be61b0c1cbaa4
70,5f2bca20ba0be61b0c1cbab2
71,5f2bca20ba0be61b0c1cbabd
72,5f2bca20ba0be61b0c1cbaf0
73,5f2bca20ba0be61b0c1cbaf1
74,5f2bca20ba0be61b0c1cbb1f
75,5f2bca20ba0be61b0c1cbbfb
76,5f2bca20ba0be61b0c1cbc25
77,5f2bca21ba0be61b0c1cbd11
78,5f2bca21ba0be61b0c1cbd17
79,5f2bca21ba0be61b0c1cbd24
80,5f2bca21ba0be61b0c1cbd4f
81,5f2bca21ba0be61b0c1cbd95
82,5f2bca21ba0be61b0c1cbd9d
83,5f2bca21ba0be61b0c1cbde8
84,5f2bca21ba0be61b0c1cbe01
85,5f2bca21ba0be61b0c1cbf38
86,5f2bca21ba0be61b0c1cbf92
87,5f2bca21ba0be61b0c1cbfa6
88,5f2bca21ba0be61b0c1cc02d
89,5f2bca21ba0be61b0c1cc03c
90,5f2bca21ba0be61b0c1cc096
91,5f2bca21ba0be61b0c1cc0a0
92,5f2bca21ba0be61b0c1cc0b2
93,5f2bca22ba0be61b0c1cc10f
94,5f2bca22ba0be61b0c1cc156
95,5f2bca22ba0be61b0c1cc19e
96,5f2bca22ba0be61b0c1cc1e7
97,5f2bca22ba0be61b0c1cc214
98,5f2bca22ba0be61b0c1cc2d0
99,5f2bca22ba0be61b0c1cc2d4
100,5f2bca22ba0be61b0c1cc2e4
101,5f2bca22ba0be61b0c1cc3b0
102,5f2bca22ba0be61b0c1cc3bc
103,5f2bca22ba0be61b0c1cc3d3
104,5f2bca22ba0be61b0c1cc45c
105,5f2bca23ba0be61b0c1cc4a7
106,5f2bca23ba0be61b0c1cc4b0
107,5f2bca23ba0be61b0c1cc50d
108,5f2bca23ba0be61b0c1cc541
109,5f2bca23ba0be61b0c1cc5d8
110,5f2bca23ba0be61b0c1cc614
111,5f2bca23ba0be61b0c1cc666
112,5f2bca23ba0be61b0c1cc676
113,5f2bca23ba0be61b0c1cc681
114,5f2bca23ba0be61b0c1cc6a7
115,5f2bca23ba0be61b0c1cc705
116,5f2bca23ba0be61b0c1cc756
117,5f2bca23ba0be61b0c1cc7a3
118,5f2bca24ba0be61b0c1cc82b
119,5f2bca25ba0be61b0c1cc91b
120,5f2bca25ba0be61b0c1cc961
121,5f2bca25ba0be61b0c1cc962
122,5f2bca25ba0be61b0c1cc964
123,5f2bca25ba0be61b0c1cc967
124,5f2bca25ba0be61b0c1cc991
125,5f2bca25ba0be61b0c1cc997
126,5f2bca25ba0be61b0c1cca8b
127,5f2bca25ba0be61b0c1ccaab
128,5f2bca25ba0be61b0c1ccab2
129,5f2bca25ba0be61b0c1ccb71
130,5f2bca25ba0be61b0c1ccb9e
131,5f2bca25ba0be61b0c1ccbd6
132,5f2bca25ba0be61b0c1ccbfc
133,5f2bca25ba0be61b0c1ccc46
134,5f2bca26ba0be61b0c1ccc82
135,5f2bca26ba0be61b0c1ccc87
136,5f2bca26ba0be61b0c1ccc94
137,5f2bca26ba0be61b0c1ccd7f
138,5f2bca26ba0be61b0c1ccda6
139,5f2bca26ba0be61b0c1cce15
140,5f2bca26ba0be61b0c1cce2b
141,5f2bca26ba0be61b0c1cce8b
142,5f2bca26ba0be61b0c1ccf2b
143,5f2bca26ba0be61b0c1ccfe7
144,5f2bca26ba0be61b0c1cd017
145,5f2bca26ba0be61b0c1cd04b
146,5f2bca27ba0be61b0c1cd057
147,5f2bca27ba0be61b0c1cd05e
148,5f2bca27ba0be61b0c1cd0d0
149,5f2bca27ba0be61b0c1cd0d3
150,5f2bca27ba0be61b0c1cd131
151,5f2bca27ba0be61b0c1cd1df
152,5f2bca27ba0be61b0c1cd1fd
153,5f2bca27ba0be61b0c1cd217
154,5f2bca27ba0be61b0c1cd2e0
155,5f2bca27ba0be61b0c1cd3a3
156,5f2bca28ba0be61b0c1cd477
157,5f2bca28ba0be61b0c1cd491
158,5f2bca28ba0be61b0c1cd4fb
159,5f2bca28ba0be61b0c1cd52b
160,5f2bca29ba0be61b0c1cd5ba
161,5f2bca29ba0be61b0c1cd604
162,5f2bca29ba0be61b0c1cd6eb
163,5f2bca29ba0be61b0c1cd771
164,5f2bca29ba0be61b0c1cd793
165,5f2bca2aba0be61b0c1cd833
166,5f2bca2aba0be61b0c1cd844
167,5f2bca2aba0be61b0c1cd8ba
168,5f2bca2aba0be61b0c1cd9e2
169,5f2bca2aba0be61b0c1cda44
170,5f2bca2aba0be61b0c1cda5d
171,5f2bca2aba0be61b0c1cdaff
172,5f2bca2aba0be61b0c1cdb3f
173,5f2bca2aba0be61b0c1cdb89
174,5f2bca2aba0be61b0c1cdbbc
175,5f2bca2cba0be61b0c1cdc2c
176,5f2bca2cba0be61b0c1cdcb8
177,5f2bca2cba0be61b0c1cdcea
178,5f2bca2cba0be61b0c1cdcf5
179,5f2bca2cba0be61b0c1cdd1f
180,5f2bca2cba0be61b0c1cdde0
181,5f2bca2cba0be61b0c1cde28
182,5f2bca2cba0be61b0c1cde31
183,5f2bca2cba0be61b0c1cde33
184,5f2bca2cba0be61b0c1cdf67
185,5f2bca2cba0be61b0c1cdf80
186,5f2bca2cba0be61b0c1cdf99
187,5f2bca2cba0be61b0c1cdfb5
188,5f2bca2cba0be61b0c1cdfbe
189,5f2bca2cba0be61b0c1cdfe2
190,5f2bca2dba0be61b0c1ce04c
191,5f2bca2dba0be61b0c1ce072
192,5f2bca2dba0be61b0c1ce0ee
193,5f2bca2dba0be61b0c1ce11c
194,5f2bca2dba0be61b0c1ce193
195,5f2bca2dba0be61b0c1ce199
196,5f2bca2dba0be61b0c1ce293
197,5f2bca2dba0be61b0c1ce32c
198,5f2bca2dba0be61b0c1ce36c
199,5f2bca2eba0be61b0c1ce440
200,5f2bca2eba0be61b0c1ce4d5
201,5f2bca2eba0be61b0c1ce4f3
202,5f2bca2eba0be61b0c1ce537
203,5f2bca2eba0be61b0c1ce576
204,5f2bca2eba0be61b0c1ce5c9
205,5f2bca2eba0be61b0c1ce6ce
206,5f2bca2eba0be61b0c1ce6fd
207,5f2bca2eba0be61b0c1ce738
208,5f2bca2fba0be61b0c1ce835
209,5f2bca2fba0be61b0c1ce8fc
210,5f2bca2fba0be61b0c1cea2c
211,5f2bca2fba0be61b0c1cea9b
212,5f2bca2fba0be61b0c1ceabc
213,5f2bca2fba0be61b0c1ceb09
214,5f2bca30ba0be61b0c1cef04
215,5f2bca30ba0be61b0c1cef44
216,5f2bca31ba0be61b0c1cf0eb
217,5f2bca31ba0be61b0c1cf0f9
218,5f2bca31ba0be61b0c1cf145
219,5f2bca31ba0be61b0c1cf2de
220,5f2bca31ba0be61b0c1cf2f1
221,5f2bca32ba0be61b0c1cf478
222,5f2bca32ba0be61b0c1cf4f7
223,5f2bca32ba0be61b0c1cf538
224,5f2bca32ba0be61b0c1cf5d3
225,5f2bca33ba0be61b0c1cf818
226,5f2bca33ba0be61b0c1cf920
227,5f2bca33ba0be61b0c1cfa1c
228,5f2bca33ba0be61b0c1cfa63
229,5f2bca33ba0be61b0c1cfad7
230,5f2bca33ba0be61b0c1cfb06
231,5f2bca34ba0be61b0c1cfc02
232,5f2bca34ba0be61b0c1cfc45
233,5f2bca34ba0be61b0c1cfc7e
234,5f2bca34ba0be61b0c1cfd1e
235,5f2bca36ba0be61b0c1d0074
236,5f2bca37ba0be61b0c1d0384
237,5f2bca37ba0be61b0c1d03b0
238,5f2bca37ba0be61b0c1d040c
239,5f2bca37ba0be61b0c1d069c
240,5f2bca37ba0be61b0c1d06d5
241,5f2bca37ba0be61b0c1d06e0
242,5f2bca38ba0be61b0c1d073a
243,5f2bca38ba0be61b0c1d07be
244,5f2bca38ba0be61b0c1d0964
245,5f2bca38ba0be61b0c1d0a08
246,5f2bca38ba0be61b0c1d0ae9
247,5f2bca39ba0be61b0c1d0b91
248,5f2bca39ba0be61b0c1d0e2d
249,5f2bca3aba0be61b0c1d0faa
250,5f2bca3aba0be61b0c1d10b8
251,5f2bca3bba0be61b0c1d13a2
252,5f2bca3bba0be61b0c1d144a
253,5f2bca3bba0be61b0c1d1577
254,5f2bca3bba0be61b0c1d1638
255,5f2bca3bba0be61b0c1d166c
256,5f2bca3cba0be61b0c1d1704
257,5f2bca3dba0be61b0c1d19d8
258,5f2bca3eba0be61b0c1d1b15
259,5f2bca3eba0be61b0c1d1be3
260,5f2bca3eba0be61b0c1d1c58
261,5f2bca3eba0be61b0c1d1e3b
262,5f2bca42ba0be61b0c1d2731
263,5f2bca43ba0be61b0c1d2d9c
264,5f2bca44ba0be61b0c1d2f26
265,5f2bca45ba0be61b0c1d3431
266,5f2bca45ba0be61b0c1d3524
267,5f2bca46ba0be61b0c1d35f9
268,5f2bca46ba0be61b0c1d360a
269,5f2bca46ba0be61b0c1d3687
270,5f2bca46ba0be61b0c1d36a0
271,5f2bca46ba0be61b0c1d3746
272,5f2bca46ba0be61b0c1d3760
273,5f2bca46ba0be61b0c1d37c5
274,5f2bca46ba0be61b0c1d37c9
275,5f2bca46ba0be61b0c1d3822
276,5f2bca46ba0be61b0c1d3838
277,5f2bca46ba0be61b0c1d3869
278,5f2bca46ba0be61b0c1d38de
279,5f2bca46ba0be61b0c1d392e
280,5f2bca46ba0be61b0c1d395c
281,5f2bca46ba0be61b0c1d3961
282,5f2bca46ba0be61b0c1d399a
283,5f2bca46ba0be61b0c1d39b0
284,5f2bca46ba0be61b0c1d39c9
285,5f2bca47ba0be61b0c1d39d5
286,5f2bca47ba0be61b0c1d39dc
287,5f2bca47ba0be61b0c1d39dd
288,5f2bca48ba0be61b0c1d3a72
289,5f2bca48ba0be61b0c1d3a84
290,5f2bca48ba0be61b0c1d3ba3
291,5f2bca48ba0be61b0c1d3c15
292,5f2bca48ba0be61b0c1d3c1c
293,5f2bca48ba0be61b0c1d3c6a
294,5f2bca48ba0be61b0c1d3c75
295,5f2bca48ba0be61b0c1d3d20
296,5f2bca48ba0be61b0c1d3d5f
297,5f2bca4bba0be61b0c1d42d6
298,5f2bca4bba0be61b0c1d4398
299,5f2bca4bba0be61b0c1d43d0
300,5f2bca4bba0be61b0c1d450d
301,5f2bca4cba0be61b0c1d45d4
302,5f2bca4cba0be61b0c1d4773
303,5f2bca4cba0be61b0c1d4790
304,5f2bca4cba0be61b0c1d4837
305,5f2bca4cba0be61b0c1d4841
306,5f2bca4cba0be61b0c1d4894
307,5f2bca4dba0be61b0c1d49cd
308,5f2bca4dba0be61b0c1d49f4
309,5f2bca4dba0be61b0c1d4a90
310,5f2bca4dba0be61b0c1d4b48
311,5f2bca4dba0be61b0c1d4b97
312,5f2bca4fba0be61b0c1d4d58
313,5f2bca4fba0be61b0c1d4d67
314,5f2bca4fba0be61b0c1d4f18
315,5f2bca4fba0be61b0c1d4f87
316,5f2bca4fba0be61b0c1d4faa
317,5f2bca4fba0be61b0c1d5009
318,5f2bca4fba0be61b0c1d5019
319,5f2bca4fba0be61b0c1d5091
320,5f2bca4fba0be61b0c1d50a3
321,5f2bca50ba0be61b0c1d51ba
322,5f2bca50ba0be61b0c1d51bc
323,5f2bca50ba0be61b0c1d528b
324,5f2bca50ba0be61b0c1d5354
325,5f2bca52ba0be61b0c1d5646
326,5f2bca52ba0be61b0c1d5865
327,5f2bca54ba0be61b0c1d5ed5
328,5f2bca54ba0be61b0c1d5ee4
329,5f2bca59ba0be61b0c1d6601
330,5f2bca59ba0be61b0c1d66cb
331,5f2bca5aba0be61b0c1d6970
332,5f2bca5aba0be61b0c1d6b0b
333,5f2bca5bba0be61b0c1d6ca5
334,5f2bca5bba0be61b0c1d6d03
335,5f2bca5bba0be61b0c1d6d04
336,5f2bca5bba0be61b0c1d6d39
337,5f2bca5bba0be61b0c1d6d8f
338,5f2bca5cba0be61b0c1d6e53
339,5f2bca5cba0be61b0c1d6e6e
340,5f2bca5cba0be61b0c1d6ec8
341,5f2bca5cba0be61b0c1d6f14
342,5f2bca5cba0be61b0c1d7096
343,5f2bca5cba0be61b0c1d70ee
344,5f2bca5cba0be61b0c1d7112
345,5f2bca5cba0be61b0c1d71b3
346,5f2bca5cba0be61b0c1d725a
347,5f2bca5cba0be61b0c1d725e
348,5f2bca5dba0be61b0c1d7475
349,5f2bca5dba0be61b0c1d74a7
350,5f2bca5dba0be61b0c1d77d3
351,5f2bca5dba0be61b0c1d77f8
352,5f2bca5eba0be61b0c1d786d
353,5f2bca5eba0be61b0c1d7872
354,5f2bca5eba0be61b0c1d7a31
355,5f2bca5eba0be61b0c1d7c08
356,5f2bca61ba0be61b0c1d7c87
357,5f2bca61ba0be61b0c1d7c9f
358,5f2bca61ba0be61b0c1d7d68
359,5f2bca61ba0be61b0c1d7ed8
360,5f2bca61ba0be61b0c1d7f3a
361,5f2bca61ba0be61b0c1d7f74
362,5f2bca61ba0be61b0c1d7f78
363,5f2bca61ba0be61b0c1d7fb9
364,5f2bca61ba0be61b0c1d7fc2
365,5f2bca61ba0be61b0c1d7fdb
366,5f2bca61ba0be61b0c1d8016
367,5f2bca61ba0be61b0c1d801c
368,5f2bca62ba0be61b0c1d8039
369,5f2bca62ba0be61b0c1d8078
370,5f2bca62ba0be61b0c1d80df
371,5f2bca62ba0be61b0c1d8212
372,5f2bca63ba0be61b0c1d8447
373,5f2bca63ba0be61b0c1d84f9
374,5f2bca63ba0be61b0c1d855a
375,5f2bca63ba0be61b0c1d86a1
376,5f2bca63ba0be61b0c1d86f6
377,5f2bca63ba0be61b0c1d87ae
378,5f2bca65ba0be61b0c1d89f6
379,5f2bca65ba0be61b0c1d8a55
380,5f2bca65ba0be61b0c1d8afb
381,5f2bca66ba0be61b0c1d8f18
382,5f2bca68ba0be61b0c1d9231
383,5f2bca68ba0be61b0c1d92b9
384,5f2bca68ba0be61b0c1d939a
385,5f2bca69ba0be61b0c1d9627
386,5f2bca69ba0be61b0c1d9639
387,5f2bca69ba0be61b0c1d976c
388,5f2bca6aba0be61b0c1d97f1
389,5f2bca6aba0be61b0c1d9808
390,5f2bca6aba0be61b0c1d984d
391,5f2bca6aba0be61b0c1d999f
392,5f2bca6bba0be61b0c1d9bad
393,5f2bca6bba0be61b0c1d9c26
394,5f2bca6bba0be61b0c1d9d0d
395,5f2bca6bba0be61b0c1d9d6a
396,5f2bca6bba0be61b0c1d9f1f
397,5f2bca6bba0be61b0c1d9f68
398,5f2bca6cba0be61b0c1da19e
399,5f2bca6cba0be61b0c1da25c
400,5f2bca71ba0be61b0c1da36e
401,5f2bca71ba0be61b0c1da3fa
402,5f2bca71ba0be61b0c1da483
403,5f2bca71ba0be61b0c1da5ff
404,5f2bca71ba0be61b0c1da62f
405,5f2bca71ba0be61b0c1da67f
406,5f2bca72ba0be61b0c1da74c
407,5f2bca72ba0be61b0c1da7d9
408,5f2bca72ba0be61b0c1da99e
409,5f2bca72ba0be61b0c1daa64
410,5f2bca73ba0be61b0c1dad37
411,5f2bca73ba0be61b0c1daed8
412,5f2bca73ba0be61b0c1dafa2
413,5f2bca73ba0be61b0c1db08b
414,5f2bca73ba0be61b0c1db1d6
415,5f2bca73ba0be61b0c1db1e6
416,5f2bca74ba0be61b0c1db31e
417,5f2bca74ba0be61b0c1db463
418,5f2bca75ba0be61b0c1db92a
419,5f2bca75ba0be61b0c1db9f8
420,5f2bca75ba0be61b0c1dba08
421,5f2bca75ba0be61b0c1dba23
422,5f2bca77ba0be61b0c1dbbea
423,5f2bca77ba0be61b0c1dbbf6
424,5f2bca77ba0be61b0c1dbc0c
425,5f2bca77ba0be61b0c1dbc4c
426,5f2bca77ba0be61b0c1dbd83
427,5f2bca77ba0be61b0c1dbd88
428,5f2bca77ba0be61b0c1dbde8
429,5f2bca77ba0be61b0c1dbf40
430,5f2bca78ba0be61b0c1dc0dd
431,5f2bca78ba0be61b0c1dc131
432,5f2bca79ba0be61b0c1dc4f2
433,5f2bca7aba0be61b0c1dc77b
434,5f2bca7aba0be61b0c1dc947
435,5f2bca7aba0be61b0c1dc98f
436,5f2bca7aba0be61b0c1dc9c0
437,5f2bca83ba0be61b0c1dcad1
438,5f2bca83ba0be61b0c1dcda8
439,5f2bca85ba0be61b0c1dd17b
440,5f2bca87ba0be61b0c1dd88d
441,5f2bca88ba0be61b0c1dddb5
442,5f2bca8cba0be61b0c1de2ae
443,5f2bca8cba0be61b0c1de342
444,5f2bca8cba0be61b0c1de407
445,5f2bca8cba0be61b0c1de427
446,5f2bca8cba0be61b0c1de42a
447,5f2bca8dba0be61b0c1de8b4
448,5f2bca8fba0be61b0c1de99b
449,5f2bca8fba0be61b0c1dea86
450,5f2bca8fba0be61b0c1dec77
451,5f2bca8fba0be61b0c1decaa
452,5f2bca8fba0be61b0c1ded11
453,5f2bca90ba0be61b0c1dee11
454,5f2bca90ba0be61b0c1deebb
455,5f2bca90ba0be61b0c1def77
456,5f2bca90ba0be61b0c1def8b
457,5f2bca90ba0be61b0c1def94
458,5f2bca90ba0be61b0c1df020
459,5f2bca91ba0be61b0c1df0fb
460,5f2bcaa1ba0be61b0c1df184
461,5f2bcaa2ba0be61b0c1df283
462,5f2bcaa2ba0be61b0c1df299
463,5f2bcaa2ba0be61b0c1df2a4
464,5f2bcaa2ba0be61b0c1df337
465,5f2bcaa2ba0be61b0c1df36e
466,5f2bcaa2ba0be61b0c1df3c5
467,5f2bcaa2ba0be61b0c1df3f7
468,5f2bcaa2ba0be61b0c1df414
469,5f2bcaa2ba0be61b0c1df526
470,5f2bcaa4ba0be61b0c1df5a8
471,5f2bcaa4ba0be61b0c1df633
472,5f2bcaa4ba0be61b0c1df642
473,5f2bcaa4ba0be61b0c1df694
474,5f2bcaa4ba0be61b0c1df6e3
475,5f2bcaa4ba0be61b0c1df70d
476,5f2bcaa4ba0be61b0c1dfaa9
477,5f2bcaa4ba0be61b0c1dfaad
478,5f2bcaa4ba0be61b0c1dfb49
479,5f2bcaa4ba0be61b0c1dfbc5
480,5f2bcaa4ba0be61b0c1dfbf4
481,5f2bcaa4ba0be61b0c1dfcc8
482,5f2bcaa4ba0be61b0c1dfce3
483,5f2bcaa6ba0be61b0c1dfeb9
484,5f2bcaa6ba0be61b0c1dfefc
485,5f2bcaa6ba0be61b0c1dff2b
486,5f2bcaa6ba0be61b0c1dffc9
487,5f2bcaa6ba0be61b0c1dffd4
488,5f2bcaa6ba0be61b0c1e003b
489,5f2bcaa7ba0be61b0c1e0128
490,5f2bcaa7ba0be61b0c1e032d
491,5f2bcaa7ba0be61b0c1e0374
492,5f2bcaa7ba0be61b0c1e039c
493,5f2bcaa7ba0be61b0c1e03a0
494,5f2bcaa7ba0be61b0c1e046d
495,5f2bcaa7ba0be61b0c1e0551
496,5f2bcaa8ba0be61b0c1e069a
497,5f2bcaa8ba0be61b0c1e06d4
498,5f2bcaa8ba0be61b0c1e0827
499,5f2bcaa9ba0be61b0c1e09c6
500,5f2bcaa9ba0be61b0c1e0b31
501,5f2bcaabba0be61b0c1e0f0c
502,5f2bcaabba0be61b0c1e1235
503,5f2bcaabba0be61b0c1e1327
504,5f2bcaacba0be61b0c1e14ac
505,5f2bcaacba0be61b0c1e14c3
506,5f2bcaacba0be61b0c1e1555
507,5f2bcaacba0be61b0c1e166f
508,5f2bcaacba0be61b0c1e16ed
509,5f2bcaadba0be61b0c1e186b
510,5f2bcaaeba0be61b0c1e1a4b
511,5f2bcaaeba0be61b0c1e1a9b
512,5f2bcaaeba0be61b0c1e1aa4
513,5f2bcaaeba0be61b0c1e1afa
514,5f2bcaaeba0be61b0c1e1c2c
515,5f2bcaafba0be61b0c1e1e1d
516,5f2bcaafba0be61b0c1e1e64
517,5f2bcaafba0be61b0c1e1e83
518,5f2bcaafba0be61b0c1e1ee5
519,5f2bcab0ba0be61b0c1e1f72
520,5f2bcab0ba0be61b0c1e1fbf
521,5f2bcab1ba0be61b0c1e23b7
522,5f2bcab3ba0be61b0c1e28ff
523,5f2bcab7ba0be61b0c1e366f
524,5f2bcab7ba0be61b0c1e3798
525,5f2bcab9ba0be61b0c1e3e04
526,5f2bcababa0be61b0c1e4194
527,5f2bcababa0be61b0c1e4253
528,5f2bcabdba0be61b0c1e47f1
529,5f2bcabdba0be61b0c1e4b22
530,5f2bcabeba0be61b0c1e4b8f
531,5f2bcabeba0be61b0c1e4ef4
532,5f2bcabfba0be61b0c1e4f55
533,5f2bcabfba0be61b0c1e4f8c
534,5f2bcabfba0be61b0c1e512a
535,5f2bcac1ba0be61b0c1e532e
536,5f2bcac2ba0be61b0c1e58f0
537,5f2bcac2ba0be61b0c1e5a08
538,5f2bcac5ba0be61b0c1e618b
539,5f2bcac5ba0be61b0c1e61fe
540,5f2bcac5ba0be61b0c1e6354
541,5f2bcac6ba0be61b0c1e64c2
542,5f2bcac7ba0be61b0c1e6a7c
543,5f2bcaccba0be61b0c1e7666
544,5f2bcaccba0be61b0c1e774b
545,5f2bcad1ba0be61b0c1e83b6
546,5f2bcad4ba0be61b0c1e8e09
547,5f2bcad4ba0be61b0c1e9029
548,5f2bcad5ba0be61b0c1e951d
549,5f2bcad6ba0be61b0c1e95dd
550,5f2bcad6ba0be61b0c1e96cb
551,5f2bcad6ba0be61b0c1e98bc
552,5f2bcad6ba0be61b0c1e98c5
553,5f2bcad6ba0be61b0c1e98d2
554,5f2bcad6ba0be61b0c1e98d4
555,5f2bcad6ba0be61b0c1e98d5
556,5f2bcad6ba0be61b0c1e98d8
557,5f2bcad6ba0be61b0c1e98dd
558,5f2bcad6ba0be61b0c1e98e7
559,5f2bcad6ba0be61b0c1e98ec
560,5f2bcad6ba0be61b0c1e98f9
561,5f2bcad6ba0be61b0c1e98ff
562,5f2bcad6ba0be61b0c1e9900
563,5f2bcad6ba0be61b0c1e9909
564,5f2bcad6ba0be61b0c1e9931
565,5f2bcad6ba0be61b0c1e9932
566,5f2bcad6ba0be61b0c1e9933
567,5f2bcad6ba0be61b0c1e993f
568,5f2bcad6ba0be61b0c1e9958
569,5f2bcad7ba0be61b0c1e9960
570,5f2bcad7ba0be61b0c1e996b
571,5f2bcad7ba0be61b0c1e9996
572,5f2bcad7ba0be61b0c1e999a
573,5f2bcad7ba0be61b0c1e99a0
574,5f2bcad7ba0be61b0c1e99a3
575,5f2bcad7ba0be61b0c1e99a4
576,5f2bcad7ba0be61b0c1e99ab
577,5f2bcad7ba0be61b0c1e99b1
578,5f2bcad7ba0be61b0c1e99b4
579,5f2bcad7ba0be61b0c1e99b5
580,5f2bcad7ba0be61b0c1e99bc
581,5f2bcad7ba0be61b0c1e99bd
582,5f2bcad7ba0be61b0c1e99c0
583,5f2bcad7ba0be61b0c1e99c3
584,5f2bcad7ba0be61b0c1e99c4
585,5f2bcad7ba0be61b0c1e99c8
586,5f2bcad7ba0be61b0c1e99c9
587,5f2bcad7ba0be61b0c1e99cf
588,5f2bcad7ba0be61b0c1e99d0
589,5f2bcad7ba0be61b0c1e99d1
590,5f2bcad7ba0be61b0c1e99d3
591,5f2bcad7ba0be61b0c1e99d5
592,5f2bcad7ba0be61b0c1e99da
593,5f2bcad7ba0be61b0c1e99db
594,5f2bcad7ba0be61b0c1e99dc
595,5f2bcad7ba0be61b0c1e99de
596,5f2bcad7ba0be61b0c1e99e0
597,5f2bcad7ba0be61b0c1e99e5
598,5f2bcad7ba0be61b0c1e99e6
599,5f2bcad7ba0be61b0c1e99ea
600,5f2bcad7ba0be61b0c1e99ed
601,5f2bcad7ba0be61b0c1e99f2
602,5f2bcad7ba0be61b0c1e99f3
603,5f2bcad7ba0be61b0c1e99f4
604,5f2bcad7ba0be61b0c1e99f5
605,5f2bcad7ba0be61b0c1e99f6
606,5f2bcad7ba0be61b0c1e99f9
607,5f2bcad7ba0be61b0c1e9a03
608,5f2bcad7ba0be61b0c1e9a07
609,5f2bcad7ba0be61b0c1e9a08
610,5f2bcad7ba0be61b0c1e9a09
611,5f2bcad7ba0be61b0c1e9a0b
612,5f2bcad7ba0be61b0c1e9a0c
613,5f2bcad7ba0be61b0c1e9a0d
614,5f2bcad7ba0be61b0c1e9a10
615,5f2bcad7ba0be61b0c1e9a11
616,5f2bcad7ba0be61b0c1e9a12
617,5f2bcad7ba0be61b0c1e9a16
618,5f2bcad7ba0be61b0c1e9a17
619,5f2bcad7ba0be61b0c1e9a18
620,5f2bcad7ba0be61b0c1e9a19
621,5f2bcad7ba0be61b0c1e9a1a
622,5f2bcad7ba0be61b0c1e9a1b
623,5f2bcad7ba0be61b0c1e9a1c
624,5f2bcad7ba0be61b0c1e9a1e
625,5f2bcad7ba0be61b0c1e9a1f
626,5f2bcad7ba0be61b0c1e9a25
627,5f2bcad7ba0be61b0c1e9a26
628,5f2bcad7ba0be61b0c1e9a29
629,5f2bcad7ba0be61b0c1e9a2c
630,5f2bcad7ba0be61b0c1e9a2d
631,5f2bcad7ba0be61b0c1e9a30
632,5f2bcad7ba0be61b0c1e9a34
633,5f2bcad7ba0be61b0c1e9a35
634,5f2bcad7ba0be61b0c1e9a37
635,5f2bcad7ba0be61b0c1e9a39
636,5f2bcad7ba0be61b0c1e9a3c
637,5f2bcad7ba0be61b0c1e9a41
638,5f2bcad7ba0be61b0c1e9a42
639,5f2bcad7ba0be61b0c1e9a43
640,5f2bcad7ba0be61b0c1e9a45
641,5f2bcad7ba0be61b0c1e9a46
642,5f2bcad7ba0be61b0c1e9a4a
643,5f2bcad7ba0be61b0c1e9a4d
644,5f2bcad7ba0be61b0c1e9a50
645,5f2bcad7ba0be61b0c1e9a51
646,5f2bcad7ba0be61b0c1e9a55
647,5f2bcad7ba0be61b0c1e9a56
648,5f2bcad7ba0be61b0c1e9a58
649,5f2bcad7ba0be61b0c1e9a5b
650,5f2bcad7ba0be61b0c1e9a66
651,5f2bcad7ba0be61b0c1e9a6c
652,5f2bcad7ba0be61b0c1e9a6d
653,5f2bcad7ba0be61b0c1e9a71
654,5f2bcad7ba0be61b0c1e9a72
655,5f2bcad7ba0be61b0c1e9a73
656,5f2bcad7ba0be61b0c1e9a75
657,5f2bcad7ba0be61b0c1e9a77
658,5f2bcad7ba0be61b0c1e9a79
659,5f2bcad7ba0be61b0c1e9a7a
660,5f2bcad7ba0be61b0c1e9a7b
661,5f2bcad7ba0be61b0c1e9a7e
662,5f2bcad7ba0be61b0c1e9a81
663,5f2bcad7ba0be61b0c1e9a82
664,5f2bcad7ba0be61b0c1e9a83
665,5f2bcad7ba0be61b0c1e9a84
666,5f2bcad7ba0be61b0c1e9a85
667,5f2bcad7ba0be61b0c1e9a89
668,5f2bcad7ba0be61b0c1e9a8b
669,5f2bcad7ba0be61b0c1e9a8c
670,5f2bcad7ba0be61b0c1e9a8d
671,5f2bcad7ba0be61b0c1e9a8e
672,5f2bcad7ba0be61b0c1e9a8f
673,5f2bcad7ba0be61b0c1e9a90
674,5f2bcad7ba0be61b0c1e9a91
675,5f2bcad7ba0be61b0c1e9a92
676,5f2bcad7ba0be61b0c1e9a93
677,5f2bcad7ba0be61b0c1e9a95
678,5f2bcad7ba0be61b0c1e9a96
679,5f2bcad7ba0be61b0c1e9a97
680,5f2bcad7ba0be61b0c1e9a99
681,5f2bcad7ba0be61b0c1e9a9a
682,5f2bcad7ba0be61b0c1e9a9c
683,5f2bcad7ba0be61b0c1e9a9d
684,5f2bcad7ba0be61b0c1e9a9e
685,5f2bcad7ba0be61b0c1e9a9f
686,5f2bcad7ba0be61b0c1e9aa1
687,5f2bcad7ba0be61b0c1e9aa2
688,5f2bcad7ba0be61b0c1e9aa3
689,5f2bcad7ba0be61b0c1e9aa4
690,5f2bcad7ba0be61b0c1e9aa7
691,5f2bcad7ba0be61b0c1e9aa9
692,5f2bcad7ba0be61b0c1e9aaa
693,5f2bcad7ba0be61b0c1e9aab
694,5f2bcad7ba0be61b0c1e9aac
695,5f2bcad7ba0be61b0c1e9aad
696,5f2bcad7ba0be61b0c1e9aae
697,5f2bcad7ba0be61b0c1e9ab0
698,5f2bcad7ba0be61b0c1e9ab1
699,5f2bcad7ba0be61b0c1e9ab2
700,5f2bcad7ba0be61b0c1e9ab3
701,5f2bcad7ba0be61b0c1e9ab5
702,5f2bcad7ba0be61b0c1e9ab6
703,5f2bcad7ba0be61b0c1e9ab7
704,5f2bcad7ba0be61b0c1e9ab9
705,5f2bcad7ba0be61b0c1e9abc
706,5f2bcad7ba0be61b0c1e9abe
707,5f2bcad7ba0be61b0c1e9ac0
708,5f2bcad7ba0be61b0c1e9ac1
709,5f2bcad7ba0be61b0c1e9ac2
710,5f2bcad7ba0be61b0c1e9ac3
711,5f2bcad7ba0be61b0c1e9ac4
712,5f2bcad7ba0be61b0c1e9ac6
713,5f2bcad7ba0be61b0c1e9ac7
714,5f2bcad7ba0be61b0c1e9aca
715,5f2bcad7ba0be61b0c1e9acb
716,5f2bcad7ba0be61b0c1e9acc
717,5f2bcad7ba0be61b0c1e9acd
718,5f2bcad7ba0be61b0c1e9ace
719,5f2bcad7ba0be61b0c1e9acf
720,5f2bcad7ba0be61b0c1e9ad0
721,5f2bcad7ba0be61b0c1e9ad3
722,5f2bcad7ba0be61b0c1e9ad5
723,5f2bcad7ba0be61b0c1e9ad8
724,5f2bcad7ba0be61b0c1e9ada
725,5f2bcad7ba0be61b0c1e9adb
726,5f2bcad7ba0be61b0c1e9add
727,5f2bcad7ba0be61b0c1e9ade
728,5f2bcad7ba0be61b0c1e9ae0
729,5f2bcad7ba0be61b0c1e9ae1
730,5f2bcad7ba0be61b0c1e9ae4
731,5f2bcad7ba0be61b0c1e9ae6
732,5f2bcad7ba0be61b0c1e9ae7
733,5f2bcad7ba0be61b0c1e9ae8
734,5f2bcad7ba0be61b0c1e9aea
735,5f2bcad7ba0be61b0c1e9aec
736,5f2bcad7ba0be61b0c1e9aed
737,5f2bcad7ba0be61b0c1e9aef
738,5f2bcad7ba0be61b0c1e9af3
739,5f2bcad7ba0be61b0c1e9af5
740,5f2bcad7ba0be61b0c1e9af6
741,5f2bcad7ba0be61b0c1e9af7
742,5f2bcad7ba0be61b0c1e9afb
743,5f2bcad7ba0be61b0c1e9afc
744,5f2bcad7ba0be61b0c1e9afd
745,5f2bcad7ba0be61b0c1e9afe
746,5f2bcad7ba0be61b0c1e9aff
747,5f2bcad7ba0be61b0c1e9b00
748,5f2bcad7ba0be61b0c1e9b06
749,5f2bcad7ba0be61b0c1e9b07
750,5f2bcad7ba0be61b0c1e9b08
751,5f2bcad7ba0be61b0c1e9b15
752,5f2bcad7ba0be61b0c1e9b16
753,5f2bcad7ba0be61b0c1e9b17
754,5f2bcad7ba0be61b0c1e9b1c
755,5f2bcad7ba0be61b0c1e9b1e
756,5f2bcad7ba0be61b0c1e9b1f
757,5f2bcad7ba0be61b0c1e9b29
758,5f2bcad7ba0be61b0c1e9b2d
759,5f2bcad7ba0be61b0c1e9b2e
760,5f2bcad7ba0be61b0c1e9b2f
761,5f2bcad7ba0be61b0c1e9b30
762,5f2bcad7ba0be61b0c1e9b32
763,5f2bcad7ba0be61b0c1e9b33
764,5f2bcad7ba0be61b0c1e9b34
765,5f2bcad7ba0be61b0c1e9b35
766,5f2bcad7ba0be61b0c1e9b36
767,5f2bcad7ba0be61b0c1e9b37
768,5f2bcad7ba0be61b0c1e9b38
769,5f2bcad7ba0be61b0c1e9b3a
770,5f2bcad7ba0be61b0c1e9b3b
771,5f2bcad7ba0be61b0c1e9b3e
772,5f2bcad7ba0be61b0c1e9b3f
773,5f2bcad7ba0be61b0c1e9b40
774,5f2bcad7ba0be61b0c1e9b42
775,5f2bcad7ba0be61b0c1e9b43
776,5f2bcad7ba0be61b0c1e9b44
777,5f2bcad7ba0be61b0c1e9b45
778,5f2bcad7ba0be61b0c1e9b47
779,5f2bcad7ba0be61b0c1e9b48
780,5f2bcad7ba0be61b0c1e9b49
781,5f2bcad7ba0be61b0c1e9b4a
782,5f2bcad7ba0be61b0c1e9b4b
783,5f2bcad7ba0be61b0c1e9b4c
784,5f2bcad7ba0be61b0c1e9b4d
785,5f2bcad7ba0be61b0c1e9b4e
786,5f2bcad7ba0be61b0c1e9b4f
787,5f2bcad7ba0be61b0c1e9b50
788,5f2bcad7ba0be61b0c1e9b53
789,5f2bcad7ba0be61b0c1e9b54
790,5f2bcad7ba0be61b0c1e9b55
791,5f2bcad7ba0be61b0c1e9b56
792,5f2bcad7ba0be61b0c1e9b57
793,5f2bcad7ba0be61b0c1e9b58
794,5f2bcad7ba0be61b0c1e9b59
795,5f2bcad7ba0be61b0c1e9b5a
796,5f2bcad7ba0be61b0c1e9b5b
797,5f2bcad7ba0be61b0c1e9b5c
798,5f2bcad7ba0be61b0c1e9b5e
799,5f2bcad7ba0be61b0c1e9b5f
800,5f2bcad7ba0be61b0c1e9b60
801,5f2bcad7ba0be61b0c1e9b61
802,5f2bcad7ba0be61b0c1e9b62
803,5f2bcad7ba0be61b0c1e9b63
804,5f2bcad7ba0be61b0c1e9b64
805,5f2bcad7ba0be61b0c1e9b65
806,5f2bcad7ba0be61b0c1e9b66
807,5f2bcad7ba0be61b0c1e9b68
808,5f2bcad7ba0be61b0c1e9b69
809,5f2bcad7ba0be61b0c1e9b6c
810,5f2bcad7ba0be61b0c1e9b70
811,5f2bcad7ba0be61b0c1e9b71
812,5f2bcad7ba0be61b0c1e9b73
813,5f2bcad7ba0be61b0c1e9b7e
814,5f2bcad7ba0be61b0c1e9b80
815,5f2bcad7ba0be61b0c1e9b81
816,5f2bcad7ba0be61b0c1e9b83
817,5f2bcad7ba0be61b0c1e9b86
818,5f2bcad7ba0be61b0c1e9b89
819,5f2bcad7ba0be61b0c1e9b8a
820,5f2bcad7ba0be61b0c1e9b8b
821,5f2bcad7ba0be61b0c1e9b8d
822,5f2bcad7ba0be61b0c1e9b90
823,5f2bcad7ba0be61b0c1e9b91
824,5f2bcad7ba0be61b0c1e9b92
825,5f2bcad7ba0be61b0c1e9b95
826,5f2bcad7ba0be61b0c1e9b98
827,5f2bcad7ba0be61b0c1e9b9c
828,5f2bcad7ba0be61b0c1e9ba0
829,5f2bcad7ba0be61b0c1e9ba2
830,5f2bcad7ba0be61b0c1e9ba5
831,5f2bcad7ba0be61b0c1e9ba6
832,5f2bcad7ba0be61b0c1e9ba8
833,5f2bcad7ba0be61b0c1e9bab
834,5f2bcad7ba0be61b0c1e9bbf
835,5f2bcad7ba0be61b0c1e9bc3
836,5f2bcad7ba0be61b0c1e9bc6
837,5f2bcad7ba0be61b0c1e9bd2
838,5f2bcad7ba0be61b0c1e9bdb
839,5f2bcad7ba0be61b0c1e9bdc
840,5f2bcad7ba0be61b0c1e9bdf
841,5f2bcad7ba0be61b0c1e9be4
842,5f2bcad7ba0be61b0c1e9be9
843,5f2bcad7ba0be61b0c1e9bf0
844,5f2bcad7ba0be61b0c1e9bf1
845,5f2bcad7ba0be61b0c1e9bf2
846,5f2bcad7ba0be61b0c1e9bf4
847,5f2bcad7ba0be61b0c1e9bf8
848,5f2bcad7ba0be61b0c1e9bf9
849,5f2bcad7ba0be61b0c1e9bfc
850,5f2bcad7ba0be61b0c1e9c00
851,5f2bcad7ba0be61b0c1e9c03
852,5f2bcad7ba0be61b0c1e9c04
853,5f2bcad7ba0be61b0c1e9c05
854,5f2bcad7ba0be61b0c1e9c0c
855,5f2bcad7ba0be61b0c1e9c0d
856,5f2bcad7ba0be61b0c1e9c0f
857,5f2bcad7ba0be61b0c1e9c10
858,5f2bcad7ba0be61b0c1e9c21
859,5f2bcad7ba0be61b0c1e9c22
860,5f2bcad7ba0be61b0c1e9c25
861,5f2bcad7ba0be61b0c1e9c33
862,5f2bcad7ba0be61b0c1e9c34
863,5f2bcad7ba0be61b0c1e9c3e
864,5f2bcad7ba0be61b0c1e9c40
865,5f2bcad7ba0be61b0c1e9c41
866,5f2bcad7ba0be61b0c1e9c44
867,5f2bcad7ba0be61b0c1e9c46
868,5f2bcad7ba0be61b0c1e9c47
869,5f2bcad7ba0be61b0c1e9c4c
870,5f2bcad7ba0be61b0c1e9c4e
871,5f2bcad7ba0be61b0c1e9c53
872,5f2bcad7ba0be61b0c1e9c54
873,5f2bcad7ba0be61b0c1e9c55
874,5f2bcad7ba0be61b0c1e9c57
875,5f2bcad7ba0be61b0c1e9c58
876,5f2bcad7ba0be61b0c1e9c5b
877,5f2bcad7ba0be61b0c1e9c5e
878,5f2bcad7ba0be61b0c1e9c5f
879,5f2bcad7ba0be61b0c1e9c62
880,5f2bcad7ba0be61b0c1e9c67
881,5f2bcad7ba0be61b0c1e9c69
882,5f2bcad7ba0be61b0c1e9c6b
883,5f2bcad7ba0be61b0c1e9c6d
884,5f2bcad7ba0be61b0c1e9c6f
885,5f2bcad7ba0be61b0c1e9c71
886,5f2bcad7ba0be61b0c1e9c7b
887,5f2bcad7ba0be61b0c1e9c87
888,5f2bcad7ba0be61b0c1e9c91
889,5f2bcad7ba0be61b0c1e9ca1
890,5f2bcad7ba0be61b0c1e9ca6
891,5f2bcad7ba0be61b0c1e9caa
892,5f2bcad7ba0be61b0c1e9cab
893,5f2bcad7ba0be61b0c1e9cb8
894,5f2bcad7ba0be61b0c1e9cbb
895,5f2bcad7ba0be61b0c1e9cc4
896,5f2bcad7ba0be61b0c1e9cd7
897,5f2bcad7ba0be61b0c1e9ce3
898,5f2bcad7ba0be61b0c1e9ce4
899,5f2bcad7ba0be61b0c1e9ce5
900,5f2bcad7ba0be61b0c1e9cee
901,5f2bcad7ba0be61b0c1e9cf2
902,5f2bcad7ba0be61b0c1e9cf5
903,5f2bcad7ba0be61b0c1e9cf6
904,5f2bcad7ba0be61b0c1e9cf7
905,5f2bcad7ba0be61b0c1e9cf8
906,5f2bcad7ba0be61b0c1e9cfe
907,5f2bcad7ba0be61b0c1e9d04
908,5f2bcad7ba0be61b0c1e9d05
909,5f2bcad7ba0be61b0c1e9d0a
910,5f2bcad7ba0be61b0c1e9d0f
911,5f2bcad7ba0be61b0c1e9d16
912,5f2bcad7ba0be61b0c1e9d17
913,5f2bcad7ba0be61b0c1e9d18
914,5f2bcad7ba0be61b0c1e9d19
915,5f2bcad7ba0be61b0c1e9d1e
916,5f2bcad7ba0be61b0c1e9d1f
917,5f2bcad7ba0be61b0c1e9d26
918,5f2bcad7ba0be61b0c1e9d28
919,5f2bcad7ba0be61b0c1e9d2a
920,5f2bcad7ba0be61b0c1e9d2e
921,5f2bcad7ba0be61b0c1e9d3b
922,5f2bcad7ba0be61b0c1e9d3e
923,5f2bcad7ba0be61b0c1e9d42
924,5f2bcad8ba0be61b0c1e9d4b
925,5f2bcad8ba0be61b0c1e9d4d
926,5f2bcad8ba0be61b0c1e9d4e
927,5f2bcad8ba0be61b0c1e9d58
928,5f2bcad8ba0be61b0c1e9d59
929,5f2bcad8ba0be61b0c1e9d5a
930,5f2bcad8ba0be61b0c1e9d5b
931,5f2bcad8ba0be61b0c1e9d5d
932,5f2bcad8ba0be61b0c1e9d5f
933,5f2bcad8ba0be61b0c1e9d60
934,5f2bcad8ba0be61b0c1e9d64
935,5f2bcad8ba0be61b0c1e9d65
936,5f2bcad8ba0be61b0c1e9d66
937,5f2bcad8ba0be61b0c1e9d6a
938,5f2bcad8ba0be61b0c1e9d6e
939,5f2bcad8ba0be61b0c1e9d72
940,5f2bcad8ba0be61b0c1e9d73
941,5f2bcad8ba0be61b0c1e9d7e
942,5f2bcad8ba0be61b0c1e9d83
943,5f2bcad8ba0be61b0c1e9d85
944,5f2bcad8ba0be61b0c1e9d97
945,5f2bcad8ba0be61b0c1e9d99
946,5f2bcad8ba0be61b0c1e9d9c
947,5f2bcad8ba0be61b0c1e9d9d
948,5f2bcad8ba0be61b0c1e9da0
949,5f2bcad8ba0be61b0c1e9da9
950,5f2bcad8ba0be61b0c1e9daa
951,5f2bcad8ba0be61b0c1e9dad
952,5f2bcad8ba0be61b0c1e9dba
953,5f2bcad8ba0be61b0c1e9dcd
954,5f2bcad8ba0be61b0c1e9ddd
955,5f2bcad8ba0be61b0c1e9deb
956,5f2bcad8ba0be61b0c1e9df4
957,5f2bcad8ba0be61b0c1e9dfb
958,5f2bcad8ba0be61b0c1e9e04
959,5f2bcad8ba0be61b0c1e9e0e
960,5f2bcad8ba0be61b0c1e9e12
961,5f2bcad8ba0be61b0c1e9e32
962,5f2bcad8ba0be61b0c1e9e33
963,5f2bcad8ba0be61b0c1e9e3a
964,5f2bcad8ba0be61b0c1e9e3d
965,5f2bcad8ba0be61b0c1e9e69
966,5f2bcad8ba0be61b0c1e9e6b
967,5f2bcad8ba0be61b0c1e9e6c
968,5f2bcad8ba0be61b0c1e9ea8
969,5f2bcad8ba0be61b0c1e9eb5
970,5f2bcad8ba0be61b0c1e9ec6
971,5f2bcad8ba0be61b0c1e9ed6
972,5f2bcad8ba0be61b0c1e9eda
973,5f2bcad8ba0be61b0c1e9edc
974,5f2bcad8ba0be61b0c1e9eff
975,5f2bcad8ba0be61b0c1e9f27
976,5f2bcad8ba0be61b0c1e9f29
977,5f2bcad8ba0be61b0c1e9f2c
978,5f2bcad8ba0be61b0c1e9f2d
979,5f2bcad8ba0be61b0c1e9f45
980,5f2bcad8ba0be61b0c1e9f58
981,5f2bcad8ba0be61b0c1e9f59
982,5f2bcad8ba0be61b0c1e9f97
983,5f2bcad8ba0be61b0c1e9fbf
984,5f2bcad8ba0be61b0c1e9fc0
985,5f2bcad8ba0be61b0c1ea03b
986,5f2bcad8ba0be61b0c1ea03c
987,5f2bcad8ba0be61b0c1ea05c
988,5f2bcad8ba0be61b0c1ea072
989,5f2bcad8ba0be61b0c1ea07c
990,5f2bcad8ba0be61b0c1ea082
991,5f2bcad8ba0be61b0c1ea084
992,5f2bcad8ba0be61b0c1ea087
993,5f2bcad8ba0be61b0c1ea09d
994,5f2bcad8ba0be61b0c1ea0a2
995,5f2bcad8ba0be61b0c1ea0a4
996,5f2bcad8ba0be61b0c1ea0a6
997,5f2bcad8ba0be61b0c1ea0ac
998,5f2bcad8ba0be61b0c1ea0c3
999,5f2bcad8ba0be61b0c1ea0d9
1000,5f2bcad8ba0be61b0c1ea0ee
1001,5f2bcad8ba0be61b0c1ea117
1002,5f2bcad8ba0be61b0c1ea119
1003,5f2bcadaba0be61b0c1ea140
1004,5f2bcadaba0be61b0c1ea176
1005,5f2bcadaba0be61b0c1ea177
1006,5f2bcadaba0be61b0c1ea17b
1007,5f2bcadaba0be61b0c1ea17f
1008,5f2bcadaba0be61b0c1ea180
1009,5f2bcadaba0be61b0c1ea181
1010,5f2bcadaba0be61b0c1ea182
1011,5f2bcadaba0be61b0c1ea183
1012,5f2bcadaba0be61b0c1ea184
1013,5f2bcadaba0be61b0c1ea185
1014,5f2bcadaba0be61b0c1ea186
1015,5f2bcadaba0be61b0c1ea188
1016,5f2bcadaba0be61b0c1ea189
1017,5f2bcadaba0be61b0c1ea18a
1018,5f2bcadaba0be61b0c1ea18c
1019,5f2bcadaba0be61b0c1ea18d
1020,5f2bcadaba0be61b0c1ea18e
1021,5f2bcadaba0be61b0c1ea18f
1022,5f2bcadaba0be61b0c1ea190
1023,5f2bcadaba0be61b0c1ea191
1024,5f2bcadaba0be61b0c1ea196
1025,5f2bcadaba0be61b0c1ea197
1026,5f2bcadaba0be61b0c1ea198
1027,5f2bcadaba0be61b0c1ea199
1028,5f2bcadaba0be61b0c1ea1b7
1029,5f2bcadaba0be61b0c1ea1c2
1030,5f2bcadaba0be61b0c1ea1c3
1031,5f2bcadaba0be61b0c1ea1d5
1032,5f2bcadaba0be61b0c1ea1ee
1033,5f2bcadaba0be61b0c1ea20f
1034,5f2bcadaba0be61b0c1ea216
1035,5f2bcadaba0be61b0c1ea217
1036,5f2bcadaba0be61b0c1ea21b
1037,5f2bcadaba0be61b0c1ea25f
1038,5f2bcadaba0be61b0c1ea261
1039,5f2bcadaba0be61b0c1ea27b
1040,5f2bcadaba0be61b0c1ea301
1041,5f2bcadaba0be61b0c1ea353
1042,5f2bcadaba0be61b0c1ea35b
1043,5f2bcadaba0be61b0c1ea37e
1044,5f2bcadaba0be61b0c1ea3e1
1045,5f2bcadaba0be61b0c1ea3eb
1046,5f2bcadaba0be61b0c1ea417
1047,5f2bcadaba0be61b0c1ea43f
1048,5f2bcadbba0be61b0c1ea53c
1049,5f2bcadbba0be61b0c1ea54c
1050,5f2bcadbba0be61b0c1ea54d
1051,5f2bcadbba0be61b0c1ea551
1052,5f2bcadbba0be61b0c1ea552
1053,5f2bcadbba0be61b0c1ea553
1054,5f2bcadbba0be61b0c1ea554
1055,5f2bcadbba0be61b0c1ea55c
1056,5f2bcadbba0be61b0c1ea562
1057,5f2bcadbba0be61b0c1ea575
1058,5f2bcadbba0be61b0c1ea57a
1059,5f2bcadbba0be61b0c1ea585
1060,5f2bcadbba0be61b0c1ea5a9
1061,5f2bcadbba0be61b0c1ea5ad
1062,5f2bcadbba0be61b0c1ea5b9
1063,5f2bcadbba0be61b0c1ea5cf
1064,5f2bcadbba0be61b0c1ea5e7
1065,5f32be6fa165a82aaf9ea1eb
1066,5f4ca257e893e805f460bab9
1067,5f4ca257e893e805f460baba
1068,5f4ca257e893e805f460bac0
1069,5f4ca257e893e805f460bac3
1070,5f4ca257e893e805f460bac5
1071,5f4d48f80136bd120756c6d8
1072,5f4eb6909475ea1e25048187
1073,5f5609d11b1d8b39055ea5a5
1074,5f58e2ca22a9de32555fb769
1075,5f59493322a9de32555fd035
1076,5f5a28f947d72e4153e7c8f5
1077,5f5b801605469149dd3c4a6c
1078,5f60b330a035bd155720eff3
1079,5f63051896c96e7f4f243f2b
1080,5f66bceec3382a7e2535916b
1081,5f68d78a8a615a31bfedaac3
1082,5f7339c1a6b4a7678442b297
1083,5f734d71a6b4a7678442b7d1
1084,5f771fcb594bfd01c8202b71
1085,5f7fec4cec158173c1fb095e
1086,5f8705e020ed9f06939a502d
1087,5f8a4b0b257a59549189c12c
1088,5f8dce1e7cf9da2e9484d8a7
1089,5f8f06f14d9fdc4def95d7b8
1090,5fa093bd67f162218739c368
1091,5fa306eecaad2a449ecf775e
1092,5fa9e4f96404242f883fd445
1093,5fab48b25099054f1e37daee
1094,5fac50d045f31c41f8d2b123
1095,5fb299e3a617751d6179c0a8
1096,5fcd528fc5819b422bc048cf
1097,5fd0058362145f5d1d15c768
1098,5fd1280e020baf6fee1b0807
1099,5ff88a54c33ee86fdcaaa638
1100,5ffb9af6c33ee86fdcaaba91
1101,5ffbbca0c33ee86fdcaabb06
1102,5ffc9c8983a5383d551a268b
1103,600871812aa8da51bc20b7ed
1104,6009e7d1c65aba7a874af7f6
1105,60143e79ed809715a9b3013c
1106,60204b00380957646f2a83a0
1107,6021cfb82143a85d8980ac97
1108,60303bd8d7205302022708dc
1109,6033c0840a1c2875384729e0
1110,60359ea2adf043396266f19e
1111,6036befff3fe766556a6d56e
1112,6036ccdcf3fe766556a6d6b9
1113,6037674120d5371b73331753
1114,603800e6c4ff4f4d28d7e47f
1115,60465d02308a6349c2d0fad4
1116,604a38a9d26fbcb710e916da
1117,604a38a9d26fbcb710e91745
1118,604a38a9d26fbcb710e9179e
1119,604a38a9d26fbcb710e917d5
1120,604a38a9d26fbcb710e918cf
1121,604a38a9d26fbcb710e918d8
1122,604a38a9d26fbcb710e9190a
1123,604a38a9d26fbcb710e9193d
1124,604a38a9d26fbcb710e9197f
1125,604a38a9d26fbcb710e9198c
1126,604a38a9d26fbcb710e919c2
1127,604a38a9d26fbcb710e919c5
1128,604a38a9d26fbcb710e91a63
1129,604a73111d0027729ed558da
1130,604a83bf1d0027729ed55e33
1131,604a83fa1d0027729ed55e43
1132,604a8f4b1d0027729ed560e1
1133,604a93821d0027729ed56158
1134,604a98441d0027729ed56213
1135,604aed261d0027729ed56594
1136,604b9a6f1d0027729ed575d7
1137,604b9ed21d0027729ed57735
1138,604baa821d0027729ed579db
1139,604c64da1d0027729ed582ef
1140,604d213d1d0027729ed585c2
1141,604d22bf1d0027729ed58623
1142,604f7ee8ac64da79cd8414a4
1143,6050f73bbff4d9519308868a
1144,6050fd11bff4d95193088885
1145,60590081f7cb8b26c49de4bf
1146,605d7df61c314d73aeb31f22
1147,605d7e871c314d73aeb31f24
1148,6061befdffbcb12315ee5756
1149,60704df4224b134cfb7c51d3
1150,6076fa9f224b134cfb7cde5f
1151,6077500e224b134cfb7cf34c
1152,607d8badbdc15d1c35788e6b
1153,607f7a04c2c112726e97ed47
1154,60805679c2c112726e9804e0
1155,609ab7703bd086414e9c8af9
