,0
0,5f2bca13ba0be61b0c1ca177
1,5f2bca14ba0be61b0c1ca299
2,5f2bca14ba0be61b0c1ca2aa
3,5f2bca14ba0be61b0c1ca2e0
4,5f2bca14ba0be61b0c1ca2fd
5,5f2bca14ba0be61b0c1ca39e
6,5f2bca14ba0be61b0c1ca3bd
7,5f2bca14ba0be61b0c1ca413
8,5f2bca14ba0be61b0c1ca472
9,5f2bca14ba0be61b0c1ca486
10,5f2bca14ba0be61b0c1ca4d7
11,5f2bca14ba0be61b0c1ca4f2
12,5f2bca16ba0be61b0c1ca582
13,5f2bca16ba0be61b0c1ca5be
14,5f2bca16ba0be61b0c1ca5c9
15,5f2bca16ba0be61b0c1ca5ee
16,5f2bca16ba0be61b0c1ca672
17,5f2bca16ba0be61b0c1ca6ae
18,5f2bca16ba0be61b0c1ca771
19,5f2bca16ba0be61b0c1ca7c9
20,5f2bca16ba0be61b0c1ca7d6
21,5f2bca16ba0be61b0c1ca835
22,5f2bca16ba0be61b0c1ca854
23,5f2bca16ba0be61b0c1ca857
24,5f2bca16ba0be61b0c1ca87c
25,5f2bca16ba0be61b0c1ca931
26,5f2bca18ba0be61b0c1ca9df
27,5f2bca18ba0be61b0c1ca9f9
28,5f2bca18ba0be61b0c1caad0
29,5f2bca18ba0be61b0c1cab12
30,5f2bca18ba0be61b0c1cab30
31,5f2bca18ba0be61b0c1cabb7
32,5f2bca1aba0be61b0c1cada6
33,5f2bca1aba0be61b0c1cadc3
34,5f2bca1aba0be61b0c1cae16
35,5f2bca1aba0be61b0c1caf6a
36,5f2bca1aba0be61b0c1caf6b
37,5f2bca1aba0be61b0c1caf8b
38,5f2bca1aba0be61b0c1cafcf
39,5f2bca1aba0be61b0c1cb052
40,5f2bca1cba0be61b0c1cb13f
41,5f2bca1cba0be61b0c1cb1a8
42,5f2bca1cba0be61b0c1cb1dc
43,5f2bca1cba0be61b0c1cb1f4
44,5f2bca1cba0be61b0c1cb201
45,5f2bca1dba0be61b0c1cb2e9
46,5f2bca1dba0be61b0c1cb35b
47,5f2bca1dba0be61b0c1cb3a1
48,5f2bca1fba0be61b0c1cb733
49,5f2bca1fba0be61b0c1cb75b
50,5f2bca1fba0be61b0c1cb761
51,5f2bca1fba0be61b0c1cb763
52,5f2bca1fba0be61b0c1cb8a4
53,5f2bca1fba0be61b0c1cb8cb
54,5f2bca20ba0be61b0c1cb909
55,5f2bca20ba0be61b0c1cba5e
56,5f2bca20ba0be61b0c1cba94
57,5f2bca20ba0be61b0c1cbab2
58,5f2bca20ba0be61b0c1cbaf0
59,5f2bca20ba0be61b0c1cbaf1
60,5f2bca20ba0be61b0c1cbb1f
61,5f2bca20ba0be61b0c1cbc25
62,5f2bca21ba0be61b0c1cbd11
63,5f2bca21ba0be61b0c1cbd17
64,5f2bca21ba0be61b0c1cbd95
65,5f2bca21ba0be61b0c1cbd9d
66,5f2bca21ba0be61b0c1cbe01
67,5f2bca21ba0be61b0c1cbf38
68,5f2bca21ba0be61b0c1cbf92
69,5f2bca21ba0be61b0c1cbfa6
70,5f2bca21ba0be61b0c1cc02d
71,5f2bca21ba0be61b0c1cc0a0
72,5f2bca21ba0be61b0c1cc0b2
73,5f2bca22ba0be61b0c1cc10f
74,5f2bca22ba0be61b0c1cc156
75,5f2bca22ba0be61b0c1cc1e7
76,5f2bca22ba0be61b0c1cc214
77,5f2bca22ba0be61b0c1cc2d0
78,5f2bca22ba0be61b0c1cc2d4
79,5f2bca22ba0be61b0c1cc2e4
80,5f2bca22ba0be61b0c1cc3bc
81,5f2bca22ba0be61b0c1cc45c
82,5f2bca23ba0be61b0c1cc4a7
83,5f2bca23ba0be61b0c1cc5d8
84,5f2bca23ba0be61b0c1cc666
85,5f2bca23ba0be61b0c1cc676
86,5f2bca23ba0be61b0c1cc681
87,5f2bca23ba0be61b0c1cc6a7
88,5f2bca23ba0be61b0c1cc705
89,5f2bca23ba0be61b0c1cc756
90,5f2bca25ba0be61b0c1cc91b
91,5f2bca25ba0be61b0c1cc961
92,5f2bca25ba0be61b0c1cc962
93,5f2bca25ba0be61b0c1cc964
94,5f2bca25ba0be61b0c1cc967
95,5f2bca25ba0be61b0c1cc991
96,5f2bca25ba0be61b0c1cc997
97,5f2bca25ba0be61b0c1cca8b
98,5f2bca25ba0be61b0c1ccb71
99,5f2bca25ba0be61b0c1ccbd6
100,5f2bca25ba0be61b0c1ccc46
101,5f2bca26ba0be61b0c1ccc82
102,5f2bca26ba0be61b0c1ccc87
103,5f2bca26ba0be61b0c1ccc94
104,5f2bca26ba0be61b0c1ccda6
105,5f2bca26ba0be61b0c1ccf2b
106,5f2bca26ba0be61b0c1ccfe7
107,5f2bca26ba0be61b0c1cd017
108,5f2bca27ba0be61b0c1cd057
109,5f2bca27ba0be61b0c1cd05e
110,5f2bca27ba0be61b0c1cd0d0
111,5f2bca27ba0be61b0c1cd0d3
112,5f2bca27ba0be61b0c1cd131
113,5f2bca27ba0be61b0c1cd1df
114,5f2bca27ba0be61b0c1cd217
115,5f2bca27ba0be61b0c1cd3a3
116,5f2bca28ba0be61b0c1cd477
117,5f2bca28ba0be61b0c1cd491
118,5f2bca28ba0be61b0c1cd4fb
119,5f2bca28ba0be61b0c1cd52b
120,5f2bca29ba0be61b0c1cd604
121,5f2bca29ba0be61b0c1cd6eb
122,5f2bca29ba0be61b0c1cd771
123,5f2bca29ba0be61b0c1cd793
124,5f2bca2aba0be61b0c1cd833
125,5f2bca2aba0be61b0c1cd844
126,5f2bca2aba0be61b0c1cda44
127,5f2bca2aba0be61b0c1cda5d
128,5f2bca2aba0be61b0c1cdb3f
129,5f2bca2aba0be61b0c1cdb89
130,5f2bca2aba0be61b0c1cdbbc
131,5f2bca2cba0be61b0c1cdc2c
132,5f2bca2cba0be61b0c1cdcb8
133,5f2bca2cba0be61b0c1cdcea
134,5f2bca2cba0be61b0c1cdcf5
135,5f2bca2cba0be61b0c1cdd1f
136,5f2bca2cba0be61b0c1cdde0
137,5f2bca2cba0be61b0c1cde33
138,5f2bca2cba0be61b0c1cdf67
139,5f2bca2cba0be61b0c1cdf80
140,5f2bca2cba0be61b0c1cdf99
141,5f2bca2cba0be61b0c1cdfb5
142,5f2bca2cba0be61b0c1cdfbe
143,5f2bca2cba0be61b0c1cdfe2
144,5f2bca2dba0be61b0c1ce04c
145,5f2bca2dba0be61b0c1ce072
146,5f2bca2dba0be61b0c1ce0ee
147,5f2bca2dba0be61b0c1ce11c
148,5f2bca2dba0be61b0c1ce193
149,5f2bca2dba0be61b0c1ce199
150,5f2bca2dba0be61b0c1ce293
151,5f2bca2dba0be61b0c1ce32c
152,5f2bca2dba0be61b0c1ce36c
153,5f2bca2eba0be61b0c1ce440
154,5f2bca2eba0be61b0c1ce4d5
155,5f2bca2eba0be61b0c1ce4f3
156,5f2bca2eba0be61b0c1ce537
157,5f2bca2eba0be61b0c1ce576
158,5f2bca2eba0be61b0c1ce5c9
159,5f2bca2eba0be61b0c1ce6ce
160,5f2bca2eba0be61b0c1ce6fd
161,5f2bca2eba0be61b0c1ce738
162,5f2bca2fba0be61b0c1ce835
163,5f2bca2fba0be61b0c1ce8fc
164,5f2bca2fba0be61b0c1cea2c
165,5f2bca2fba0be61b0c1cea9b
166,5f2bca2fba0be61b0c1ceabc
167,5f2bca2fba0be61b0c1ceb09
168,5f2bca31ba0be61b0c1cf0eb
169,5f2bca31ba0be61b0c1cf0f9
170,5f2bca31ba0be61b0c1cf145
171,5f2bca31ba0be61b0c1cf2f1
172,5f2bca32ba0be61b0c1cf478
173,5f2bca32ba0be61b0c1cf4f7
174,5f2bca32ba0be61b0c1cf538
175,5f2bca32ba0be61b0c1cf5d3
176,5f2bca33ba0be61b0c1cf818
177,5f2bca33ba0be61b0c1cf920
178,5f2bca33ba0be61b0c1cfa1c
179,5f2bca33ba0be61b0c1cfa63
180,5f2bca33ba0be61b0c1cfad7
181,5f2bca33ba0be61b0c1cfb06
182,5f2bca34ba0be61b0c1cfc02
183,5f2bca34ba0be61b0c1cfc45
184,5f2bca34ba0be61b0c1cfc7e
185,5f2bca34ba0be61b0c1cfd1e
186,5f2bca36ba0be61b0c1d0074
187,5f2bca37ba0be61b0c1d0384
188,5f2bca37ba0be61b0c1d040c
189,5f2bca37ba0be61b0c1d069c
190,5f2bca37ba0be61b0c1d06d5
191,5f2bca37ba0be61b0c1d06e0
192,5f2bca38ba0be61b0c1d073a
193,5f2bca38ba0be61b0c1d07be
194,5f2bca38ba0be61b0c1d0964
195,5f2bca38ba0be61b0c1d0a08
196,5f2bca38ba0be61b0c1d0ae9
197,5f2bca39ba0be61b0c1d0b91
198,5f2bca39ba0be61b0c1d0e2d
199,5f2bca3aba0be61b0c1d0faa
200,5f2bca3aba0be61b0c1d10b8
201,5f2bca3bba0be61b0c1d13a2
202,5f2bca3bba0be61b0c1d144a
203,5f2bca3bba0be61b0c1d1577
204,5f2bca3bba0be61b0c1d1638
205,5f2bca3bba0be61b0c1d166c
206,5f2bca3dba0be61b0c1d19d8
207,5f2bca3eba0be61b0c1d1b15
208,5f2bca3eba0be61b0c1d1c58
209,5f2bca3eba0be61b0c1d1e3b
210,5f2bca42ba0be61b0c1d2731
211,5f2bca43ba0be61b0c1d2d9c
212,5f2bca44ba0be61b0c1d2f26
213,5f2bca45ba0be61b0c1d3431
214,5f2bca45ba0be61b0c1d3524
215,5f2bca46ba0be61b0c1d35f9
216,5f2bca46ba0be61b0c1d360a
217,5f2bca46ba0be61b0c1d36a0
218,5f2bca46ba0be61b0c1d3746
219,5f2bca46ba0be61b0c1d3760
220,5f2bca46ba0be61b0c1d37c5
221,5f2bca46ba0be61b0c1d37c9
222,5f2bca46ba0be61b0c1d3822
223,5f2bca46ba0be61b0c1d3838
224,5f2bca46ba0be61b0c1d3869
225,5f2bca46ba0be61b0c1d38de
226,5f2bca46ba0be61b0c1d392e
227,5f2bca46ba0be61b0c1d395c
228,5f2bca46ba0be61b0c1d3961
229,5f2bca46ba0be61b0c1d399a
230,5f2bca46ba0be61b0c1d39b0
231,5f2bca46ba0be61b0c1d39c9
232,5f2bca47ba0be61b0c1d39d5
233,5f2bca47ba0be61b0c1d39dc
234,5f2bca47ba0be61b0c1d39dd
235,5f2bca48ba0be61b0c1d3a72
236,5f2bca48ba0be61b0c1d3a84
237,5f2bca48ba0be61b0c1d3ba3
238,5f2bca48ba0be61b0c1d3c15
239,5f2bca48ba0be61b0c1d3c1c
240,5f2bca48ba0be61b0c1d3c6a
241,5f2bca48ba0be61b0c1d3c75
242,5f2bca48ba0be61b0c1d3d20
243,5f2bca48ba0be61b0c1d3d5f
244,5f2bca4bba0be61b0c1d42d6
245,5f2bca4bba0be61b0c1d4398
246,5f2bca4bba0be61b0c1d43d0
247,5f2bca52ba0be61b0c1d5646
248,5f2bca54ba0be61b0c1d5ed5
249,5f2bca54ba0be61b0c1d5ee4
250,5f2bca59ba0be61b0c1d6601
251,5f2bca59ba0be61b0c1d66cb
252,5f2bca5aba0be61b0c1d6970
253,5f2bca5aba0be61b0c1d6b0b
254,5f2bca5bba0be61b0c1d6ca5
255,5f2bca5bba0be61b0c1d6d03
256,5f2bca5bba0be61b0c1d6d04
257,5f2bca5bba0be61b0c1d6d39
258,5f2bca5bba0be61b0c1d6d8f
259,5f2bca5cba0be61b0c1d6e53
260,5f2bca5cba0be61b0c1d6e6e
261,5f2bca5cba0be61b0c1d6ec8
262,5f2bca5cba0be61b0c1d6f14
263,5f2bca5cba0be61b0c1d7096
264,5f2bca5cba0be61b0c1d70ee
265,5f2bca5cba0be61b0c1d7112
266,5f2bca5cba0be61b0c1d71b3
267,5f2bca5cba0be61b0c1d725a
268,5f2bca5cba0be61b0c1d725e
269,5f2bca5dba0be61b0c1d7475
270,5f2bca5dba0be61b0c1d74a7
271,5f2bca5dba0be61b0c1d77d3
272,5f2bca5dba0be61b0c1d77f8
273,5f2bca5eba0be61b0c1d786d
274,5f2bca5eba0be61b0c1d7872
275,5f2bca5eba0be61b0c1d7a31
276,5f2bca5eba0be61b0c1d7c08
277,5f2bca61ba0be61b0c1d7c87
278,5f2bca61ba0be61b0c1d7c9f
279,5f2bca61ba0be61b0c1d7d68
280,5f2bca61ba0be61b0c1d7ed8
281,5f2bca61ba0be61b0c1d7f3a
282,5f2bca61ba0be61b0c1d7f74
283,5f2bca61ba0be61b0c1d7f78
284,5f2bca61ba0be61b0c1d7fb9
285,5f2bca61ba0be61b0c1d7fc2
286,5f2bca61ba0be61b0c1d7fdb
287,5f2bca61ba0be61b0c1d8016
288,5f2bca61ba0be61b0c1d801c
289,5f2bca62ba0be61b0c1d8039
290,5f2bca62ba0be61b0c1d8078
291,5f2bca62ba0be61b0c1d80df
292,5f2bca62ba0be61b0c1d8212
293,5f2bca63ba0be61b0c1d8447
294,5f2bca63ba0be61b0c1d855a
295,5f2bca63ba0be61b0c1d86a1
296,5f2bca63ba0be61b0c1d86f6
297,5f2bca63ba0be61b0c1d87ae
298,5f2bca65ba0be61b0c1d89f6
299,5f2bca65ba0be61b0c1d8a55
300,5f2bca65ba0be61b0c1d8afb
301,5f2bca66ba0be61b0c1d8f18
302,5f2bca68ba0be61b0c1d9231
303,5f2bca68ba0be61b0c1d92b9
304,5f2bca68ba0be61b0c1d939a
305,5f2bca69ba0be61b0c1d9627
306,5f2bca69ba0be61b0c1d9639
307,5f2bca69ba0be61b0c1d976c
308,5f2bca6aba0be61b0c1d9808
309,5f2bca6aba0be61b0c1d984d
310,5f2bca6aba0be61b0c1d999f
311,5f2bca6bba0be61b0c1d9bad
312,5f2bca6bba0be61b0c1d9c26
313,5f2bca6bba0be61b0c1d9d0d
314,5f2bca6bba0be61b0c1d9d6a
315,5f2bca6bba0be61b0c1d9f1f
316,5f2bca6bba0be61b0c1d9f68
317,5f2bca6cba0be61b0c1da19e
318,5f2bca6cba0be61b0c1da25c
319,5f2bca74ba0be61b0c1db31e
320,5f2bca74ba0be61b0c1db463
321,5f2bca75ba0be61b0c1db92a
322,5f2bca75ba0be61b0c1db9f8
323,5f2bca75ba0be61b0c1dba08
324,5f2bca75ba0be61b0c1dba23
325,5f2bca77ba0be61b0c1dbbea
326,5f2bca77ba0be61b0c1dbbf6
327,5f2bca77ba0be61b0c1dbc0c
328,5f2bca77ba0be61b0c1dbc4c
329,5f2bca77ba0be61b0c1dbd83
330,5f2bca77ba0be61b0c1dbd88
331,5f2bca77ba0be61b0c1dbde8
332,5f2bca77ba0be61b0c1dbf40
333,5f2bca78ba0be61b0c1dc0dd
334,5f2bca78ba0be61b0c1dc131
335,5f2bca79ba0be61b0c1dc4f2
336,5f2bca7aba0be61b0c1dc77b
337,5f2bca7aba0be61b0c1dc947
338,5f2bca7aba0be61b0c1dc98f
339,5f2bca7aba0be61b0c1dc9c0
340,5f2bca83ba0be61b0c1dcad1
341,5f2bca83ba0be61b0c1dcda8
342,5f2bca85ba0be61b0c1dd17b
343,5f2bca88ba0be61b0c1dddb5
344,5f2bca8cba0be61b0c1de2ae
345,5f2bca8cba0be61b0c1de342
346,5f2bca8cba0be61b0c1de407
347,5f2bca8cba0be61b0c1de427
348,5f2bca8cba0be61b0c1de42a
349,5f2bca8dba0be61b0c1de8b4
350,5f2bca8fba0be61b0c1de99b
351,5f2bca8fba0be61b0c1dea86
352,5f2bca8fba0be61b0c1dec77
353,5f2bca8fba0be61b0c1decaa
354,5f2bca8fba0be61b0c1ded11
355,5f2bca90ba0be61b0c1dee11
356,5f2bca90ba0be61b0c1def77
357,5f2bca90ba0be61b0c1def8b
358,5f2bca90ba0be61b0c1def94
359,5f2bca90ba0be61b0c1df020
360,5f2bca91ba0be61b0c1df0fb
361,5f2bcaa2ba0be61b0c1df283
362,5f2bcaa2ba0be61b0c1df2a4
363,5f2bcaa2ba0be61b0c1df337
364,5f2bcaa2ba0be61b0c1df36e
365,5f2bcaa2ba0be61b0c1df3c5
366,5f2bcaa2ba0be61b0c1df3f7
367,5f2bcaa2ba0be61b0c1df414
368,5f2bcaa2ba0be61b0c1df526
369,5f2bcaa4ba0be61b0c1df5a8
370,5f2bcaa4ba0be61b0c1df633
371,5f2bcaa4ba0be61b0c1df642
372,5f2bcaa4ba0be61b0c1df694
373,5f2bcaa4ba0be61b0c1df6e3
374,5f2bcaa4ba0be61b0c1df70d
375,5f2bcaa4ba0be61b0c1dfaad
376,5f2bcaa4ba0be61b0c1dfb49
377,5f2bcaa4ba0be61b0c1dfbc5
378,5f2bcaa4ba0be61b0c1dfbf4
379,5f2bcaa4ba0be61b0c1dfcc8
380,5f2bcaa4ba0be61b0c1dfce3
381,5f2bcaa6ba0be61b0c1dfeb9
382,5f2bcaa6ba0be61b0c1dfefc
383,5f2bcaa6ba0be61b0c1dff2b
384,5f2bcaa6ba0be61b0c1dffc9
385,5f2bcaa6ba0be61b0c1dffd4
386,5f2bcaa6ba0be61b0c1e003b
387,5f2bcaa7ba0be61b0c1e0128
388,5f2bcaa7ba0be61b0c1e032d
389,5f2bcaa7ba0be61b0c1e0374
390,5f2bcaa7ba0be61b0c1e039c
391,5f2bcaa7ba0be61b0c1e03a0
392,5f2bcaa7ba0be61b0c1e046d
393,5f2bcaa7ba0be61b0c1e0551
394,5f2bcaa8ba0be61b0c1e069a
395,5f2bcaa8ba0be61b0c1e06d4
396,5f2bcaa8ba0be61b0c1e0827
397,5f2bcaa9ba0be61b0c1e09c6
398,5f2bcaa9ba0be61b0c1e0b31
399,5f2bcaabba0be61b0c1e0f0c
400,5f2bcaabba0be61b0c1e1235
401,5f2bcaabba0be61b0c1e1327
402,5f2bcaacba0be61b0c1e14ac
403,5f2bcaacba0be61b0c1e14c3
404,5f2bcaacba0be61b0c1e1555
405,5f2bcaacba0be61b0c1e166f
406,5f2bcaacba0be61b0c1e16ed
407,5f2bcaadba0be61b0c1e186b
408,5f2bcaaeba0be61b0c1e1a4b
409,5f2bcaaeba0be61b0c1e1a9b
410,5f2bcaaeba0be61b0c1e1aa4
411,5f2bcaaeba0be61b0c1e1afa
412,5f2bcaaeba0be61b0c1e1c2c
413,5f2bcaafba0be61b0c1e1e1d
414,5f2bcaafba0be61b0c1e1ee5
415,5f2bcab0ba0be61b0c1e1f72
416,5f2bcab0ba0be61b0c1e1fbf
417,5f2bcab1ba0be61b0c1e23b7
418,5f2bcab3ba0be61b0c1e28ff
419,5f2bcab7ba0be61b0c1e366f
420,5f2bcab7ba0be61b0c1e3798
421,5f2bcab9ba0be61b0c1e3e04
422,5f2bcababa0be61b0c1e4194
423,5f2bcababa0be61b0c1e4253
424,5f2bcabdba0be61b0c1e4b22
425,5f2bcabeba0be61b0c1e4b8f
426,5f2bcabfba0be61b0c1e4f55
427,5f2bcabfba0be61b0c1e4f8c
428,5f2bcabfba0be61b0c1e512a
429,5f2bcac1ba0be61b0c1e532e
430,5f2bcac2ba0be61b0c1e58f0
431,5f2bcac2ba0be61b0c1e5a08
432,5f2bcac5ba0be61b0c1e618b
433,5f2bcac5ba0be61b0c1e61fe
434,5f2bcac5ba0be61b0c1e6354
435,5f2bcac6ba0be61b0c1e64c2
436,5f2bcac7ba0be61b0c1e6a7c
437,5f2bcaccba0be61b0c1e7666
438,5f2bcaccba0be61b0c1e774b
439,5f2bcad1ba0be61b0c1e83b6
440,5f2bcad4ba0be61b0c1e8e09
441,5f2bcad4ba0be61b0c1e9029
442,5f2bcad5ba0be61b0c1e951d
443,5f2bcad6ba0be61b0c1e95dd
444,5f2bcad6ba0be61b0c1e96cb
445,5f2bcad6ba0be61b0c1e98bc
446,5f2bcad6ba0be61b0c1e98c5
447,5f2bcad6ba0be61b0c1e98d4
448,5f2bcad6ba0be61b0c1e98dd
449,5f2bcad6ba0be61b0c1e98e7
450,5f2bcad6ba0be61b0c1e98ec
451,5f2bcad6ba0be61b0c1e98f9
452,5f2bcad6ba0be61b0c1e98ff
453,5f2bcad6ba0be61b0c1e9900
454,5f2bcad6ba0be61b0c1e9909
455,5f2bcad6ba0be61b0c1e9931
456,5f2bcad6ba0be61b0c1e9932
457,5f2bcad6ba0be61b0c1e9933
458,5f2bcad6ba0be61b0c1e993f
459,5f2bcad6ba0be61b0c1e9958
460,5f2bcad7ba0be61b0c1e996b
461,5f2bcad7ba0be61b0c1e9996
462,5f2bcad7ba0be61b0c1e999a
463,5f2bcad7ba0be61b0c1e99a0
464,5f2bcad7ba0be61b0c1e99a3
465,5f2bcad7ba0be61b0c1e99a4
466,5f2bcad7ba0be61b0c1e99ab
467,5f2bcad7ba0be61b0c1e99b1
468,5f2bcad7ba0be61b0c1e99b4
469,5f2bcad7ba0be61b0c1e99b5
470,5f2bcad7ba0be61b0c1e99bc
471,5f2bcad7ba0be61b0c1e99bd
472,5f2bcad7ba0be61b0c1e99c0
473,5f2bcad7ba0be61b0c1e99c3
474,5f2bcad7ba0be61b0c1e99c4
475,5f2bcad7ba0be61b0c1e99c8
476,5f2bcad7ba0be61b0c1e99c9
477,5f2bcad7ba0be61b0c1e99cf
478,5f2bcad7ba0be61b0c1e99d0
479,5f2bcad7ba0be61b0c1e99d1
480,5f2bcad7ba0be61b0c1e99d3
481,5f2bcad7ba0be61b0c1e99d5
482,5f2bcad7ba0be61b0c1e99da
483,5f2bcad7ba0be61b0c1e99db
484,5f2bcad7ba0be61b0c1e99dc
485,5f2bcad7ba0be61b0c1e99de
486,5f2bcad7ba0be61b0c1e99e0
487,5f2bcad7ba0be61b0c1e99e5
488,5f2bcad7ba0be61b0c1e99e6
489,5f2bcad7ba0be61b0c1e99ea
490,5f2bcad7ba0be61b0c1e99ed
491,5f2bcad7ba0be61b0c1e99f2
492,5f2bcad7ba0be61b0c1e99f3
493,5f2bcad7ba0be61b0c1e99f4
494,5f2bcad7ba0be61b0c1e99f5
495,5f2bcad7ba0be61b0c1e99f6
496,5f2bcad7ba0be61b0c1e99f9
497,5f2bcad7ba0be61b0c1e9a03
498,5f2bcad7ba0be61b0c1e9a07
499,5f2bcad7ba0be61b0c1e9a08
500,5f2bcad7ba0be61b0c1e9a09
501,5f2bcad7ba0be61b0c1e9a0b
502,5f2bcad7ba0be61b0c1e9a0c
503,5f2bcad7ba0be61b0c1e9a0d
504,5f2bcad7ba0be61b0c1e9a10
505,5f2bcad7ba0be61b0c1e9a11
506,5f2bcad7ba0be61b0c1e9a16
507,5f2bcad7ba0be61b0c1e9a17
508,5f2bcad7ba0be61b0c1e9a18
509,5f2bcad7ba0be61b0c1e9a19
510,5f2bcad7ba0be61b0c1e9a1a
511,5f2bcad7ba0be61b0c1e9a1b
512,5f2bcad7ba0be61b0c1e9a1c
513,5f2bcad7ba0be61b0c1e9a1e
514,5f2bcad7ba0be61b0c1e9a1f
515,5f2bcad7ba0be61b0c1e9a25
516,5f2bcad7ba0be61b0c1e9a26
517,5f2bcad7ba0be61b0c1e9a29
518,5f2bcad7ba0be61b0c1e9a2c
519,5f2bcad7ba0be61b0c1e9a2d
520,5f2bcad7ba0be61b0c1e9a30
521,5f2bcad7ba0be61b0c1e9a34
522,5f2bcad7ba0be61b0c1e9a35
523,5f2bcad7ba0be61b0c1e9a37
524,5f2bcad7ba0be61b0c1e9a39
525,5f2bcad7ba0be61b0c1e9a3c
526,5f2bcad7ba0be61b0c1e9a41
527,5f2bcad7ba0be61b0c1e9a43
528,5f2bcad7ba0be61b0c1e9a45
529,5f2bcad7ba0be61b0c1e9a46
530,5f2bcad7ba0be61b0c1e9a4a
531,5f2bcad7ba0be61b0c1e9a4d
532,5f2bcad7ba0be61b0c1e9a55
533,5f2bcad7ba0be61b0c1e9a56
534,5f2bcad7ba0be61b0c1e9a58
535,5f2bcad7ba0be61b0c1e9a5b
536,5f2bcad7ba0be61b0c1e9a66
537,5f2bcad7ba0be61b0c1e9a6c
538,5f2bcad7ba0be61b0c1e9a6d
539,5f2bcad7ba0be61b0c1e9a71
540,5f2bcad7ba0be61b0c1e9a72
541,5f2bcad7ba0be61b0c1e9a73
542,5f2bcad7ba0be61b0c1e9a75
543,5f2bcad7ba0be61b0c1e9a77
544,5f2bcad7ba0be61b0c1e9a79
545,5f2bcad7ba0be61b0c1e9a7a
546,5f2bcad7ba0be61b0c1e9a7b
547,5f2bcad7ba0be61b0c1e9a81
548,5f2bcad7ba0be61b0c1e9a82
549,5f2bcad7ba0be61b0c1e9a83
550,5f2bcad7ba0be61b0c1e9a84
551,5f2bcad7ba0be61b0c1e9a89
552,5f2bcad7ba0be61b0c1e9a8b
553,5f2bcad7ba0be61b0c1e9a8c
554,5f2bcad7ba0be61b0c1e9a8d
555,5f2bcad7ba0be61b0c1e9a8e
556,5f2bcad7ba0be61b0c1e9a8f
557,5f2bcad7ba0be61b0c1e9a90
558,5f2bcad7ba0be61b0c1e9a91
559,5f2bcad7ba0be61b0c1e9a92
560,5f2bcad7ba0be61b0c1e9a93
561,5f2bcad7ba0be61b0c1e9a95
562,5f2bcad7ba0be61b0c1e9a96
563,5f2bcad7ba0be61b0c1e9a99
564,5f2bcad7ba0be61b0c1e9a9a
565,5f2bcad7ba0be61b0c1e9a9c
566,5f2bcad7ba0be61b0c1e9a9d
567,5f2bcad7ba0be61b0c1e9a9e
568,5f2bcad7ba0be61b0c1e9a9f
569,5f2bcad7ba0be61b0c1e9aa1
570,5f2bcad7ba0be61b0c1e9aa2
571,5f2bcad7ba0be61b0c1e9aa3
572,5f2bcad7ba0be61b0c1e9aa4
573,5f2bcad7ba0be61b0c1e9aa7
574,5f2bcad7ba0be61b0c1e9aa9
575,5f2bcad7ba0be61b0c1e9aaa
576,5f2bcad7ba0be61b0c1e9aab
577,5f2bcad7ba0be61b0c1e9aac
578,5f2bcad7ba0be61b0c1e9aad
579,5f2bcad7ba0be61b0c1e9aae
580,5f2bcad7ba0be61b0c1e9ab0
581,5f2bcad7ba0be61b0c1e9ab1
582,5f2bcad7ba0be61b0c1e9ab2
583,5f2bcad7ba0be61b0c1e9ab3
584,5f2bcad7ba0be61b0c1e9ab5
585,5f2bcad7ba0be61b0c1e9ab6
586,5f2bcad7ba0be61b0c1e9ab7
587,5f2bcad7ba0be61b0c1e9ab9
588,5f2bcad7ba0be61b0c1e9abc
589,5f2bcad7ba0be61b0c1e9abe
590,5f2bcad7ba0be61b0c1e9ac0
591,5f2bcad7ba0be61b0c1e9ac1
592,5f2bcad7ba0be61b0c1e9ac2
593,5f2bcad7ba0be61b0c1e9ac3
594,5f2bcad7ba0be61b0c1e9ac4
595,5f2bcad7ba0be61b0c1e9ac6
596,5f2bcad7ba0be61b0c1e9ac7
597,5f2bcad7ba0be61b0c1e9aca
598,5f2bcad7ba0be61b0c1e9acb
599,5f2bcad7ba0be61b0c1e9acc
600,5f2bcad7ba0be61b0c1e9acd
601,5f2bcad7ba0be61b0c1e9ace
602,5f2bcad7ba0be61b0c1e9acf
603,5f2bcad7ba0be61b0c1e9ad0
604,5f2bcad7ba0be61b0c1e9ad3
605,5f2bcad7ba0be61b0c1e9ad5
606,5f2bcad7ba0be61b0c1e9ad8
607,5f2bcad7ba0be61b0c1e9ada
608,5f2bcad7ba0be61b0c1e9adb
609,5f2bcad7ba0be61b0c1e9add
610,5f2bcad7ba0be61b0c1e9ade
611,5f2bcad7ba0be61b0c1e9ae0
612,5f2bcad7ba0be61b0c1e9ae1
613,5f2bcad7ba0be61b0c1e9ae4
614,5f2bcad7ba0be61b0c1e9ae6
615,5f2bcad7ba0be61b0c1e9ae7
616,5f2bcad7ba0be61b0c1e9ae8
617,5f2bcad7ba0be61b0c1e9aea
618,5f2bcad7ba0be61b0c1e9aec
619,5f2bcad7ba0be61b0c1e9aed
620,5f2bcad7ba0be61b0c1e9aef
621,5f2bcad7ba0be61b0c1e9af3
622,5f2bcad7ba0be61b0c1e9af5
623,5f2bcad7ba0be61b0c1e9af7
624,5f2bcad7ba0be61b0c1e9afb
625,5f2bcad7ba0be61b0c1e9afc
626,5f2bcad7ba0be61b0c1e9afd
627,5f2bcad7ba0be61b0c1e9afe
628,5f2bcad7ba0be61b0c1e9aff
629,5f2bcad7ba0be61b0c1e9b00
630,5f2bcad7ba0be61b0c1e9b06
631,5f2bcad7ba0be61b0c1e9b07
632,5f2bcad7ba0be61b0c1e9b08
633,5f2bcad7ba0be61b0c1e9b15
634,5f2bcad7ba0be61b0c1e9b16
635,5f2bcad7ba0be61b0c1e9b17
636,5f2bcad7ba0be61b0c1e9b1c
637,5f2bcad7ba0be61b0c1e9b1e
638,5f2bcad7ba0be61b0c1e9b1f
639,5f2bcad7ba0be61b0c1e9b29
640,5f2bcad7ba0be61b0c1e9b2d
641,5f2bcad7ba0be61b0c1e9b2e
642,5f2bcad7ba0be61b0c1e9b2f
643,5f2bcad7ba0be61b0c1e9b30
644,5f2bcad7ba0be61b0c1e9b32
645,5f2bcad7ba0be61b0c1e9b33
646,5f2bcad7ba0be61b0c1e9b34
647,5f2bcad7ba0be61b0c1e9b38
648,5f2bcad7ba0be61b0c1e9b3a
649,5f2bcad7ba0be61b0c1e9b3b
650,5f2bcad7ba0be61b0c1e9b3e
651,5f2bcad7ba0be61b0c1e9b3f
652,5f2bcad7ba0be61b0c1e9b40
653,5f2bcad7ba0be61b0c1e9b42
654,5f2bcad7ba0be61b0c1e9b43
655,5f2bcad7ba0be61b0c1e9b44
656,5f2bcad7ba0be61b0c1e9b45
657,5f2bcad7ba0be61b0c1e9b47
658,5f2bcad7ba0be61b0c1e9b48
659,5f2bcad7ba0be61b0c1e9b49
660,5f2bcad7ba0be61b0c1e9b4b
661,5f2bcad7ba0be61b0c1e9b4c
662,5f2bcad7ba0be61b0c1e9b4d
663,5f2bcad7ba0be61b0c1e9b4e
664,5f2bcad7ba0be61b0c1e9b4f
665,5f2bcad7ba0be61b0c1e9b50
666,5f2bcad7ba0be61b0c1e9b53
667,5f2bcad7ba0be61b0c1e9b54
668,5f2bcad7ba0be61b0c1e9b55
669,5f2bcad7ba0be61b0c1e9b56
670,5f2bcad7ba0be61b0c1e9b57
671,5f2bcad7ba0be61b0c1e9b58
672,5f2bcad7ba0be61b0c1e9b59
673,5f2bcad7ba0be61b0c1e9b5a
674,5f2bcad7ba0be61b0c1e9b5b
675,5f2bcad7ba0be61b0c1e9b5c
676,5f2bcad7ba0be61b0c1e9b5e
677,5f2bcad7ba0be61b0c1e9b5f
678,5f2bcad7ba0be61b0c1e9b60
679,5f2bcad7ba0be61b0c1e9b61
680,5f2bcad7ba0be61b0c1e9b62
681,5f2bcad7ba0be61b0c1e9b63
682,5f2bcad7ba0be61b0c1e9b64
683,5f2bcad7ba0be61b0c1e9b65
684,5f2bcad7ba0be61b0c1e9b66
685,5f2bcad7ba0be61b0c1e9b68
686,5f2bcad7ba0be61b0c1e9b69
687,5f2bcad7ba0be61b0c1e9b6c
688,5f2bcad7ba0be61b0c1e9b70
689,5f2bcad7ba0be61b0c1e9b71
690,5f2bcad7ba0be61b0c1e9b73
691,5f2bcad7ba0be61b0c1e9b80
692,5f2bcad7ba0be61b0c1e9b83
693,5f2bcad7ba0be61b0c1e9b86
694,5f2bcad7ba0be61b0c1e9b89
695,5f2bcad7ba0be61b0c1e9b8a
696,5f2bcad7ba0be61b0c1e9b8b
697,5f2bcad7ba0be61b0c1e9b8d
698,5f2bcad7ba0be61b0c1e9b90
699,5f2bcad7ba0be61b0c1e9b91
700,5f2bcad7ba0be61b0c1e9b92
701,5f2bcad7ba0be61b0c1e9b95
702,5f2bcad7ba0be61b0c1e9b98
703,5f2bcad7ba0be61b0c1e9ba0
704,5f2bcad7ba0be61b0c1e9ba2
705,5f2bcad7ba0be61b0c1e9ba5
706,5f2bcad7ba0be61b0c1e9ba6
707,5f2bcad7ba0be61b0c1e9ba8
708,5f2bcad7ba0be61b0c1e9bab
709,5f2bcad7ba0be61b0c1e9bbf
710,5f2bcad7ba0be61b0c1e9bc3
711,5f2bcad7ba0be61b0c1e9bc6
712,5f2bcad7ba0be61b0c1e9bd2
713,5f2bcad7ba0be61b0c1e9bdb
714,5f2bcad7ba0be61b0c1e9bdc
715,5f2bcad7ba0be61b0c1e9bdf
716,5f2bcad7ba0be61b0c1e9be4
717,5f2bcad7ba0be61b0c1e9be9
718,5f2bcad7ba0be61b0c1e9bf0
719,5f2bcad7ba0be61b0c1e9bf1
720,5f2bcad7ba0be61b0c1e9bf2
721,5f2bcad7ba0be61b0c1e9bf4
722,5f2bcad7ba0be61b0c1e9bf8
723,5f2bcad7ba0be61b0c1e9bf9
724,5f2bcad7ba0be61b0c1e9bfc
725,5f2bcad7ba0be61b0c1e9c00
726,5f2bcad7ba0be61b0c1e9c04
727,5f2bcad7ba0be61b0c1e9c05
728,5f2bcad7ba0be61b0c1e9c0c
729,5f2bcad7ba0be61b0c1e9c0d
730,5f2bcad7ba0be61b0c1e9c0f
731,5f2bcad7ba0be61b0c1e9c10
732,5f2bcad7ba0be61b0c1e9c22
733,5f2bcad7ba0be61b0c1e9c25
734,5f2bcad7ba0be61b0c1e9c33
735,5f2bcad7ba0be61b0c1e9c34
736,5f2bcad7ba0be61b0c1e9c3e
737,5f2bcad7ba0be61b0c1e9c40
738,5f2bcad7ba0be61b0c1e9c41
739,5f2bcad7ba0be61b0c1e9c44
740,5f2bcad7ba0be61b0c1e9c47
741,5f2bcad7ba0be61b0c1e9c4e
742,5f2bcad7ba0be61b0c1e9c53
743,5f2bcad7ba0be61b0c1e9c54
744,5f2bcad7ba0be61b0c1e9c55
745,5f2bcad7ba0be61b0c1e9c57
746,5f2bcad7ba0be61b0c1e9c58
747,5f2bcad7ba0be61b0c1e9c5b
748,5f2bcad7ba0be61b0c1e9c5e
749,5f2bcad7ba0be61b0c1e9c5f
750,5f2bcad7ba0be61b0c1e9c62
751,5f2bcad7ba0be61b0c1e9c67
752,5f2bcad7ba0be61b0c1e9c69
753,5f2bcad7ba0be61b0c1e9c6b
754,5f2bcad7ba0be61b0c1e9c6f
755,5f2bcad7ba0be61b0c1e9c71
756,5f2bcad7ba0be61b0c1e9c7b
757,5f2bcad7ba0be61b0c1e9c87
758,5f2bcad7ba0be61b0c1e9ca1
759,5f2bcad7ba0be61b0c1e9ca6
760,5f2bcad7ba0be61b0c1e9caa
761,5f2bcad7ba0be61b0c1e9cab
762,5f2bcad7ba0be61b0c1e9cb8
763,5f2bcad7ba0be61b0c1e9cbb
764,5f2bcad7ba0be61b0c1e9cc4
765,5f2bcad7ba0be61b0c1e9cd7
766,5f2bcad7ba0be61b0c1e9ce3
767,5f2bcad7ba0be61b0c1e9ce4
768,5f2bcad7ba0be61b0c1e9ce5
769,5f2bcad7ba0be61b0c1e9cee
770,5f2bcad7ba0be61b0c1e9cf2
771,5f2bcad7ba0be61b0c1e9cf5
772,5f2bcad7ba0be61b0c1e9cf6
773,5f2bcad7ba0be61b0c1e9cf7
774,5f2bcad7ba0be61b0c1e9cf8
775,5f2bcad7ba0be61b0c1e9cfe
776,5f2bcad7ba0be61b0c1e9d04
777,5f2bcad7ba0be61b0c1e9d05
778,5f2bcad7ba0be61b0c1e9d0a
779,5f2bcad7ba0be61b0c1e9d0f
780,5f2bcad7ba0be61b0c1e9d17
781,5f2bcad7ba0be61b0c1e9d19
782,5f2bcad7ba0be61b0c1e9d1e
783,5f2bcad7ba0be61b0c1e9d1f
784,5f2bcad7ba0be61b0c1e9d26
785,5f2bcad7ba0be61b0c1e9d2a
786,5f2bcad7ba0be61b0c1e9d2e
787,5f2bcad7ba0be61b0c1e9d3b
788,5f2bcad7ba0be61b0c1e9d3e
789,5f2bcad7ba0be61b0c1e9d42
790,5f2bcad8ba0be61b0c1e9d4d
791,5f2bcad8ba0be61b0c1e9d4e
792,5f2bcad8ba0be61b0c1e9d58
793,5f2bcad8ba0be61b0c1e9d59
794,5f2bcad8ba0be61b0c1e9d5a
795,5f2bcad8ba0be61b0c1e9d5b
796,5f2bcad8ba0be61b0c1e9d5d
797,5f2bcad8ba0be61b0c1e9d5f
798,5f2bcad8ba0be61b0c1e9d60
799,5f2bcad8ba0be61b0c1e9d64
800,5f2bcad8ba0be61b0c1e9d65
801,5f2bcad8ba0be61b0c1e9d66
802,5f2bcad8ba0be61b0c1e9d6a
803,5f2bcad8ba0be61b0c1e9d6e
804,5f2bcad8ba0be61b0c1e9d72
805,5f2bcad8ba0be61b0c1e9d73
806,5f2bcad8ba0be61b0c1e9d7e
807,5f2bcad8ba0be61b0c1e9d83
808,5f2bcad8ba0be61b0c1e9d85
809,5f2bcad8ba0be61b0c1e9d97
810,5f2bcad8ba0be61b0c1e9d99
811,5f2bcad8ba0be61b0c1e9d9c
812,5f2bcad8ba0be61b0c1e9d9d
813,5f2bcad8ba0be61b0c1e9da0
814,5f2bcad8ba0be61b0c1e9da9
815,5f2bcad8ba0be61b0c1e9daa
816,5f2bcad8ba0be61b0c1e9dad
817,5f2bcad8ba0be61b0c1e9dba
818,5f2bcad8ba0be61b0c1e9dcd
819,5f2bcad8ba0be61b0c1e9ddd
820,5f2bcad8ba0be61b0c1e9deb
821,5f2bcad8ba0be61b0c1e9df4
822,5f2bcad8ba0be61b0c1e9dfb
823,5f2bcad8ba0be61b0c1e9e04
824,5f2bcad8ba0be61b0c1e9e0e
825,5f2bcad8ba0be61b0c1e9e12
826,5f2bcad8ba0be61b0c1e9e32
827,5f2bcad8ba0be61b0c1e9e33
828,5f2bcad8ba0be61b0c1e9e3a
829,5f2bcad8ba0be61b0c1e9e3d
830,5f2bcad8ba0be61b0c1e9e69
831,5f2bcad8ba0be61b0c1e9e6b
832,5f2bcad8ba0be61b0c1e9e6c
833,5f2bcad8ba0be61b0c1e9ea8
834,5f2bcad8ba0be61b0c1e9eb5
835,5f2bcad8ba0be61b0c1e9ec6
836,5f2bcad8ba0be61b0c1e9ed6
837,5f2bcad8ba0be61b0c1e9edc
838,5f2bcad8ba0be61b0c1e9eff
839,5f2bcad8ba0be61b0c1e9f27
840,5f2bcad8ba0be61b0c1e9f29
841,5f2bcad8ba0be61b0c1e9f2c
842,5f2bcad8ba0be61b0c1e9f2d
843,5f2bcad8ba0be61b0c1e9f45
844,5f2bcad8ba0be61b0c1e9f58
845,5f2bcad8ba0be61b0c1e9f59
846,5f2bcad8ba0be61b0c1e9f97
847,5f2bcad8ba0be61b0c1e9fbf
848,5f2bcad8ba0be61b0c1e9fc0
849,5f2bcad8ba0be61b0c1ea03b
850,5f2bcad8ba0be61b0c1ea03c
851,5f2bcad8ba0be61b0c1ea05c
852,5f2bcad8ba0be61b0c1ea072
853,5f2bcad8ba0be61b0c1ea082
854,5f2bcad8ba0be61b0c1ea084
855,5f2bcad8ba0be61b0c1ea087
856,5f2bcad8ba0be61b0c1ea09d
857,5f2bcad8ba0be61b0c1ea0a2
858,5f2bcad8ba0be61b0c1ea0a6
859,5f2bcad8ba0be61b0c1ea0ac
860,5f2bcad8ba0be61b0c1ea0c3
861,5f2bcad8ba0be61b0c1ea0d9
862,5f2bcad8ba0be61b0c1ea0ee
863,5f2bcad8ba0be61b0c1ea117
864,5f2bcad8ba0be61b0c1ea119
865,5f2bcadaba0be61b0c1ea140
866,5f2bcadaba0be61b0c1ea176
867,5f2bcadaba0be61b0c1ea177
868,5f2bcadaba0be61b0c1ea17b
869,5f2bcadaba0be61b0c1ea17f
870,5f2bcadaba0be61b0c1ea180
871,5f2bcadaba0be61b0c1ea181
872,5f2bcadaba0be61b0c1ea182
873,5f2bcadaba0be61b0c1ea183
874,5f2bcadaba0be61b0c1ea184
875,5f2bcadaba0be61b0c1ea185
876,5f2bcadaba0be61b0c1ea186
877,5f2bcadaba0be61b0c1ea188
878,5f2bcadaba0be61b0c1ea189
879,5f2bcadaba0be61b0c1ea18a
880,5f2bcadaba0be61b0c1ea18c
881,5f2bcadaba0be61b0c1ea18d
882,5f2bcadaba0be61b0c1ea18e
883,5f2bcadaba0be61b0c1ea18f
884,5f2bcadaba0be61b0c1ea190
885,5f2bcadaba0be61b0c1ea191
886,5f2bcadaba0be61b0c1ea196
887,5f2bcadaba0be61b0c1ea197
888,5f2bcadaba0be61b0c1ea198
889,5f2bcadaba0be61b0c1ea199
890,5f2bcadaba0be61b0c1ea1b7
891,5f2bcadaba0be61b0c1ea1c2
892,5f2bcadaba0be61b0c1ea1c3
893,5f2bcadaba0be61b0c1ea1d5
894,5f2bcadaba0be61b0c1ea1ee
895,5f2bcadaba0be61b0c1ea20f
896,5f2bcadaba0be61b0c1ea216
897,5f2bcadaba0be61b0c1ea217
898,5f2bcadaba0be61b0c1ea21b
899,5f2bcadaba0be61b0c1ea25f
900,5f2bcadaba0be61b0c1ea261
901,5f2bcadaba0be61b0c1ea27b
902,5f2bcadaba0be61b0c1ea301
903,5f2bcadaba0be61b0c1ea353
904,5f2bcadaba0be61b0c1ea35b
905,5f2bcadaba0be61b0c1ea37e
906,5f2bcadaba0be61b0c1ea3e1
907,5f2bcadaba0be61b0c1ea3eb
908,5f2bcadaba0be61b0c1ea417
909,5f2bcadaba0be61b0c1ea43f
910,5f2bcadbba0be61b0c1ea54c
911,5f2bcadbba0be61b0c1ea54d
912,5f2bcadbba0be61b0c1ea551
913,5f2bcadbba0be61b0c1ea552
914,5f2bcadbba0be61b0c1ea553
915,5f2bcadbba0be61b0c1ea554
916,5f2bcadbba0be61b0c1ea55c
917,5f2bcadbba0be61b0c1ea562
918,5f2bcadbba0be61b0c1ea57a
919,5f2bcadbba0be61b0c1ea585
920,5f2bcadbba0be61b0c1ea5ad
921,5f2bcadbba0be61b0c1ea5cf
922,5f2bcadbba0be61b0c1ea5e7
923,5f4ca257e893e805f460bab9
924,5f4ca257e893e805f460baba
925,5f4ca257e893e805f460bac0
926,5f4ca257e893e805f460bac3
927,5f4ca257e893e805f460bac5
928,5f4d48f80136bd120756c6d8
929,5f4eb6909475ea1e25048187
930,5f5609d11b1d8b39055ea5a5
931,5f58e2ca22a9de32555fb769
932,5f59493322a9de32555fd035
933,5f5a28f947d72e4153e7c8f5
934,5f5b801605469149dd3c4a6c
935,5f63051896c96e7f4f243f2b
936,5f66bceec3382a7e2535916b
937,5f68d78a8a615a31bfedaac3
938,5f7339c1a6b4a7678442b297
939,5f734d71a6b4a7678442b7d1
940,5f7fec4cec158173c1fb095e
941,5f8705e020ed9f06939a502d
942,5f8a4b0b257a59549189c12c
943,5f8dce1e7cf9da2e9484d8a7
944,5f8f06f14d9fdc4def95d7b8
945,5fa093bd67f162218739c368
946,5fa306eecaad2a449ecf775e
947,5fab48b25099054f1e37daee
948,5fac50d045f31c41f8d2b123
949,5fb299e3a617751d6179c0a8
950,5ff88a54c33ee86fdcaaa638
951,600871812aa8da51bc20b7ed
952,6021cfb82143a85d8980ac97
