,USER_NAME,EMAIL_ID,DEVICE_USED,MODE_OF_PAYMENT,TYPE_OF_PAYMENT,Last_Payment_Date,Payment_Amount
59,ANNETTE J. HAGENS MEMORIAL FOUNDATION,NO INFO.,OFFLINE,CHEQUE,FOUNDATION,2020-08-03,3500.0
60,CVS HEALTH FOUNDATION,NO INFO.,OFFLINE,CHEQUE,FOUNDATION,2020-08-03,500.0
61,TRUST FOR THE MEDITATION PROCESS,NO INFO.,OFFLINE,CHEQUE,FOUNDATION,2020-08-24,6000.0
62,COMMUNITY FOUNDATION OF TAMPA BAY,NO INFO.,OFFLINE,CHEQUE,FOUNDATION,2020-09-30,27000.0
63,THE SKILLMAN FOUNDATION,NO INFO.,OFFLINE,CHEQUE,FOUNDATION,2020-10-14,80000.0
64,"COMMUNITY FOUNDATION OF SARASOTA COUNTY, INC",NO INFO.,OFFLINE,CHEQUE,FOUNDATION,2020-10-30,500.0
65,LG ELECTRONICS USA,NO INFO.,OFFLINE,CHEQUE,FOUNDATION,2020-11-09,342000.0
190,Kyan Foundation,NO INFO.,OFFLINE,CHEQUE,FOUNDATION,2021-02-08,14000.0
203,Access Youth & Education Dept,NO INFO.,OFFLINE,CHEQUE,FOUNDATION,2021-04-08,8000.0
