,0
0,5f2bca14ba0be61b0c1ca4d0
1,5f2bca16ba0be61b0c1ca58d
2,5f2bca16ba0be61b0c1ca652
3,5f2bca16ba0be61b0c1ca6cb
4,5f2bca18ba0be61b0c1cab41
5,5f2bca1aba0be61b0c1cad64
6,5f2bca1aba0be61b0c1cad90
7,5f2bca1aba0be61b0c1caefa
8,5f2bca1aba0be61b0c1caf19
9,5f2bca1aba0be61b0c1cb0a7
10,5f2bca1cba0be61b0c1cb19d
11,5f2bca1cba0be61b0c1cb224
12,5f2bca1fba0be61b0c1cb65a
13,5f2bca1fba0be61b0c1cb662
14,5f2bca1fba0be61b0c1cb752
15,5f2bca1fba0be61b0c1cb75a
16,5f2bca1fba0be61b0c1cb7d6
17,5f2bca1fba0be61b0c1cb7d9
18,5f2bca1fba0be61b0c1cb80e
19,5f2bca1fba0be61b0c1cb844
20,5f2bca1fba0be61b0c1cb87d
21,5f2bca1fba0be61b0c1cb8a0
22,5f2bca20ba0be61b0c1cb95e
23,5f2bca20ba0be61b0c1cb98b
24,5f2bca20ba0be61b0c1cb9bc
25,5f2bca20ba0be61b0c1cb9d6
26,5f2bca20ba0be61b0c1cba06
27,5f2bca20ba0be61b0c1cba12
28,5f2bca20ba0be61b0c1cba42
29,5f2bca20ba0be61b0c1cba45
30,5f2bca20ba0be61b0c1cba99
31,5f2bca20ba0be61b0c1cbad8
32,5f2bca20ba0be61b0c1cbb47
33,5f2bca20ba0be61b0c1cbb78
34,5f2bca20ba0be61b0c1cbb8e
35,5f2bca20ba0be61b0c1cbbda
36,5f2bca20ba0be61b0c1cbbdc
37,5f2bca20ba0be61b0c1cbbdf
38,5f2bca20ba0be61b0c1cbc36
39,5f2bca20ba0be61b0c1cbc77
40,5f2bca21ba0be61b0c1cbd30
41,5f2bca21ba0be61b0c1cbd56
42,5f2bca21ba0be61b0c1cbde0
43,5f2bca21ba0be61b0c1cbde9
44,5f2bca21ba0be61b0c1cbe0e
45,5f2bca21ba0be61b0c1cbe69
46,5f2bca21ba0be61b0c1cbe77
47,5f2bca21ba0be61b0c1cbe81
48,5f2bca21ba0be61b0c1cbec6
49,5f2bca21ba0be61b0c1cbef4
50,5f2bca21ba0be61b0c1cbf30
51,5f2bca21ba0be61b0c1cbf39
52,5f2bca21ba0be61b0c1cbf44
53,5f2bca21ba0be61b0c1cbf48
54,5f2bca21ba0be61b0c1cbf6d
55,5f2bca21ba0be61b0c1cbfa0
56,5f2bca21ba0be61b0c1cc041
57,5f2bca21ba0be61b0c1cc097
58,5f2bca22ba0be61b0c1cc0d1
59,5f2bca22ba0be61b0c1cc247
60,5f2bca22ba0be61b0c1cc24a
61,5f2bca22ba0be61b0c1cc276
62,5f2bca22ba0be61b0c1cc27b
63,5f2bca22ba0be61b0c1cc28a
64,5f2bca22ba0be61b0c1cc2f1
65,5f2bca22ba0be61b0c1cc31e
66,5f2bca22ba0be61b0c1cc343
67,5f2bca22ba0be61b0c1cc3c8
68,5f2bca22ba0be61b0c1cc3e4
69,5f2bca22ba0be61b0c1cc43f
70,5f2bca22ba0be61b0c1cc468
71,5f2bca22ba0be61b0c1cc47c
72,5f2bca23ba0be61b0c1cc4cc
73,5f2bca23ba0be61b0c1cc53b
74,5f2bca23ba0be61b0c1cc59e
75,5f2bca23ba0be61b0c1cc5a0
76,5f2bca23ba0be61b0c1cc5af
77,5f2bca23ba0be61b0c1cc5c5
78,5f2bca23ba0be61b0c1cc5d7
79,5f2bca23ba0be61b0c1cc748
80,5f2bca23ba0be61b0c1cc761
81,5f2bca23ba0be61b0c1cc763
82,5f2bca23ba0be61b0c1cc77b
83,5f2bca23ba0be61b0c1cc79f
84,5f2bca23ba0be61b0c1cc7ad
85,5f2bca24ba0be61b0c1cc7d7
86,5f2bca24ba0be61b0c1cc81b
87,5f2bca24ba0be61b0c1cc836
88,5f2bca25ba0be61b0c1cc8a9
89,5f2bca25ba0be61b0c1cc8f3
90,5f2bca25ba0be61b0c1cc9a2
91,5f2bca25ba0be61b0c1cc9a7
92,5f2bca25ba0be61b0c1cca2e
93,5f2bca25ba0be61b0c1cca62
94,5f2bca25ba0be61b0c1ccacf
95,5f2bca25ba0be61b0c1ccb62
96,5f2bca25ba0be61b0c1ccb75
97,5f2bca25ba0be61b0c1ccb78
98,5f2bca25ba0be61b0c1ccb7c
99,5f2bca25ba0be61b0c1ccb8d
100,5f2bca25ba0be61b0c1ccb99
101,5f2bca25ba0be61b0c1ccba4
102,5f2bca25ba0be61b0c1ccbb1
103,5f2bca25ba0be61b0c1ccbcb
104,5f2bca26ba0be61b0c1ccc7a
105,5f2bca26ba0be61b0c1ccc8b
106,5f2bca26ba0be61b0c1cccbd
107,5f2bca26ba0be61b0c1cccc6
108,5f2bca26ba0be61b0c1cccc7
109,5f2bca26ba0be61b0c1ccce3
110,5f2bca26ba0be61b0c1ccd13
111,5f2bca26ba0be61b0c1ccd3d
112,5f2bca26ba0be61b0c1ccd60
113,5f2bca26ba0be61b0c1cceae
114,5f2bca26ba0be61b0c1cced1
115,5f2bca26ba0be61b0c1ccf46
116,5f2bca26ba0be61b0c1ccf82
117,5f2bca26ba0be61b0c1ccf99
118,5f2bca26ba0be61b0c1ccfb0
119,5f2bca26ba0be61b0c1ccfc8
120,5f2bca26ba0be61b0c1ccfd5
121,5f2bca27ba0be61b0c1cd0b1
122,5f2bca27ba0be61b0c1cd0cb
123,5f2bca27ba0be61b0c1cd0d9
124,5f2bca27ba0be61b0c1cd116
125,5f2bca27ba0be61b0c1cd13c
126,5f2bca27ba0be61b0c1cd18b
127,5f2bca27ba0be61b0c1cd1be
128,5f2bca27ba0be61b0c1cd1c0
129,5f2bca27ba0be61b0c1cd20e
130,5f2bca27ba0be61b0c1cd215
131,5f2bca27ba0be61b0c1cd224
132,5f2bca27ba0be61b0c1cd256
133,5f2bca27ba0be61b0c1cd2c3
134,5f2bca27ba0be61b0c1cd2d7
135,5f2bca27ba0be61b0c1cd2e9
136,5f2bca28ba0be61b0c1cd44d
137,5f2bca28ba0be61b0c1cd4d0
138,5f2bca28ba0be61b0c1cd551
139,5f2bca29ba0be61b0c1cd567
140,5f2bca29ba0be61b0c1cd607
141,5f2bca29ba0be61b0c1cd619
142,5f2bca29ba0be61b0c1cd61b
143,5f2bca29ba0be61b0c1cd69a
144,5f2bca29ba0be61b0c1cd6b3
145,5f2bca29ba0be61b0c1cd6cf
146,5f2bca29ba0be61b0c1cd6de
147,5f2bca29ba0be61b0c1cd6e5
148,5f2bca29ba0be61b0c1cd6f0
149,5f2bca29ba0be61b0c1cd70b
150,5f2bca29ba0be61b0c1cd75b
151,5f2bca29ba0be61b0c1cd78d
152,5f2bca29ba0be61b0c1cd7c2
153,5f2bca2aba0be61b0c1cd82e
154,5f2bca2aba0be61b0c1cd84e
155,5f2bca2aba0be61b0c1cd8ac
156,5f2bca2aba0be61b0c1cd97c
157,5f2bca2aba0be61b0c1cd97d
158,5f2bca2aba0be61b0c1cd981
159,5f2bca2aba0be61b0c1cd9e5
160,5f2bca2aba0be61b0c1cdaca
161,5f2bca2aba0be61b0c1cdae0
162,5f2bca2aba0be61b0c1cdaf2
163,5f2bca2aba0be61b0c1cdafd
164,5f2bca2aba0be61b0c1cdb27
165,5f2bca2aba0be61b0c1cdb3c
166,5f2bca2aba0be61b0c1cdb53
167,5f2bca2aba0be61b0c1cdb87
168,5f2bca2aba0be61b0c1cdb9d
169,5f2bca2aba0be61b0c1cdc04
170,5f2bca2cba0be61b0c1cdc50
171,5f2bca2cba0be61b0c1cdc62
172,5f2bca2cba0be61b0c1cdceb
173,5f2bca2cba0be61b0c1cdd1a
174,5f2bca2cba0be61b0c1cdd41
175,5f2bca2cba0be61b0c1cdd75
176,5f2bca2cba0be61b0c1cddef
177,5f2bca2cba0be61b0c1cddf0
178,5f2bca2cba0be61b0c1cddf9
179,5f2bca2cba0be61b0c1cde00
180,5f2bca2cba0be61b0c1cde9e
181,5f2bca2cba0be61b0c1cded8
182,5f2bca2cba0be61b0c1cdef8
183,5f2bca2cba0be61b0c1cdf78
184,5f2bca2cba0be61b0c1cdf90
185,5f2bca2cba0be61b0c1cdfb4
186,5f2bca2dba0be61b0c1ce050
187,5f2bca2dba0be61b0c1ce1c2
188,5f2bca2dba0be61b0c1ce288
189,5f2bca2dba0be61b0c1ce313
190,5f2bca2eba0be61b0c1ce3fe
191,5f2bca2eba0be61b0c1ce4c4
192,5f2bca2eba0be61b0c1ce655
193,5f2bca2eba0be61b0c1ce701
194,5f2bca2fba0be61b0c1ce840
195,5f2bca2fba0be61b0c1ce9bc
196,5f2bca2fba0be61b0c1ce9d9
197,5f2bca2fba0be61b0c1cea03
198,5f2bca2fba0be61b0c1ceaf5
199,5f2bca2fba0be61b0c1ceb39
200,5f2bca2fba0be61b0c1cebad
201,5f2bca30ba0be61b0c1cecc6
202,5f2bca30ba0be61b0c1cece6
203,5f2bca30ba0be61b0c1cecf0
204,5f2bca30ba0be61b0c1ced00
205,5f2bca30ba0be61b0c1ced02
206,5f2bca30ba0be61b0c1ced57
207,5f2bca30ba0be61b0c1ced5d
208,5f2bca30ba0be61b0c1ced6f
209,5f2bca30ba0be61b0c1ced88
210,5f2bca30ba0be61b0c1cedd1
211,5f2bca30ba0be61b0c1cedd4
212,5f2bca30ba0be61b0c1cef0a
213,5f2bca31ba0be61b0c1cf135
214,5f2bca31ba0be61b0c1cf331
215,5f2bca31ba0be61b0c1cf358
216,5f2bca31ba0be61b0c1cf361
217,5f2bca32ba0be61b0c1cf4b2
218,5f2bca32ba0be61b0c1cf586
219,5f2bca32ba0be61b0c1cf5a4
220,5f2bca32ba0be61b0c1cf5ba
221,5f2bca32ba0be61b0c1cf63a
222,5f2bca32ba0be61b0c1cf652
223,5f2bca32ba0be61b0c1cf720
224,5f2bca32ba0be61b0c1cf74a
225,5f2bca33ba0be61b0c1cf7ee
226,5f2bca33ba0be61b0c1cf8ac
227,5f2bca33ba0be61b0c1cf974
228,5f2bca33ba0be61b0c1cf99e
229,5f2bca33ba0be61b0c1cf9a1
230,5f2bca33ba0be61b0c1cf9b1
231,5f2bca33ba0be61b0c1cf9f7
232,5f2bca33ba0be61b0c1cfad3
233,5f2bca33ba0be61b0c1cfb0e
234,5f2bca34ba0be61b0c1cfbda
235,5f2bca34ba0be61b0c1cfce5
236,5f2bca35ba0be61b0c1cfdd0
237,5f2bca35ba0be61b0c1cfe68
238,5f2bca36ba0be61b0c1d00ec
239,5f2bca36ba0be61b0c1d0141
240,5f2bca36ba0be61b0c1d01ae
241,5f2bca36ba0be61b0c1d029a
242,5f2bca37ba0be61b0c1d0323
243,5f2bca37ba0be61b0c1d032d
244,5f2bca37ba0be61b0c1d03e5
245,5f2bca37ba0be61b0c1d0411
246,5f2bca37ba0be61b0c1d0426
247,5f2bca37ba0be61b0c1d0436
248,5f2bca37ba0be61b0c1d0452
249,5f2bca37ba0be61b0c1d0543
250,5f2bca37ba0be61b0c1d05a5
251,5f2bca37ba0be61b0c1d05df
252,5f2bca37ba0be61b0c1d05e8
253,5f2bca37ba0be61b0c1d0622
254,5f2bca37ba0be61b0c1d0687
255,5f2bca38ba0be61b0c1d085d
256,5f2bca38ba0be61b0c1d09f9
257,5f2bca38ba0be61b0c1d0a9f
258,5f2bca38ba0be61b0c1d0ac7
259,5f2bca38ba0be61b0c1d0ada
260,5f2bca38ba0be61b0c1d0ae5
261,5f2bca39ba0be61b0c1d0b02
262,5f2bca39ba0be61b0c1d0b34
263,5f2bca39ba0be61b0c1d0b55
264,5f2bca39ba0be61b0c1d0b6b
265,5f2bca39ba0be61b0c1d0bb6
266,5f2bca39ba0be61b0c1d0bb7
267,5f2bca39ba0be61b0c1d0c68
268,5f2bca39ba0be61b0c1d0c71
269,5f2bca39ba0be61b0c1d0d5e
270,5f2bca39ba0be61b0c1d0d7e
271,5f2bca3aba0be61b0c1d0f2e
272,5f2bca3aba0be61b0c1d0f78
273,5f2bca3aba0be61b0c1d0fa6
274,5f2bca3bba0be61b0c1d13af
275,5f2bca3bba0be61b0c1d13b6
276,5f2bca3bba0be61b0c1d1409
277,5f2bca3bba0be61b0c1d15e8
278,5f2bca3bba0be61b0c1d165e
279,5f2bca3cba0be61b0c1d16bb
280,5f2bca3cba0be61b0c1d17a1
281,5f2bca3dba0be61b0c1d18de
282,5f2bca3dba0be61b0c1d18f0
283,5f2bca3dba0be61b0c1d1a6d
284,5f2bca3eba0be61b0c1d1ac4
285,5f2bca3eba0be61b0c1d1b1a
286,5f2bca3eba0be61b0c1d1cd6
287,5f2bca3eba0be61b0c1d1dca
288,5f2bca3fba0be61b0c1d1eaf
289,5f2bca3fba0be61b0c1d1f73
290,5f2bca41ba0be61b0c1d245d
291,5f2bca41ba0be61b0c1d2482
292,5f2bca41ba0be61b0c1d251f
293,5f2bca41ba0be61b0c1d2625
294,5f2bca41ba0be61b0c1d2635
295,5f2bca42ba0be61b0c1d268f
296,5f2bca42ba0be61b0c1d286b
297,5f2bca42ba0be61b0c1d287a
298,5f2bca42ba0be61b0c1d287b
299,5f2bca43ba0be61b0c1d29e8
300,5f2bca43ba0be61b0c1d2c48
301,5f2bca43ba0be61b0c1d2cf3
302,5f2bca44ba0be61b0c1d3178
303,5f2bca45ba0be61b0c1d3504
304,5f2bca45ba0be61b0c1d3521
305,5f2bca45ba0be61b0c1d3536
306,5f2bca45ba0be61b0c1d354d
307,5f2bca45ba0be61b0c1d3582
308,5f2bca45ba0be61b0c1d3585
309,5f2bca45ba0be61b0c1d358f
310,5f2bca45ba0be61b0c1d359f
311,5f2bca46ba0be61b0c1d3656
312,5f2bca46ba0be61b0c1d368a
313,5f2bca46ba0be61b0c1d36d0
314,5f2bca46ba0be61b0c1d36f8
315,5f2bca46ba0be61b0c1d3741
316,5f2bca46ba0be61b0c1d3752
317,5f2bca46ba0be61b0c1d37be
318,5f2bca46ba0be61b0c1d37db
319,5f2bca46ba0be61b0c1d37f1
320,5f2bca46ba0be61b0c1d37fd
321,5f2bca46ba0be61b0c1d38e5
322,5f2bca46ba0be61b0c1d38e6
323,5f2bca46ba0be61b0c1d395e
324,5f2bca47ba0be61b0c1d39e7
325,5f2bca47ba0be61b0c1d3a10
326,5f2bca47ba0be61b0c1d3a2c
327,5f2bca48ba0be61b0c1d3a7b
328,5f2bca48ba0be61b0c1d3abc
329,5f2bca48ba0be61b0c1d3abf
330,5f2bca48ba0be61b0c1d3b94
331,5f2bca48ba0be61b0c1d3bd0
332,5f2bca48ba0be61b0c1d3be6
333,5f2bca48ba0be61b0c1d3c24
334,5f2bca48ba0be61b0c1d3cba
335,5f2bca49ba0be61b0c1d3e20
336,5f2bca49ba0be61b0c1d3e4b
337,5f2bca49ba0be61b0c1d3eb8
338,5f2bca49ba0be61b0c1d3f12
339,5f2bca49ba0be61b0c1d3f89
340,5f2bca49ba0be61b0c1d4003
341,5f2bca49ba0be61b0c1d4047
342,5f2bca49ba0be61b0c1d4084
343,5f2bca4bba0be61b0c1d41ed
344,5f2bca4bba0be61b0c1d432d
345,5f2bca4bba0be61b0c1d4345
346,5f2bca4bba0be61b0c1d442c
347,5f2bca4bba0be61b0c1d451e
348,5f2bca4cba0be61b0c1d470f
349,5f2bca4cba0be61b0c1d4808
350,5f2bca4cba0be61b0c1d48a3
351,5f2bca4cba0be61b0c1d48f5
352,5f2bca4cba0be61b0c1d491c
353,5f2bca4cba0be61b0c1d494c
354,5f2bca4dba0be61b0c1d49b1
355,5f2bca4dba0be61b0c1d4a73
356,5f2bca4dba0be61b0c1d4ac5
357,5f2bca4dba0be61b0c1d4b0e
358,5f2bca4dba0be61b0c1d4b46
359,5f2bca4dba0be61b0c1d4b7b
360,5f2bca4dba0be61b0c1d4bf0
361,5f2bca4dba0be61b0c1d4cd3
362,5f2bca4fba0be61b0c1d4d7c
363,5f2bca4fba0be61b0c1d4db3
364,5f2bca4fba0be61b0c1d4e0c
365,5f2bca4fba0be61b0c1d50f7
366,5f2bca50ba0be61b0c1d514e
367,5f2bca50ba0be61b0c1d521c
368,5f2bca50ba0be61b0c1d52d6
369,5f2bca50ba0be61b0c1d52e2
370,5f2bca50ba0be61b0c1d531d
371,5f2bca50ba0be61b0c1d54f2
372,5f2bca52ba0be61b0c1d57a4
373,5f2bca52ba0be61b0c1d5818
374,5f2bca52ba0be61b0c1d58ec
375,5f2bca53ba0be61b0c1d5af2
376,5f2bca53ba0be61b0c1d5c64
377,5f2bca54ba0be61b0c1d5d48
378,5f2bca54ba0be61b0c1d5f7a
379,5f2bca54ba0be61b0c1d5fb5
380,5f2bca57ba0be61b0c1d61eb
381,5f2bca57ba0be61b0c1d63d2
382,5f2bca57ba0be61b0c1d640a
383,5f2bca5aba0be61b0c1d6a31
384,5f2bca5aba0be61b0c1d6ae6
385,5f2bca5aba0be61b0c1d6b59
386,5f2bca5bba0be61b0c1d6b8e
387,5f2bca5bba0be61b0c1d6c92
388,5f2bca5bba0be61b0c1d6e15
389,5f2bca5cba0be61b0c1d7078
390,5f2bca5cba0be61b0c1d7116
391,5f2bca5cba0be61b0c1d71ed
392,5f2bca5cba0be61b0c1d725c
393,5f2bca5cba0be61b0c1d727e
394,5f2bca5cba0be61b0c1d73ca
395,5f2bca5cba0be61b0c1d7403
396,5f2bca5dba0be61b0c1d7491
397,5f2bca5dba0be61b0c1d7524
398,5f2bca5dba0be61b0c1d7533
399,5f2bca5dba0be61b0c1d7583
400,5f2bca5dba0be61b0c1d7689
401,5f2bca5dba0be61b0c1d76c3
402,5f2bca5dba0be61b0c1d76e2
403,5f2bca5dba0be61b0c1d76f5
404,5f2bca5dba0be61b0c1d7709
405,5f2bca5dba0be61b0c1d784b
406,5f2bca5eba0be61b0c1d7ab6
407,5f2bca61ba0be61b0c1d7ed1
408,5f2bca61ba0be61b0c1d7fa1
409,5f2bca61ba0be61b0c1d7fe8
410,5f2bca62ba0be61b0c1d8047
411,5f2bca62ba0be61b0c1d816c
412,5f2bca62ba0be61b0c1d8204
413,5f2bca62ba0be61b0c1d83bf
414,5f2bca63ba0be61b0c1d84f1
415,5f2bca63ba0be61b0c1d84fa
416,5f2bca63ba0be61b0c1d860a
417,5f2bca63ba0be61b0c1d8691
418,5f2bca63ba0be61b0c1d86e7
419,5f2bca63ba0be61b0c1d87c5
420,5f2bca65ba0be61b0c1d883d
421,5f2bca65ba0be61b0c1d8970
422,5f2bca65ba0be61b0c1d8a6b
423,5f2bca65ba0be61b0c1d8aab
424,5f2bca68ba0be61b0c1d900a
425,5f2bca68ba0be61b0c1d9045
426,5f2bca68ba0be61b0c1d910c
427,5f2bca68ba0be61b0c1d917e
428,5f2bca68ba0be61b0c1d918b
429,5f2bca68ba0be61b0c1d9239
430,5f2bca69ba0be61b0c1d94bb
431,5f2bca69ba0be61b0c1d94cc
432,5f2bca69ba0be61b0c1d96f0
433,5f2bca6aba0be61b0c1d97db
434,5f2bca6aba0be61b0c1d988a
435,5f2bca6aba0be61b0c1d98c3
436,5f2bca6aba0be61b0c1d9944
437,5f2bca6aba0be61b0c1d99fa
438,5f2bca6aba0be61b0c1d9a0d
439,5f2bca6aba0be61b0c1d9a48
440,5f2bca6aba0be61b0c1d9a53
441,5f2bca6aba0be61b0c1d9ab9
442,5f2bca6aba0be61b0c1d9ae2
443,5f2bca6aba0be61b0c1d9af8
444,5f2bca6bba0be61b0c1d9caf
445,5f2bca6bba0be61b0c1d9cb4
446,5f2bca6bba0be61b0c1d9d2c
447,5f2bca6bba0be61b0c1d9d34
448,5f2bca6bba0be61b0c1d9dc5
449,5f2bca6bba0be61b0c1d9e73
450,5f2bca6bba0be61b0c1d9f31
451,5f2bca6bba0be61b0c1d9f45
452,5f2bca6cba0be61b0c1da24b
453,5f2bca6cba0be61b0c1da259
454,5f2bca6cba0be61b0c1da314
455,5f2bca6cba0be61b0c1da31b
456,5f2bca71ba0be61b0c1da40a
457,5f2bca71ba0be61b0c1da411
458,5f2bca71ba0be61b0c1da426
459,5f2bca71ba0be61b0c1da459
460,5f2bca71ba0be61b0c1da583
461,5f2bca71ba0be61b0c1da5f0
462,5f2bca72ba0be61b0c1da826
463,5f2bca72ba0be61b0c1da8c3
464,5f2bca72ba0be61b0c1da8ec
465,5f2bca72ba0be61b0c1da975
466,5f2bca72ba0be61b0c1da9c8
467,5f2bca72ba0be61b0c1daa2f
468,5f2bca72ba0be61b0c1daad2
469,5f2bca72ba0be61b0c1daad8
470,5f2bca73ba0be61b0c1dacb1
471,5f2bca73ba0be61b0c1dae5d
472,5f2bca73ba0be61b0c1db1a6
473,5f2bca74ba0be61b0c1db4b2
474,5f2bca74ba0be61b0c1db695
475,5f2bca75ba0be61b0c1db9a6
476,5f2bca75ba0be61b0c1db9e7
477,5f2bca77ba0be61b0c1dbbad
478,5f2bca77ba0be61b0c1dbe98
479,5f2bca77ba0be61b0c1dbed3
480,5f2bca77ba0be61b0c1dbee2
481,5f2bca77ba0be61b0c1dbf37
482,5f2bca77ba0be61b0c1dbfa9
483,5f2bca77ba0be61b0c1dbff3
484,5f2bca77ba0be61b0c1dbffa
485,5f2bca77ba0be61b0c1dc00d
486,5f2bca77ba0be61b0c1dc03a
487,5f2bca77ba0be61b0c1dc04a
488,5f2bca78ba0be61b0c1dc09e
489,5f2bca78ba0be61b0c1dc10d
490,5f2bca78ba0be61b0c1dc118
491,5f2bca78ba0be61b0c1dc236
492,5f2bca79ba0be61b0c1dc2bc
493,5f2bca79ba0be61b0c1dc32a
494,5f2bca79ba0be61b0c1dc450
495,5f2bca79ba0be61b0c1dc5d9
496,5f2bca79ba0be61b0c1dc60e
497,5f2bca79ba0be61b0c1dc61f
498,5f2bca7aba0be61b0c1dc6b1
499,5f2bca7aba0be61b0c1dc6d5
500,5f2bca7aba0be61b0c1dc73f
501,5f2bca7aba0be61b0c1dc791
502,5f2bca7aba0be61b0c1dc87d
503,5f2bca7aba0be61b0c1dc89c
504,5f2bca83ba0be61b0c1dca82
505,5f2bca84ba0be61b0c1dcdfb
506,5f2bca85ba0be61b0c1dd181
507,5f2bca85ba0be61b0c1dd199
508,5f2bca85ba0be61b0c1dd1a9
509,5f2bca86ba0be61b0c1dd264
510,5f2bca86ba0be61b0c1dd357
511,5f2bca87ba0be61b0c1dd808
512,5f2bca87ba0be61b0c1dd864
513,5f2bca87ba0be61b0c1dd8cc
514,5f2bca87ba0be61b0c1dd98b
515,5f2bca87ba0be61b0c1dd9e6
516,5f2bca8aba0be61b0c1ddecc
517,5f2bca8aba0be61b0c1ddf91
518,5f2bca8aba0be61b0c1de102
519,5f2bca8cba0be61b0c1de2fe
520,5f2bca8cba0be61b0c1de31a
521,5f2bca8cba0be61b0c1de3db
522,5f2bca8cba0be61b0c1de41a
523,5f2bca8cba0be61b0c1de567
524,5f2bca8cba0be61b0c1de568
525,5f2bca8dba0be61b0c1de8d8
526,5f2bca8dba0be61b0c1de8df
527,5f2bca8dba0be61b0c1de8f5
528,5f2bca8fba0be61b0c1dea0d
529,5f2bca8fba0be61b0c1deac7
530,5f2bca8fba0be61b0c1debe6
531,5f2bca8fba0be61b0c1dec5f
532,5f2bca90ba0be61b0c1dee54
533,5f2bca90ba0be61b0c1dee6d
534,5f2bca90ba0be61b0c1dee91
535,5f2bca90ba0be61b0c1defc7
536,5f2bca90ba0be61b0c1defe7
537,5f2bca90ba0be61b0c1defef
538,5f2bcaa2ba0be61b0c1df227
539,5f2bcaa2ba0be61b0c1df2ce
540,5f2bcaa2ba0be61b0c1df2da
541,5f2bcaa2ba0be61b0c1df3a1
542,5f2bcaa4ba0be61b0c1dfbb6
543,5f2bcaa6ba0be61b0c1e0101
544,5f2bcaa7ba0be61b0c1e01af
545,5f2bcaa7ba0be61b0c1e0269
546,5f2bcaa7ba0be61b0c1e03e1
547,5f2bcaa7ba0be61b0c1e03e8
548,5f2bcaa7ba0be61b0c1e041f
549,5f2bcaa7ba0be61b0c1e0470
550,5f2bcaa7ba0be61b0c1e0475
551,5f2bcaa7ba0be61b0c1e04a2
552,5f2bcaa7ba0be61b0c1e056a
553,5f2bcaa7ba0be61b0c1e0575
554,5f2bcaa7ba0be61b0c1e05b4
555,5f2bcaa8ba0be61b0c1e05cc
556,5f2bcaa8ba0be61b0c1e0654
557,5f2bcaa8ba0be61b0c1e0697
558,5f2bcaa8ba0be61b0c1e0758
559,5f2bcaa8ba0be61b0c1e0767
560,5f2bcaa8ba0be61b0c1e077a
561,5f2bcaa8ba0be61b0c1e0787
562,5f2bcaa8ba0be61b0c1e0796
563,5f2bcaa8ba0be61b0c1e07af
564,5f2bcaa8ba0be61b0c1e0883
565,5f2bcaa9ba0be61b0c1e08e9
566,5f2bcaa9ba0be61b0c1e093c
567,5f2bcaa9ba0be61b0c1e09fb
568,5f2bcaa9ba0be61b0c1e0bc2
569,5f2bcaa9ba0be61b0c1e0c18
570,5f2bcaaaba0be61b0c1e0d19
571,5f2bcaaaba0be61b0c1e0d83
572,5f2bcaabba0be61b0c1e0ed3
573,5f2bcaabba0be61b0c1e1024
574,5f2bcaabba0be61b0c1e10c9
575,5f2bcaabba0be61b0c1e1131
576,5f2bcaabba0be61b0c1e115c
577,5f2bcaabba0be61b0c1e11dc
578,5f2bcaabba0be61b0c1e122a
579,5f2bcaabba0be61b0c1e13cd
580,5f2bcaacba0be61b0c1e155e
581,5f2bcaacba0be61b0c1e1568
582,5f2bcaacba0be61b0c1e15ef
583,5f2bcaacba0be61b0c1e1662
584,5f2bcaacba0be61b0c1e1671
585,5f2bcaacba0be61b0c1e16c5
586,5f2bcaadba0be61b0c1e186e
587,5f2bcaaeba0be61b0c1e1b5a
588,5f2bcaaeba0be61b0c1e1b97
589,5f2bcaaeba0be61b0c1e1bfa
590,5f2bcaafba0be61b0c1e1ce1
591,5f2bcaafba0be61b0c1e1ce9
592,5f2bcaafba0be61b0c1e1d62
593,5f2bcaafba0be61b0c1e1d98
594,5f2bcaafba0be61b0c1e1e69
595,5f2bcaafba0be61b0c1e1e95
596,5f2bcaafba0be61b0c1e1ed7
597,5f2bcab0ba0be61b0c1e1f54
598,5f2bcab0ba0be61b0c1e1f57
599,5f2bcab0ba0be61b0c1e1f5d
600,5f2bcab0ba0be61b0c1e1f73
601,5f2bcab0ba0be61b0c1e203f
602,5f2bcab1ba0be61b0c1e2056
603,5f2bcab1ba0be61b0c1e20c7
604,5f2bcab1ba0be61b0c1e2250
605,5f2bcab1ba0be61b0c1e227d
606,5f2bcab2ba0be61b0c1e2557
607,5f2bcab2ba0be61b0c1e258c
608,5f2bcab2ba0be61b0c1e258e
609,5f2bcab3ba0be61b0c1e28bd
610,5f2bcab4ba0be61b0c1e2c96
611,5f2bcab4ba0be61b0c1e2d36
612,5f2bcab4ba0be61b0c1e2df0
613,5f2bcab7ba0be61b0c1e375b
614,5f2bcab7ba0be61b0c1e3788
615,5f2bcab9ba0be61b0c1e3df7
616,5f2bcababa0be61b0c1e4061
617,5f2bcababa0be61b0c1e408a
618,5f2bcababa0be61b0c1e40ac
619,5f2bcababa0be61b0c1e4174
620,5f2bcababa0be61b0c1e42ed
621,5f2bcabcba0be61b0c1e4373
622,5f2bcabcba0be61b0c1e43c8
623,5f2bcabdba0be61b0c1e4889
624,5f2bcabeba0be61b0c1e4c1c
625,5f2bcabeba0be61b0c1e4e60
626,5f2bcac1ba0be61b0c1e5644
627,5f2bcac1ba0be61b0c1e56c9
628,5f2bcac2ba0be61b0c1e5ac7
629,5f2bcac4ba0be61b0c1e5b2e
630,5f2bcac4ba0be61b0c1e5ec2
631,5f2bcac5ba0be61b0c1e6193
632,5f2bcac6ba0be61b0c1e6526
633,5f2bcac6ba0be61b0c1e6557
634,5f2bcac6ba0be61b0c1e65bc
635,5f2bcac6ba0be61b0c1e6668
636,5f2bcac6ba0be61b0c1e667a
637,5f2bcac7ba0be61b0c1e66c0
638,5f2bcac7ba0be61b0c1e6832
639,5f2bcac7ba0be61b0c1e68b0
640,5f2bcac8ba0be61b0c1e6c68
641,5f2bcac9ba0be61b0c1e6d86
642,5f2bcac9ba0be61b0c1e6eba
643,5f2bcacaba0be61b0c1e70b9
644,5f2bcacaba0be61b0c1e716c
645,5f2bcacaba0be61b0c1e7246
646,5f2bcacaba0be61b0c1e73e3
647,5f2bcaccba0be61b0c1e774a
648,5f2bcaccba0be61b0c1e7788
649,5f2bcaccba0be61b0c1e79cd
650,5f2bcaceba0be61b0c1e7abb
651,5f2bcaceba0be61b0c1e7d44
652,5f2bcaceba0be61b0c1e7d80
653,5f2bcacfba0be61b0c1e7e5b
654,5f2bcacfba0be61b0c1e7e9b
655,5f2bcacfba0be61b0c1e80e0
656,5f2bcacfba0be61b0c1e81a1
657,5f2bcad1ba0be61b0c1e8458
658,5f2bcad1ba0be61b0c1e876c
659,5f2bcad1ba0be61b0c1e87f5
660,5f2bcad6ba0be61b0c1e968f
661,5f2bcad6ba0be61b0c1e98bb
662,5f2bcad6ba0be61b0c1e98e3
663,5f2bcad6ba0be61b0c1e990f
664,5f2bcad7ba0be61b0c1e9a3d
665,5f2bcad7ba0be61b0c1e9c7d
666,5f2bcad8ba0be61b0c1e9dfc
667,5f2bcad8ba0be61b0c1e9ede
668,5f2bcad8ba0be61b0c1e9f2a
669,5f2bcad8ba0be61b0c1e9f2f
670,5f2bcad8ba0be61b0c1e9f39
671,5f2bcad8ba0be61b0c1e9f4d
672,5f2bcad8ba0be61b0c1e9f60
673,5f2bcad8ba0be61b0c1ea03f
674,5f2bcad8ba0be61b0c1ea07d
675,5f2bcadaba0be61b0c1ea1b1
676,5f2bcadaba0be61b0c1ea1ba
677,5f2bcadaba0be61b0c1ea1fc
678,5f2bcadaba0be61b0c1ea249
679,5f2bcadaba0be61b0c1ea279
680,5f2bcadaba0be61b0c1ea27c
681,5f2bcadaba0be61b0c1ea27d
682,5f2bcadaba0be61b0c1ea284
683,5f2bcadaba0be61b0c1ea28f
684,5f2bcadaba0be61b0c1ea295
685,5f2bcadaba0be61b0c1ea29d
686,5f2bcadaba0be61b0c1ea29f
687,5f2bcadaba0be61b0c1ea2a0
688,5f2bcadaba0be61b0c1ea2a1
689,5f2bcadaba0be61b0c1ea2a4
690,5f2bcadaba0be61b0c1ea2a7
691,5f2bcadaba0be61b0c1ea2a8
692,5f2bcadaba0be61b0c1ea2ae
693,5f2bcadaba0be61b0c1ea2af
694,5f2bcadaba0be61b0c1ea2b1
695,5f2bcadaba0be61b0c1ea2b3
696,5f2bcadaba0be61b0c1ea2b6
697,5f2bcadaba0be61b0c1ea2bc
698,5f2bcadaba0be61b0c1ea2bd
699,5f2bcadaba0be61b0c1ea2c6
700,5f2bcadaba0be61b0c1ea2ca
701,5f2bcadaba0be61b0c1ea2cd
702,5f2bcadaba0be61b0c1ea2cf
703,5f2bcadaba0be61b0c1ea2d2
704,5f2bcadaba0be61b0c1ea2d6
705,5f2bcadaba0be61b0c1ea2e2
706,5f2bcadaba0be61b0c1ea2e6
707,5f2bcadaba0be61b0c1ea2e7
708,5f2bcadaba0be61b0c1ea2eb
709,5f2bcadaba0be61b0c1ea2f0
710,5f2bcadaba0be61b0c1ea2f3
711,5f2bcadaba0be61b0c1ea2f5
712,5f2bcadaba0be61b0c1ea300
713,5f2bcadaba0be61b0c1ea306
714,5f2bcadaba0be61b0c1ea307
715,5f2bcadaba0be61b0c1ea30c
716,5f2bcadaba0be61b0c1ea311
717,5f2bcadaba0be61b0c1ea31b
718,5f2bcadaba0be61b0c1ea323
719,5f2bcadaba0be61b0c1ea325
720,5f2bcadaba0be61b0c1ea327
721,5f2bcadaba0be61b0c1ea32f
722,5f2bcadaba0be61b0c1ea334
723,5f2bcadaba0be61b0c1ea344
724,5f2bcadaba0be61b0c1ea348
725,5f2bcadaba0be61b0c1ea34b
726,5f2bcadaba0be61b0c1ea34c
727,5f2bcadaba0be61b0c1ea370
728,5f2bcadaba0be61b0c1ea381
729,5f2bcadaba0be61b0c1ea383
730,5f2bcadaba0be61b0c1ea389
731,5f2bcadaba0be61b0c1ea39f
732,5f2bcadaba0be61b0c1ea3a4
733,5f2bcadaba0be61b0c1ea3ad
734,5f2bcadaba0be61b0c1ea3c5
735,5f2bcadaba0be61b0c1ea3d3
736,5f2bcadaba0be61b0c1ea3f1
737,5f2bcadaba0be61b0c1ea3f5
738,5f2bcadaba0be61b0c1ea421
739,5f2bcadaba0be61b0c1ea423
740,5f2bcadaba0be61b0c1ea42c
741,5f2bcadaba0be61b0c1ea483
742,5f2bcadaba0be61b0c1ea487
743,5f2bcadaba0be61b0c1ea4ee
744,5f2bcadaba0be61b0c1ea4f6
745,5f2bcadaba0be61b0c1ea501
746,5f2bcadaba0be61b0c1ea504
747,5f2bcadbba0be61b0c1ea518
748,5f2bcadbba0be61b0c1ea55b
749,5f2bcadbba0be61b0c1ea569
750,5f2bcadbba0be61b0c1ea570
751,5f2bcadbba0be61b0c1ea594
752,5f2bcadbba0be61b0c1ea59e
753,5f2bcadbba0be61b0c1ea5c0
754,5f2bcadbba0be61b0c1ea5c5
755,5f2bcadbba0be61b0c1ea5e3
756,5f2bcadbba0be61b0c1ea5e6
757,5f4bc1ada8202933374f2bef
758,5f4ca257e893e805f460bac2
759,5f56ea631b1d8b39055eaf08
760,5fd3a4c0252be0f7b04fef9c
761,600e4f21b2a4b90fa1f29d4b
762,6014998f6d33395959cb4e74
763,601910f59b58e1072f40cd58
764,6022aac7cc02b056acef0907
765,604a38a9d26fbcb710e91901
766,604a38a9d26fbcb710e919d1
