,0
0,5f2bca79ba0be61b0c1dc38b
1,5f2bca79ba0be61b0c1dc5ae
2,5f2bca46ba0be61b0c1d3676
3,5f2bca79ba0be61b0c1dc4d3
4,600ef7de6397ad0d0cd6b75e
5,5f2bca73ba0be61b0c1daba9
6,5f2bcad7ba0be61b0c1e997d
7,5f2bca4bba0be61b0c1d4515
8,5f2bcad6ba0be61b0c1e98da
9,5f2bca46ba0be61b0c1d3847
10,5f2bca23ba0be61b0c1cc6a1
11,5f2bcad7ba0be61b0c1e9a94
12,5f2bca26ba0be61b0c1ccd53
13,5f2bca39ba0be61b0c1d0e99
14,5f2bca32ba0be61b0c1cf592
15,5f2bca33ba0be61b0c1cf93e
16,5f2bca6bba0be61b0c1d9bc6
17,5f2bcad7ba0be61b0c1e9a70
18,5f2bca33ba0be61b0c1cf91e
19,5f2bca22ba0be61b0c1cc1f0
20,5f2bca90ba0be61b0c1dee74
21,5f2bca25ba0be61b0c1cc968
22,5f2bca79ba0be61b0c1dc52d
23,5f2bca30ba0be61b0c1cece9
24,5f2bca37ba0be61b0c1d06ea
25,5f2bcad7ba0be61b0c1e9a3b
26,5f2bcad6ba0be61b0c1e9949
27,5f2bca79ba0be61b0c1dc33a
28,5f2bcad7ba0be61b0c1e9a63
29,5f2bca20ba0be61b0c1cb927
30,5f2bcad7ba0be61b0c1e9a6f
31,5f2bca29ba0be61b0c1cd65b
32,5f2bcad7ba0be61b0c1e9a4c
33,5f2bcad7ba0be61b0c1e9978
34,5f2bca7aba0be61b0c1dca0d
