,_id,CATEGORY,DASH_CATEGORY
2,5f2bca13ba0be61b0c1ca1b5,NULL,M1
3,5f2bca13ba0be61b0c1ca1d0,NULL,M1
5,5f2bca14ba0be61b0c1ca26d,NULL,M1
8,5f2bca14ba0be61b0c1ca29d,NULL,M1
15,5f2bca14ba0be61b0c1ca351,NULL,M1
22,5f2bca14ba0be61b0c1ca46b,NULL,M1
28,5f2bca14ba0be61b0c1ca4d0,NULL,M1
39,5f2bca16ba0be61b0c1ca58d,NULL,M1
47,5f2bca16ba0be61b0c1ca652,NULL,M1
50,5f2bca16ba0be61b0c1ca6cb,NULL,M1
63,5f2bca16ba0be61b0c1ca891,NULL,M1
68,5f2bca18ba0be61b0c1caa61,NULL,M1
76,5f2bca18ba0be61b0c1cab41,NULL,M1
83,5f2bca18ba0be61b0c1cace1,NULL,M1
84,5f2bca1aba0be61b0c1cad3e,NULL,M1
85,5f2bca1aba0be61b0c1cad59,NULL,M1
86,5f2bca1aba0be61b0c1cad64,NULL,M1
87,5f2bca1aba0be61b0c1cad90,NULL,M1
96,5f2bca1aba0be61b0c1caefa,NULL,M1
98,5f2bca1aba0be61b0c1caf19,NULL,M1
102,5f2bca1aba0be61b0c1cafbe,NULL,M1
105,5f2bca1aba0be61b0c1cb0a7,NULL,M1
108,5f2bca1cba0be61b0c1cb168,NULL,M1
109,5f2bca1cba0be61b0c1cb19d,NULL,M1
114,5f2bca1cba0be61b0c1cb224,NULL,M1
120,5f2bca1dba0be61b0c1cb2e6,NULL,M1
126,5f2bca1dba0be61b0c1cb4fc,NULL,M1
131,5f2bca1fba0be61b0c1cb65a,NULL,M1
132,5f2bca1fba0be61b0c1cb662,NULL,M1
136,5f2bca1fba0be61b0c1cb752,NULL,M1
137,5f2bca1fba0be61b0c1cb75a,NULL,M1
148,5f2bca1fba0be61b0c1cb7d6,NULL,M1
149,5f2bca1fba0be61b0c1cb7d9,NULL,M1
156,5f2bca1fba0be61b0c1cb80e,NULL,M1
159,5f2bca1fba0be61b0c1cb844,NULL,M1
162,5f2bca1fba0be61b0c1cb87d,NULL,M1
165,5f2bca1fba0be61b0c1cb8a0,NULL,M1
171,5f2bca20ba0be61b0c1cb8f2,NULL,M1
183,5f2bca20ba0be61b0c1cb95e,NULL,M1
187,5f2bca20ba0be61b0c1cb981,NULL,M1
188,5f2bca20ba0be61b0c1cb98b,NULL,M1
193,5f2bca20ba0be61b0c1cb9bc,NULL,M1
194,5f2bca20ba0be61b0c1cb9d6,NULL,M1
199,5f2bca20ba0be61b0c1cb9f9,NULL,M1
200,5f2bca20ba0be61b0c1cba06,NULL,M1
202,5f2bca20ba0be61b0c1cba12,NULL,M1
208,5f2bca20ba0be61b0c1cba42,NULL,M1
209,5f2bca20ba0be61b0c1cba44,NULL,M1
210,5f2bca20ba0be61b0c1cba45,NULL,M1
211,5f2bca20ba0be61b0c1cba47,NULL,M1
216,5f2bca20ba0be61b0c1cba99,NULL,M1
219,5f2bca20ba0be61b0c1cbab3,NULL,M1
226,5f2bca20ba0be61b0c1cbad8,NULL,M1
228,5f2bca20ba0be61b0c1cbae4,NULL,M1
237,5f2bca20ba0be61b0c1cbb47,NULL,M1
241,5f2bca20ba0be61b0c1cbb78,NULL,M1
243,5f2bca20ba0be61b0c1cbb8e,NULL,M1
246,5f2bca20ba0be61b0c1cbbda,NULL,M1
247,5f2bca20ba0be61b0c1cbbdc,NULL,M1
250,5f2bca20ba0be61b0c1cbbdf,NULL,M1
252,5f2bca20ba0be61b0c1cbbfb,NULL,M1
256,5f2bca20ba0be61b0c1cbc36,NULL,M1
265,5f2bca20ba0be61b0c1cbc6a,NULL,M1
266,5f2bca20ba0be61b0c1cbc77,NULL,M1
270,5f2bca20ba0be61b0c1cbc87,NULL,M1
279,5f2bca21ba0be61b0c1cbd30,NULL,M1
282,5f2bca21ba0be61b0c1cbd56,NULL,M1
296,5f2bca21ba0be61b0c1cbde0,NULL,M1
297,5f2bca21ba0be61b0c1cbde9,NULL,M1
300,5f2bca21ba0be61b0c1cbe0e,NULL,M1
307,5f2bca21ba0be61b0c1cbe69,NULL,M1
309,5f2bca21ba0be61b0c1cbe77,NULL,M1
310,5f2bca21ba0be61b0c1cbe81,NULL,M1
312,5f2bca21ba0be61b0c1cbec6,NULL,M1
318,5f2bca21ba0be61b0c1cbef4,NULL,M1
322,5f2bca21ba0be61b0c1cbf2a,NULL,M1
323,5f2bca21ba0be61b0c1cbf30,NULL,M1
325,5f2bca21ba0be61b0c1cbf39,NULL,M1
327,5f2bca21ba0be61b0c1cbf44,NULL,M1
328,5f2bca21ba0be61b0c1cbf48,NULL,M1
330,5f2bca21ba0be61b0c1cbf6d,NULL,M1
333,5f2bca21ba0be61b0c1cbfa0,NULL,M1
338,5f2bca21ba0be61b0c1cbfc8,NULL,M1
341,5f2bca21ba0be61b0c1cbfee,NULL,M1
344,5f2bca21ba0be61b0c1cc041,NULL,M1
346,5f2bca21ba0be61b0c1cc079,NULL,M1
347,5f2bca21ba0be61b0c1cc097,NULL,M1
352,5f2bca22ba0be61b0c1cc0d1,NULL,M1
354,5f2bca22ba0be61b0c1cc0ea,NULL,M1
361,5f2bca22ba0be61b0c1cc16e,NULL,M1
363,5f2bca22ba0be61b0c1cc183,NULL,M1
370,5f2bca22ba0be61b0c1cc1d6,NULL,M1
382,5f2bca22ba0be61b0c1cc247,NULL,M1
385,5f2bca22ba0be61b0c1cc276,NULL,M1
386,5f2bca22ba0be61b0c1cc27b,NULL,M1
389,5f2bca22ba0be61b0c1cc28a,NULL,M1
398,5f2bca22ba0be61b0c1cc2f1,NULL,M1
400,5f2bca22ba0be61b0c1cc31e,NULL,M1
405,5f2bca22ba0be61b0c1cc343,NULL,M1
412,5f2bca22ba0be61b0c1cc3c8,NULL,M1
415,5f2bca22ba0be61b0c1cc3e4,NULL,M1
418,5f2bca22ba0be61b0c1cc401,NULL,M1
420,5f2bca22ba0be61b0c1cc43f,NULL,M1
425,5f2bca22ba0be61b0c1cc468,NULL,M1
426,5f2bca22ba0be61b0c1cc47c,NULL,M1
433,5f2bca23ba0be61b0c1cc4cc,NULL,M1
447,5f2bca23ba0be61b0c1cc53b,NULL,M1
449,5f2bca23ba0be61b0c1cc541,NULL,M1
452,5f2bca23ba0be61b0c1cc59e,NULL,M1
453,5f2bca23ba0be61b0c1cc5a0,NULL,M1
456,5f2bca23ba0be61b0c1cc5af,NULL,M1
459,5f2bca23ba0be61b0c1cc5c5,NULL,M1
461,5f2bca23ba0be61b0c1cc5d7,NULL,M1
496,5f2bca23ba0be61b0c1cc6be,NULL,M1
504,5f2bca23ba0be61b0c1cc748,NULL,M1
508,5f2bca23ba0be61b0c1cc761,NULL,M1
509,5f2bca23ba0be61b0c1cc763,NULL,M1
512,5f2bca23ba0be61b0c1cc79f,NULL,M1
514,5f2bca23ba0be61b0c1cc7ad,NULL,M1
517,5f2bca24ba0be61b0c1cc7d7,NULL,M1
520,5f2bca24ba0be61b0c1cc81b,NULL,M1
525,5f2bca24ba0be61b0c1cc836,NULL,M1
531,5f2bca25ba0be61b0c1cc8a9,NULL,M1
535,5f2bca25ba0be61b0c1cc8f3,NULL,M1
552,5f2bca25ba0be61b0c1cc9a2,NULL,M1
553,5f2bca25ba0be61b0c1cc9a7,NULL,M1
560,5f2bca25ba0be61b0c1cca2e,NULL,M1
564,5f2bca25ba0be61b0c1cca62,NULL,M1
567,5f2bca25ba0be61b0c1cca8d,NULL,M1
570,5f2bca25ba0be61b0c1ccacf,NULL,M1
580,5f2bca25ba0be61b0c1ccb62,NULL,M1
581,5f2bca25ba0be61b0c1ccb6c,NULL,M1
584,5f2bca25ba0be61b0c1ccb75,NULL,M1
585,5f2bca25ba0be61b0c1ccb78,NULL,M1
586,5f2bca25ba0be61b0c1ccb7c,NULL,M1
588,5f2bca25ba0be61b0c1ccb8d,NULL,M1
589,5f2bca25ba0be61b0c1ccb99,NULL,M1
591,5f2bca25ba0be61b0c1ccba4,NULL,M1
594,5f2bca25ba0be61b0c1ccbb1,NULL,M1
596,5f2bca25ba0be61b0c1ccbcb,NULL,M1
597,5f2bca25ba0be61b0c1ccbd5,NULL,M1
608,5f2bca25ba0be61b0c1ccc61,NULL,M1
609,5f2bca25ba0be61b0c1ccc63,NULL,M1
610,5f2bca26ba0be61b0c1ccc7a,NULL,M1
614,5f2bca26ba0be61b0c1ccc8b,NULL,M1
619,5f2bca26ba0be61b0c1cccbd,NULL,M1
620,5f2bca26ba0be61b0c1cccc6,NULL,M1
621,5f2bca26ba0be61b0c1cccc7,NULL,M1
623,5f2bca26ba0be61b0c1ccce3,NULL,M1
628,5f2bca26ba0be61b0c1ccd13,NULL,M1
630,5f2bca26ba0be61b0c1ccd1a,NULL,M1
632,5f2bca26ba0be61b0c1ccd3d,NULL,M1
637,5f2bca26ba0be61b0c1ccd60,NULL,M1
659,5f2bca26ba0be61b0c1cceae,NULL,M1
663,5f2bca26ba0be61b0c1cced1,NULL,M1
668,5f2bca26ba0be61b0c1ccf46,NULL,M1
673,5f2bca26ba0be61b0c1ccf82,NULL,M1
674,5f2bca26ba0be61b0c1ccf99,NULL,M1
676,5f2bca26ba0be61b0c1ccfb0,NULL,M1
679,5f2bca26ba0be61b0c1ccfc8,NULL,M1
680,5f2bca26ba0be61b0c1ccfd5,NULL,M1
683,5f2bca26ba0be61b0c1ccffc,NULL,M1
690,5f2bca27ba0be61b0c1cd069,NULL,M1
692,5f2bca27ba0be61b0c1cd0b1,NULL,M1
693,5f2bca27ba0be61b0c1cd0cb,NULL,M1
697,5f2bca27ba0be61b0c1cd0d9,NULL,M1
710,5f2bca27ba0be61b0c1cd18b,NULL,M1
713,5f2bca27ba0be61b0c1cd1be,NULL,M1
714,5f2bca27ba0be61b0c1cd1c0,NULL,M1
716,5f2bca27ba0be61b0c1cd1de,NULL,M1
720,5f2bca27ba0be61b0c1cd20e,NULL,M1
721,5f2bca27ba0be61b0c1cd215,NULL,M1
725,5f2bca27ba0be61b0c1cd224,NULL,M1
730,5f2bca27ba0be61b0c1cd256,NULL,M1
738,5f2bca27ba0be61b0c1cd2c3,NULL,M1
739,5f2bca27ba0be61b0c1cd2d7,NULL,M1
740,5f2bca27ba0be61b0c1cd2e9,NULL,M1
748,5f2bca27ba0be61b0c1cd393,NULL,M1
758,5f2bca28ba0be61b0c1cd44d,NULL,M1
772,5f2bca28ba0be61b0c1cd4d0,NULL,M1
783,5f2bca28ba0be61b0c1cd551,NULL,M1
785,5f2bca28ba0be61b0c1cd553,NULL,M1
786,5f2bca29ba0be61b0c1cd567,NULL,M1
787,5f2bca29ba0be61b0c1cd57d,NULL,M1
789,5f2bca29ba0be61b0c1cd592,NULL,M1
801,5f2bca29ba0be61b0c1cd607,NULL,M1
802,5f2bca29ba0be61b0c1cd619,NULL,M1
803,5f2bca29ba0be61b0c1cd61b,NULL,M1
806,5f2bca29ba0be61b0c1cd631,NULL,M1
813,5f2bca29ba0be61b0c1cd69a,NULL,M1
814,5f2bca29ba0be61b0c1cd6b3,NULL,M1
815,5f2bca29ba0be61b0c1cd6cf,NULL,M1
817,5f2bca29ba0be61b0c1cd6de,NULL,M1
818,5f2bca29ba0be61b0c1cd6e5,NULL,M1
820,5f2bca29ba0be61b0c1cd6f0,NULL,M1
822,5f2bca29ba0be61b0c1cd70b,NULL,M1
828,5f2bca29ba0be61b0c1cd75b,NULL,M1
834,5f2bca29ba0be61b0c1cd78d,NULL,M1
839,5f2bca29ba0be61b0c1cd7c2,NULL,M1
842,5f2bca2aba0be61b0c1cd82e,NULL,M1
846,5f2bca2aba0be61b0c1cd84e,NULL,M1
848,5f2bca2aba0be61b0c1cd857,NULL,M1
851,5f2bca2aba0be61b0c1cd8ac,NULL,M1
857,5f2bca2aba0be61b0c1cd91f,NULL,M1
861,5f2bca2aba0be61b0c1cd97c,NULL,M1
862,5f2bca2aba0be61b0c1cd97d,NULL,M1
865,5f2bca2aba0be61b0c1cd9e5,NULL,M1
877,5f2bca2aba0be61b0c1cda89,NULL,M1
878,5f2bca2aba0be61b0c1cdaca,NULL,M1
879,5f2bca2aba0be61b0c1cdae0,NULL,M1
881,5f2bca2aba0be61b0c1cdaf2,NULL,M1
882,5f2bca2aba0be61b0c1cdafd,NULL,M1
887,5f2bca2aba0be61b0c1cdb27,NULL,M1
889,5f2bca2aba0be61b0c1cdb3c,NULL,M1
893,5f2bca2aba0be61b0c1cdb53,NULL,M1
895,5f2bca2aba0be61b0c1cdb87,NULL,M1
898,5f2bca2aba0be61b0c1cdb9a,NULL,M1
901,5f2bca2aba0be61b0c1cdb9d,NULL,M1
906,5f2bca2aba0be61b0c1cdc04,NULL,M1
912,5f2bca2cba0be61b0c1cdc50,NULL,M1
914,5f2bca2cba0be61b0c1cdc62,NULL,M1
923,5f2bca2cba0be61b0c1cdceb,NULL,M1
926,5f2bca2cba0be61b0c1cdd1a,NULL,M1
928,5f2bca2cba0be61b0c1cdd41,NULL,M1
929,5f2bca2cba0be61b0c1cdd75,NULL,M1
931,5f2bca2cba0be61b0c1cdd8d,NULL,M1
936,5f2bca2cba0be61b0c1cddb9,NULL,M1
944,5f2bca2cba0be61b0c1cddef,NULL,M1
945,5f2bca2cba0be61b0c1cddf0,NULL,M1
946,5f2bca2cba0be61b0c1cddf9,NULL,M1
947,5f2bca2cba0be61b0c1cde00,NULL,M1
955,5f2bca2cba0be61b0c1cde9e,NULL,M1
956,5f2bca2cba0be61b0c1cded8,NULL,M1
958,5f2bca2cba0be61b0c1cdeeb,NULL,M1
959,5f2bca2cba0be61b0c1cdef8,NULL,M1
960,5f2bca2cba0be61b0c1cdf06,NULL,M1
961,5f2bca2cba0be61b0c1cdf13,NULL,M1
964,5f2bca2cba0be61b0c1cdf78,NULL,M1
966,5f2bca2cba0be61b0c1cdf90,NULL,M1
968,5f2bca2cba0be61b0c1cdfb4,NULL,M1
975,5f2bca2dba0be61b0c1ce050,NULL,M1
979,5f2bca2dba0be61b0c1ce0d4,NULL,M1
987,5f2bca2dba0be61b0c1ce1c2,NULL,M1
992,5f2bca2dba0be61b0c1ce266,NULL,M1
995,5f2bca2dba0be61b0c1ce288,NULL,M1
1000,5f2bca2dba0be61b0c1ce313,NULL,M1
1004,5f2bca2dba0be61b0c1ce352,NULL,M1
1009,5f2bca2eba0be61b0c1ce3fe,NULL,M1
1013,5f2bca2eba0be61b0c1ce4c4,NULL,M1
1020,5f2bca2eba0be61b0c1ce655,NULL,M1
1023,5f2bca2eba0be61b0c1ce701,NULL,M1
1026,5f2bca2fba0be61b0c1ce831,NULL,M1
1028,5f2bca2fba0be61b0c1ce840,NULL,M1
1031,5f2bca2fba0be61b0c1ce9a0,NULL,M1
1033,5f2bca2fba0be61b0c1ce9bc,NULL,M1
1034,5f2bca2fba0be61b0c1ce9d9,NULL,M1
1035,5f2bca2fba0be61b0c1cea03,NULL,M1
1039,5f2bca2fba0be61b0c1ceaf5,NULL,M1
1042,5f2bca2fba0be61b0c1ceb39,NULL,M1
1043,5f2bca2fba0be61b0c1cebad,NULL,M1
1065,5f2bca30ba0be61b0c1cecc1,NULL,M1
1066,5f2bca30ba0be61b0c1cecc6,NULL,M1
1073,5f2bca30ba0be61b0c1cece6,NULL,M1
1075,5f2bca30ba0be61b0c1cecf0,NULL,M1
1079,5f2bca30ba0be61b0c1ced00,NULL,M1
1080,5f2bca30ba0be61b0c1ced02,NULL,M1
1096,5f2bca30ba0be61b0c1ced57,NULL,M1
1097,5f2bca30ba0be61b0c1ced5d,NULL,M1
1100,5f2bca30ba0be61b0c1ced6f,NULL,M1
1105,5f2bca30ba0be61b0c1ced88,NULL,M1
1110,5f2bca30ba0be61b0c1ceda4,NULL,M1
1121,5f2bca30ba0be61b0c1cedd1,NULL,M1
1122,5f2bca30ba0be61b0c1cedd4,NULL,M1
1139,5f2bca30ba0be61b0c1cee70,NULL,M1
1141,5f2bca30ba0be61b0c1cee77,NULL,M1
1148,5f2bca30ba0be61b0c1cee98,NULL,M1
1163,5f2bca30ba0be61b0c1ceed1,NULL,M1
1175,5f2bca30ba0be61b0c1cef04,NULL,M1
1176,5f2bca30ba0be61b0c1cef0a,NULL,M1
1191,5f2bca30ba0be61b0c1cef4f,NULL,M1
1242,5f2bca31ba0be61b0c1cf12c,NULL,M1
1243,5f2bca31ba0be61b0c1cf135,NULL,M1
1269,5f2bca31ba0be61b0c1cf1f1,NULL,M1
1297,5f2bca31ba0be61b0c1cf331,NULL,M1
1300,5f2bca31ba0be61b0c1cf358,NULL,M1
1303,5f2bca31ba0be61b0c1cf361,NULL,M1
1377,5f2bca32ba0be61b0c1cf586,NULL,M1
1386,5f2bca32ba0be61b0c1cf5a4,NULL,M1
1392,5f2bca32ba0be61b0c1cf5ba,NULL,M1
1410,5f2bca32ba0be61b0c1cf63a,NULL,M1
1420,5f2bca32ba0be61b0c1cf652,NULL,M1
1436,5f2bca32ba0be61b0c1cf720,NULL,M1
1437,5f2bca32ba0be61b0c1cf721,NULL,M1
1442,5f2bca32ba0be61b0c1cf74a,NULL,M1
1445,5f2bca32ba0be61b0c1cf755,NULL,M1
1448,5f2bca33ba0be61b0c1cf76b,NULL,M1
1473,5f2bca33ba0be61b0c1cf7ee,NULL,M1
1482,5f2bca33ba0be61b0c1cf832,NULL,M1
1502,5f2bca33ba0be61b0c1cf8ac,NULL,M1
1504,5f2bca33ba0be61b0c1cf8c7,NULL,M1
1511,5f2bca33ba0be61b0c1cf8dc,NULL,M1
1514,5f2bca33ba0be61b0c1cf8e2,NULL,M1
1545,5f2bca33ba0be61b0c1cf974,NULL,M1
1549,5f2bca33ba0be61b0c1cf99e,NULL,M1
1550,5f2bca33ba0be61b0c1cf9a1,NULL,M1
1551,5f2bca33ba0be61b0c1cf9a7,NULL,M1
1553,5f2bca33ba0be61b0c1cf9b1,NULL,M1
1556,5f2bca33ba0be61b0c1cf9f7,NULL,M1
1581,5f2bca33ba0be61b0c1cfa99,NULL,M1
1591,5f2bca33ba0be61b0c1cfad3,NULL,M1
1603,5f2bca33ba0be61b0c1cfb0e,NULL,M1
1628,5f2bca34ba0be61b0c1cfbda,NULL,M1
1651,5f2bca34ba0be61b0c1cfce5,NULL,M1
1653,5f2bca35ba0be61b0c1cfdd0,NULL,M1
1658,5f2bca35ba0be61b0c1cfe68,NULL,M1
1660,5f2bca36ba0be61b0c1cff81,NULL,M1
1670,5f2bca36ba0be61b0c1d00ec,NULL,M1
1671,5f2bca36ba0be61b0c1d0141,NULL,M1
1673,5f2bca36ba0be61b0c1d01ae,NULL,M1
1677,5f2bca36ba0be61b0c1d029a,NULL,M1
1682,5f2bca37ba0be61b0c1d0323,NULL,M1
1685,5f2bca37ba0be61b0c1d03e5,NULL,M1
1688,5f2bca37ba0be61b0c1d0411,NULL,M1
1689,5f2bca37ba0be61b0c1d0436,NULL,M1
1690,5f2bca37ba0be61b0c1d0452,NULL,M1
1696,5f2bca37ba0be61b0c1d0543,NULL,M1
1698,5f2bca37ba0be61b0c1d05a5,NULL,M1
1699,5f2bca37ba0be61b0c1d05df,NULL,M1
1700,5f2bca37ba0be61b0c1d05e8,NULL,M1
1702,5f2bca37ba0be61b0c1d0622,NULL,M1
1704,5f2bca37ba0be61b0c1d0644,NULL,M1
1708,5f2bca37ba0be61b0c1d0687,NULL,M1
1716,5f2bca38ba0be61b0c1d083c,NULL,M1
1717,5f2bca38ba0be61b0c1d085d,NULL,M1
1718,5f2bca38ba0be61b0c1d0930,NULL,M1
1720,5f2bca38ba0be61b0c1d09f9,NULL,M1
1725,5f2bca38ba0be61b0c1d0a9f,NULL,M1
1727,5f2bca38ba0be61b0c1d0ac7,NULL,M1
1728,5f2bca38ba0be61b0c1d0ada,NULL,M1
1729,5f2bca38ba0be61b0c1d0ae5,NULL,M1
1732,5f2bca39ba0be61b0c1d0b02,NULL,M1
1734,5f2bca39ba0be61b0c1d0b34,NULL,M1
1735,5f2bca39ba0be61b0c1d0b55,NULL,M1
1737,5f2bca39ba0be61b0c1d0b6b,NULL,M1
1740,5f2bca39ba0be61b0c1d0bb6,NULL,M1
1741,5f2bca39ba0be61b0c1d0bb7,NULL,M1
1744,5f2bca39ba0be61b0c1d0c5d,NULL,M1
1745,5f2bca39ba0be61b0c1d0c68,NULL,M1
1746,5f2bca39ba0be61b0c1d0c71,NULL,M1
1747,5f2bca39ba0be61b0c1d0c8d,NULL,M1
1755,5f2bca39ba0be61b0c1d0d5e,NULL,M1
1756,5f2bca39ba0be61b0c1d0d7e,NULL,M1
1757,5f2bca39ba0be61b0c1d0e15,NULL,M1
1763,5f2bca3aba0be61b0c1d0f2e,NULL,M1
1765,5f2bca3aba0be61b0c1d0f78,NULL,M1
1767,5f2bca3aba0be61b0c1d0fa6,NULL,M1
1769,5f2bca3aba0be61b0c1d0fbf,NULL,M1
1773,5f2bca3aba0be61b0c1d110e,NULL,M1
1777,5f2bca3bba0be61b0c1d13af,NULL,M1
1778,5f2bca3bba0be61b0c1d13b6,NULL,M1
1779,5f2bca3bba0be61b0c1d1409,NULL,M1
1790,5f2bca3bba0be61b0c1d15e8,NULL,M1
1793,5f2bca3bba0be61b0c1d165e,NULL,M1
1798,5f2bca3cba0be61b0c1d16bb,NULL,M1
1800,5f2bca3cba0be61b0c1d17a1,NULL,M1
1802,5f2bca3dba0be61b0c1d1886,NULL,M1
1803,5f2bca3dba0be61b0c1d18de,NULL,M1
1804,5f2bca3dba0be61b0c1d18f0,NULL,M1
1809,5f2bca3dba0be61b0c1d1a6d,NULL,M1
1812,5f2bca3eba0be61b0c1d1ac4,NULL,M1
1814,5f2bca3eba0be61b0c1d1afd,NULL,M1
1821,5f2bca3eba0be61b0c1d1cd6,NULL,M1
1822,5f2bca3eba0be61b0c1d1d1e,NULL,M1
1823,5f2bca3eba0be61b0c1d1d92,NULL,M1
1824,5f2bca3eba0be61b0c1d1dca,NULL,M1
1825,5f2bca3eba0be61b0c1d1dfd,NULL,M1
1828,5f2bca3fba0be61b0c1d1eaf,NULL,M1
1829,5f2bca3fba0be61b0c1d1f73,NULL,M1
1831,5f2bca3fba0be61b0c1d2146,NULL,M1
1832,5f2bca3fba0be61b0c1d2241,NULL,M1
1833,5f2bca3fba0be61b0c1d2250,NULL,M1
1835,5f2bca41ba0be61b0c1d245d,NULL,M1
1836,5f2bca41ba0be61b0c1d2482,NULL,M1
1837,5f2bca41ba0be61b0c1d251f,NULL,M1
1839,5f2bca41ba0be61b0c1d2625,NULL,M1
1840,5f2bca41ba0be61b0c1d2635,NULL,M1
1841,5f2bca42ba0be61b0c1d2673,NULL,M1
1842,5f2bca42ba0be61b0c1d268f,NULL,M1
1844,5f2bca42ba0be61b0c1d286b,NULL,M1
1845,5f2bca42ba0be61b0c1d287a,NULL,M1
1846,5f2bca42ba0be61b0c1d287b,NULL,M1
1847,5f2bca43ba0be61b0c1d29e8,NULL,M1
1848,5f2bca43ba0be61b0c1d2a08,NULL,M1
1850,5f2bca43ba0be61b0c1d2c48,NULL,M1
1852,5f2bca43ba0be61b0c1d2cf3,NULL,M1
1858,5f2bca44ba0be61b0c1d3178,NULL,M1
1861,5f2bca45ba0be61b0c1d3504,NULL,M1
1864,5f2bca45ba0be61b0c1d3521,NULL,M1
1868,5f2bca45ba0be61b0c1d3536,NULL,M1
1869,5f2bca45ba0be61b0c1d3542,NULL,M1
1871,5f2bca45ba0be61b0c1d354d,NULL,M1
1872,5f2bca45ba0be61b0c1d3582,NULL,M1
1873,5f2bca45ba0be61b0c1d3585,NULL,M1
1874,5f2bca45ba0be61b0c1d358f,NULL,M1
1875,5f2bca45ba0be61b0c1d359b,NULL,M1
1876,5f2bca45ba0be61b0c1d359f,NULL,M1
1879,5f2bca45ba0be61b0c1d35cf,NULL,M1
1885,5f2bca46ba0be61b0c1d3656,NULL,M1
1887,5f2bca46ba0be61b0c1d368a,NULL,M1
1889,5f2bca46ba0be61b0c1d36d0,NULL,M1
1892,5f2bca46ba0be61b0c1d36f8,NULL,M1
1897,5f2bca46ba0be61b0c1d3741,NULL,M1
1901,5f2bca46ba0be61b0c1d3752,NULL,M1
1907,5f2bca46ba0be61b0c1d37af,NULL,M1
1909,5f2bca46ba0be61b0c1d37be,NULL,M1
1912,5f2bca46ba0be61b0c1d37db,NULL,M1
1915,5f2bca46ba0be61b0c1d37f1,NULL,M1
1916,5f2bca46ba0be61b0c1d37fa,NULL,M1
1918,5f2bca46ba0be61b0c1d37fd,NULL,M1
1936,5f2bca46ba0be61b0c1d38e5,NULL,M1
1937,5f2bca46ba0be61b0c1d38e6,NULL,M1
1945,5f2bca46ba0be61b0c1d395e,NULL,M1
1948,5f2bca46ba0be61b0c1d396e,NULL,M1
1961,5f2bca47ba0be61b0c1d3a10,NULL,M1
1963,5f2bca47ba0be61b0c1d3a2c,NULL,M1
1968,5f2bca48ba0be61b0c1d3a7b,NULL,M1
1972,5f2bca48ba0be61b0c1d3abc,NULL,M1
1973,5f2bca48ba0be61b0c1d3abf,NULL,M1
1987,5f2bca48ba0be61b0c1d3b94,NULL,M1
1992,5f2bca48ba0be61b0c1d3bd0,NULL,M1
1994,5f2bca48ba0be61b0c1d3be6,NULL,M1
2001,5f2bca48ba0be61b0c1d3c24,NULL,M1
2005,5f2bca48ba0be61b0c1d3cba,NULL,M1
2009,5f2bca49ba0be61b0c1d3e20,NULL,M1
2010,5f2bca49ba0be61b0c1d3e4b,NULL,M1
2011,5f2bca49ba0be61b0c1d3eb8,NULL,M1
2012,5f2bca49ba0be61b0c1d3f12,NULL,M1
2013,5f2bca49ba0be61b0c1d3f89,NULL,M1
2014,5f2bca49ba0be61b0c1d4003,NULL,M1
2015,5f2bca49ba0be61b0c1d4047,NULL,M1
2017,5f2bca49ba0be61b0c1d4084,NULL,M1
2021,5f2bca4bba0be61b0c1d41ac,NULL,M1
2022,5f2bca4bba0be61b0c1d41ed,NULL,M1
2024,5f2bca4bba0be61b0c1d432d,NULL,M1
2025,5f2bca4bba0be61b0c1d4345,NULL,M1
2028,5f2bca4bba0be61b0c1d442c,NULL,M1
2172,5f2bca50ba0be61b0c1d54f2,NULL,M1
2174,5f2bca52ba0be61b0c1d57a4,NULL,M1
2175,5f2bca52ba0be61b0c1d5818,NULL,M1
2176,5f2bca52ba0be61b0c1d58ec,NULL,M1
2178,5f2bca53ba0be61b0c1d5af2,NULL,M1
2180,5f2bca53ba0be61b0c1d5c64,NULL,M1
2182,5f2bca54ba0be61b0c1d5d48,NULL,M1
2185,5f2bca54ba0be61b0c1d5f7a,NULL,M1
2186,5f2bca54ba0be61b0c1d5fb5,NULL,M1
2188,5f2bca57ba0be61b0c1d61eb,NULL,M1
2189,5f2bca57ba0be61b0c1d6254,NULL,M1
2191,5f2bca57ba0be61b0c1d63d2,NULL,M1
2192,5f2bca57ba0be61b0c1d640a,NULL,M1
2193,5f2bca57ba0be61b0c1d6455,NULL,M1
2197,5f2bca5aba0be61b0c1d6a31,NULL,M1
2198,5f2bca5aba0be61b0c1d6a65,NULL,M1
2199,5f2bca5aba0be61b0c1d6ae6,NULL,M1
2202,5f2bca5bba0be61b0c1d6b8e,NULL,M1
2206,5f2bca5bba0be61b0c1d6c92,NULL,M1
2214,5f2bca5bba0be61b0c1d6e15,NULL,M1
2219,5f2bca5cba0be61b0c1d6fe2,NULL,M1
2221,5f2bca5cba0be61b0c1d7078,NULL,M1
2225,5f2bca5cba0be61b0c1d7116,NULL,M1
2228,5f2bca5cba0be61b0c1d71ed,NULL,M1
2231,5f2bca5cba0be61b0c1d725c,NULL,M1
2233,5f2bca5cba0be61b0c1d727e,NULL,M1
2235,5f2bca5cba0be61b0c1d73ca,NULL,M1
2236,5f2bca5cba0be61b0c1d7403,NULL,M1
2237,5f2bca5cba0be61b0c1d7411,NULL,M1
2239,5f2bca5dba0be61b0c1d7491,NULL,M1
2241,5f2bca5dba0be61b0c1d7524,NULL,M1
2243,5f2bca5dba0be61b0c1d7533,NULL,M1
2244,5f2bca5dba0be61b0c1d7583,NULL,M1
2245,5f2bca5dba0be61b0c1d7689,NULL,M1
2246,5f2bca5dba0be61b0c1d76c3,NULL,M1
2247,5f2bca5dba0be61b0c1d76e2,NULL,M1
2248,5f2bca5dba0be61b0c1d76f5,NULL,M1
2249,5f2bca5dba0be61b0c1d7709,NULL,M1
2250,5f2bca5dba0be61b0c1d7719,NULL,M1
2253,5f2bca5dba0be61b0c1d7848,NULL,M1
2254,5f2bca5dba0be61b0c1d784b,NULL,M1
2257,5f2bca5eba0be61b0c1d78a1,NULL,M1
2259,5f2bca5eba0be61b0c1d7a2f,NULL,M1
2261,5f2bca5eba0be61b0c1d7ab6,NULL,M1
2265,5f2bca61ba0be61b0c1d7d1d,NULL,M1
2267,5f2bca61ba0be61b0c1d7ed1,NULL,M1
2273,5f2bca61ba0be61b0c1d7fa1,NULL,M1
2278,5f2bca61ba0be61b0c1d7fd8,NULL,M1
2280,5f2bca61ba0be61b0c1d7fe8,NULL,M1
2285,5f2bca62ba0be61b0c1d8047,NULL,M1
2288,5f2bca62ba0be61b0c1d816c,NULL,M1
2289,5f2bca62ba0be61b0c1d8204,NULL,M1
2295,5f2bca62ba0be61b0c1d83bf,NULL,M1
2299,5f2bca63ba0be61b0c1d84c9,NULL,M1
2301,5f2bca63ba0be61b0c1d84f1,NULL,M1
2302,5f2bca63ba0be61b0c1d84fa,NULL,M1
2304,5f2bca63ba0be61b0c1d860a,NULL,M1
2305,5f2bca63ba0be61b0c1d8691,NULL,M1
2307,5f2bca63ba0be61b0c1d86e7,NULL,M1
2309,5f2bca63ba0be61b0c1d86fe,NULL,M1
2312,5f2bca63ba0be61b0c1d87c5,NULL,M1
2313,5f2bca65ba0be61b0c1d883d,NULL,M1
2315,5f2bca65ba0be61b0c1d8970,NULL,M1
2319,5f2bca65ba0be61b0c1d8a6b,NULL,M1
2320,5f2bca65ba0be61b0c1d8aab,NULL,M1
2323,5f2bca65ba0be61b0c1d8e9b,NULL,M1
2325,5f2bca68ba0be61b0c1d900a,NULL,M1
2326,5f2bca68ba0be61b0c1d9045,NULL,M1
2330,5f2bca68ba0be61b0c1d910c,NULL,M1
2332,5f2bca68ba0be61b0c1d9178,NULL,M1
2333,5f2bca68ba0be61b0c1d917e,NULL,M1
2334,5f2bca68ba0be61b0c1d918b,NULL,M1
2338,5f2bca68ba0be61b0c1d9239,NULL,M1
2350,5f2bca69ba0be61b0c1d94bb,NULL,M1
2352,5f2bca69ba0be61b0c1d94cc,NULL,M1
2364,5f2bca69ba0be61b0c1d96b3,NULL,M1
2367,5f2bca69ba0be61b0c1d96f0,NULL,M1
2387,5f2bca6aba0be61b0c1d97db,NULL,M1
2395,5f2bca6aba0be61b0c1d988a,NULL,M1
2397,5f2bca6aba0be61b0c1d98ea,NULL,M1
2401,5f2bca6aba0be61b0c1d9944,NULL,M1
2406,5f2bca6aba0be61b0c1d99fa,NULL,M1
2407,5f2bca6aba0be61b0c1d9a0d,NULL,M1
2410,5f2bca6aba0be61b0c1d9a48,NULL,M1
2411,5f2bca6aba0be61b0c1d9a53,NULL,M1
2415,5f2bca6aba0be61b0c1d9ab9,NULL,M1
2416,5f2bca6aba0be61b0c1d9ae2,NULL,M1
2417,5f2bca6aba0be61b0c1d9af8,NULL,M1
2457,5f2bca6bba0be61b0c1d9caf,NULL,M1
2458,5f2bca6bba0be61b0c1d9cb4,NULL,M1
2477,5f2bca6bba0be61b0c1d9d2c,NULL,M1
2478,5f2bca6bba0be61b0c1d9d34,NULL,M1
2494,5f2bca6bba0be61b0c1d9dc5,NULL,M1
2523,5f2bca6bba0be61b0c1d9e73,NULL,M1
2543,5f2bca6bba0be61b0c1d9f31,NULL,M1
2544,5f2bca6bba0be61b0c1d9f45,NULL,M1
2547,5f2bca6bba0be61b0c1d9fb5,NULL,M1
2548,5f2bca6bba0be61b0c1da077,NULL,M1
2549,5f2bca6bba0be61b0c1da0de,NULL,M1
2556,5f2bca6cba0be61b0c1da24b,NULL,M1
2557,5f2bca6cba0be61b0c1da259,NULL,M1
2658,5f2bca74ba0be61b0c1db4b2,NULL,M1
2659,5f2bca74ba0be61b0c1db695,NULL,M1
2662,5f2bca75ba0be61b0c1db9a6,NULL,M1
2663,5f2bca75ba0be61b0c1db9e7,NULL,M1
2669,5f2bca77ba0be61b0c1dbbad,NULL,M1
2682,5f2bca77ba0be61b0c1dbe98,NULL,M1
2683,5f2bca77ba0be61b0c1dbed3,NULL,M1
2684,5f2bca77ba0be61b0c1dbee2,NULL,M1
2685,5f2bca77ba0be61b0c1dbf37,NULL,M1
2687,5f2bca77ba0be61b0c1dbfa9,NULL,M1
2688,5f2bca77ba0be61b0c1dbff3,NULL,M1
2689,5f2bca77ba0be61b0c1dbffa,NULL,M1
2690,5f2bca77ba0be61b0c1dc00d,NULL,M1
2691,5f2bca77ba0be61b0c1dc03a,NULL,M1
2693,5f2bca77ba0be61b0c1dc04a,NULL,M1
2694,5f2bca78ba0be61b0c1dc09e,NULL,M1
2696,5f2bca78ba0be61b0c1dc10d,NULL,M1
2697,5f2bca78ba0be61b0c1dc118,NULL,M1
2701,5f2bca78ba0be61b0c1dc236,NULL,M1
2704,5f2bca79ba0be61b0c1dc32a,NULL,M1
2707,5f2bca79ba0be61b0c1dc450,NULL,M1
2715,5f2bca79ba0be61b0c1dc5ab,NULL,M1
2717,5f2bca79ba0be61b0c1dc5d9,NULL,M1
2718,5f2bca79ba0be61b0c1dc60e,NULL,M1
2719,5f2bca79ba0be61b0c1dc61f,NULL,M1
2721,5f2bca7aba0be61b0c1dc6b1,NULL,M1
2722,5f2bca7aba0be61b0c1dc6d5,NULL,M1
2723,5f2bca7aba0be61b0c1dc73f,NULL,M1
2725,5f2bca7aba0be61b0c1dc791,NULL,M1
2726,5f2bca7aba0be61b0c1dc87d,NULL,M1
2733,5f2bca7aba0be61b0c1dc9c7,NULL,M1
2736,5f2bca83ba0be61b0c1dca82,NULL,M1
2739,5f2bca84ba0be61b0c1dcdfb,NULL,M1
2740,5f2bca85ba0be61b0c1dd131,NULL,M1
2742,5f2bca85ba0be61b0c1dd181,NULL,M1
2743,5f2bca85ba0be61b0c1dd199,NULL,M1
2744,5f2bca85ba0be61b0c1dd1a9,NULL,M1
2746,5f2bca86ba0be61b0c1dd264,NULL,M1
2747,5f2bca86ba0be61b0c1dd357,NULL,M1
2748,5f2bca87ba0be61b0c1dd808,NULL,M1
2750,5f2bca87ba0be61b0c1dd864,NULL,M1
2751,5f2bca87ba0be61b0c1dd86e,NULL,M1
2753,5f2bca87ba0be61b0c1dd8cc,NULL,M1
2755,5f2bca87ba0be61b0c1dd98b,NULL,M1
2757,5f2bca87ba0be61b0c1dd9e6,NULL,M1
2761,5f2bca88ba0be61b0c1ddae7,NULL,M1
2780,5f2bca8aba0be61b0c1dde81,NULL,M1
2783,5f2bca8aba0be61b0c1ddecc,NULL,M1
2788,5f2bca8aba0be61b0c1ddf2d,NULL,M1
2789,5f2bca8aba0be61b0c1ddf91,NULL,M1
2795,5f2bca8aba0be61b0c1de102,NULL,M1
2808,5f2bca8cba0be61b0c1de2fe,NULL,M1
2810,5f2bca8cba0be61b0c1de31a,NULL,M1
2813,5f2bca8cba0be61b0c1de3db,NULL,M1
2815,5f2bca8cba0be61b0c1de41a,NULL,M1
2820,5f2bca8cba0be61b0c1de567,NULL,M1
2828,5f2bca8dba0be61b0c1de8d8,NULL,M1
2829,5f2bca8dba0be61b0c1de8df,NULL,M1
2830,5f2bca8dba0be61b0c1de8f5,NULL,M1
2837,5f2bca8fba0be61b0c1dea0d,NULL,M1
2843,5f2bca8fba0be61b0c1deac7,NULL,M1
2845,5f2bca8fba0be61b0c1debe6,NULL,M1
2846,5f2bca8fba0be61b0c1dec43,NULL,M1
2860,5f2bca90ba0be61b0c1dee54,NULL,M1
2861,5f2bca90ba0be61b0c1dee6d,NULL,M1
2863,5f2bca90ba0be61b0c1dee91,NULL,M1
2866,5f2bca90ba0be61b0c1def16,NULL,M1
2872,5f2bca90ba0be61b0c1defc7,NULL,M1
2873,5f2bca90ba0be61b0c1defe7,NULL,M1
2874,5f2bca90ba0be61b0c1defef,NULL,M1
2882,5f2bcaa2ba0be61b0c1df227,NULL,M1
2889,5f2bcaa2ba0be61b0c1df2ce,NULL,M1
2890,5f2bcaa2ba0be61b0c1df2da,NULL,M1
2896,5f2bcaa2ba0be61b0c1df3a1,NULL,M1
2937,5f2bcaa4ba0be61b0c1dfbb6,NULL,M1
2946,5f2bcaa6ba0be61b0c1dfd3f,NULL,M1
2954,5f2bcaa6ba0be61b0c1dff2c,NULL,M1
2964,5f2bcaa6ba0be61b0c1e0101,NULL,M1
2966,5f2bcaa7ba0be61b0c1e01af,NULL,M1
2968,5f2bcaa7ba0be61b0c1e0269,NULL,M1
2978,5f2bcaa7ba0be61b0c1e03e1,NULL,M1
2979,5f2bcaa7ba0be61b0c1e03e8,NULL,M1
2982,5f2bcaa7ba0be61b0c1e041f,NULL,M1
2984,5f2bcaa7ba0be61b0c1e0436,NULL,M1
2986,5f2bcaa7ba0be61b0c1e0470,NULL,M1
2987,5f2bcaa7ba0be61b0c1e0475,NULL,M1
2991,5f2bcaa7ba0be61b0c1e04a2,NULL,M1
3004,5f2bcaa7ba0be61b0c1e056a,NULL,M1
3005,5f2bcaa7ba0be61b0c1e0575,NULL,M1
3008,5f2bcaa7ba0be61b0c1e05b4,NULL,M1
3009,5f2bcaa8ba0be61b0c1e05cc,NULL,M1
3015,5f2bcaa8ba0be61b0c1e0654,NULL,M1
3022,5f2bcaa8ba0be61b0c1e0697,NULL,M1
3024,5f2bcaa8ba0be61b0c1e06a3,NULL,M1
3029,5f2bcaa8ba0be61b0c1e06fc,NULL,M1
3030,5f2bcaa8ba0be61b0c1e0705,NULL,M1
3032,5f2bcaa8ba0be61b0c1e0758,NULL,M1
3033,5f2bcaa8ba0be61b0c1e0767,NULL,M1
3035,5f2bcaa8ba0be61b0c1e077a,NULL,M1
3036,5f2bcaa8ba0be61b0c1e0787,NULL,M1
3038,5f2bcaa8ba0be61b0c1e0796,NULL,M1
3042,5f2bcaa8ba0be61b0c1e0883,NULL,M1
3043,5f2bcaa9ba0be61b0c1e08e9,NULL,M1
3045,5f2bcaa9ba0be61b0c1e093c,NULL,M1
3047,5f2bcaa9ba0be61b0c1e09fb,NULL,M1
3052,5f2bcaa9ba0be61b0c1e0bc2,NULL,M1
3053,5f2bcaa9ba0be61b0c1e0c18,NULL,M1
3054,5f2bcaaaba0be61b0c1e0d19,NULL,M1
3055,5f2bcaaaba0be61b0c1e0d83,NULL,M1
3056,5f2bcaabba0be61b0c1e0ed3,NULL,M1
3059,5f2bcaabba0be61b0c1e1024,NULL,M1
3062,5f2bcaabba0be61b0c1e10c9,NULL,M1
3065,5f2bcaabba0be61b0c1e1131,NULL,M1
3066,5f2bcaabba0be61b0c1e115c,NULL,M1
3067,5f2bcaabba0be61b0c1e11dc,NULL,M1
3068,5f2bcaabba0be61b0c1e122a,NULL,M1
3072,5f2bcaabba0be61b0c1e13cd,NULL,M1
3073,5f2bcaabba0be61b0c1e13e4,NULL,M1
3077,5f2bcaacba0be61b0c1e155e,NULL,M1
3078,5f2bcaacba0be61b0c1e15e8,NULL,M1
3079,5f2bcaacba0be61b0c1e15ef,NULL,M1
3080,5f2bcaacba0be61b0c1e1662,NULL,M1
3082,5f2bcaacba0be61b0c1e1671,NULL,M1
3083,5f2bcaacba0be61b0c1e16c5,NULL,M1
3085,5f2bcaadba0be61b0c1e17e1,NULL,M1
3087,5f2bcaadba0be61b0c1e186e,NULL,M1
3093,5f2bcaaeba0be61b0c1e1b5a,NULL,M1
3094,5f2bcaaeba0be61b0c1e1b97,NULL,M1
3095,5f2bcaaeba0be61b0c1e1bfa,NULL,M1
3097,5f2bcaafba0be61b0c1e1c8e,NULL,M1
3102,5f2bcaafba0be61b0c1e1ce1,NULL,M1
3103,5f2bcaafba0be61b0c1e1d62,NULL,M1
3105,5f2bcaafba0be61b0c1e1d98,NULL,M1
3113,5f2bcaafba0be61b0c1e1e36,NULL,M1
3114,5f2bcaafba0be61b0c1e1e69,NULL,M1
3115,5f2bcaafba0be61b0c1e1e95,NULL,M1
3116,5f2bcaafba0be61b0c1e1ed7,NULL,M1
3120,5f2bcab0ba0be61b0c1e1f54,NULL,M1
3121,5f2bcab0ba0be61b0c1e1f57,NULL,M1
3122,5f2bcab0ba0be61b0c1e1f5d,NULL,M1
3124,5f2bcab0ba0be61b0c1e1f73,NULL,M1
3129,5f2bcab0ba0be61b0c1e203f,NULL,M1
3130,5f2bcab1ba0be61b0c1e2056,NULL,M1
3133,5f2bcab1ba0be61b0c1e20c7,NULL,M1
3140,5f2bcab1ba0be61b0c1e2250,NULL,M1
3141,5f2bcab1ba0be61b0c1e227d,NULL,M1
3143,5f2bcab1ba0be61b0c1e22d2,NULL,M1
3147,5f2bcab2ba0be61b0c1e2556,NULL,M1
3148,5f2bcab2ba0be61b0c1e2557,NULL,M1
3149,5f2bcab2ba0be61b0c1e256d,NULL,M1
3150,5f2bcab2ba0be61b0c1e258c,NULL,M1
3151,5f2bcab2ba0be61b0c1e258e,NULL,M1
3157,5f2bcab2ba0be61b0c1e27c2,NULL,M1
3158,5f2bcab3ba0be61b0c1e28bd,NULL,M1
3163,5f2bcab4ba0be61b0c1e2c96,NULL,M1
3164,5f2bcab4ba0be61b0c1e2d36,NULL,M1
3165,5f2bcab4ba0be61b0c1e2df0,NULL,M1
3166,5f2bcab4ba0be61b0c1e2f5c,NULL,M1
3169,5f2bcab7ba0be61b0c1e375b,NULL,M1
3170,5f2bcab7ba0be61b0c1e3788,NULL,M1
3172,5f2bcab9ba0be61b0c1e3df7,NULL,M1
3174,5f2bcab9ba0be61b0c1e3e92,NULL,M1
3175,5f2bcababa0be61b0c1e3f9e,NULL,M1
3176,5f2bcababa0be61b0c1e4061,NULL,M1
3177,5f2bcababa0be61b0c1e408a,NULL,M1
3178,5f2bcababa0be61b0c1e40ac,NULL,M1
3179,5f2bcababa0be61b0c1e4168,NULL,M1
3180,5f2bcababa0be61b0c1e4174,NULL,M1
3183,5f2bcababa0be61b0c1e4257,NULL,M1
3184,5f2bcababa0be61b0c1e42ed,NULL,M1
3185,5f2bcabcba0be61b0c1e4373,NULL,M1
3186,5f2bcabcba0be61b0c1e43c8,NULL,M1
3188,5f2bcabdba0be61b0c1e4889,NULL,M1
3205,5f2bcabeba0be61b0c1e4d24,NULL,M1
3210,5f2bcabeba0be61b0c1e4e60,NULL,M1
3216,5f2bcabfba0be61b0c1e4fc8,NULL,M1
3222,5f2bcabfba0be61b0c1e5102,NULL,M1
3224,5f2bcabfba0be61b0c1e5203,NULL,M1
3229,5f2bcabfba0be61b0c1e52c6,NULL,M1
3234,5f2bcac1ba0be61b0c1e5343,NULL,M1
3237,5f2bcac1ba0be61b0c1e54f3,NULL,M1
3239,5f2bcac1ba0be61b0c1e55ea,NULL,M1
3240,5f2bcac1ba0be61b0c1e5644,NULL,M1
3241,5f2bcac1ba0be61b0c1e56c9,NULL,M1
3244,5f2bcac2ba0be61b0c1e578b,NULL,M1
3247,5f2bcac2ba0be61b0c1e57f1,NULL,M1
3249,5f2bcac2ba0be61b0c1e582a,NULL,M1
3256,5f2bcac2ba0be61b0c1e5984,NULL,M1
3263,5f2bcac2ba0be61b0c1e5ac7,NULL,M1
3265,5f2bcac4ba0be61b0c1e5b2e,NULL,M1
3266,5f2bcac4ba0be61b0c1e5b8e,NULL,M1
3267,5f2bcac4ba0be61b0c1e5cd9,NULL,M1
3268,5f2bcac4ba0be61b0c1e5e1f,NULL,M1
3269,5f2bcac4ba0be61b0c1e5ec2,NULL,M1
3270,5f2bcac5ba0be61b0c1e5f10,NULL,M1
3276,5f2bcac5ba0be61b0c1e6193,NULL,M1
3293,5f2bcac6ba0be61b0c1e6526,NULL,M1
3294,5f2bcac6ba0be61b0c1e6557,NULL,M1
3296,5f2bcac6ba0be61b0c1e65bc,NULL,M1
3299,5f2bcac6ba0be61b0c1e6668,NULL,M1
3300,5f2bcac6ba0be61b0c1e667a,NULL,M1
3302,5f2bcac7ba0be61b0c1e66c0,NULL,M1
3311,5f2bcac7ba0be61b0c1e6832,NULL,M1
3312,5f2bcac7ba0be61b0c1e68b0,NULL,M1
3313,5f2bcac7ba0be61b0c1e694d,NULL,M1
3315,5f2bcac8ba0be61b0c1e6c68,NULL,M1
3316,5f2bcac9ba0be61b0c1e6d86,NULL,M1
3317,5f2bcac9ba0be61b0c1e6db7,NULL,M1
3318,5f2bcac9ba0be61b0c1e6dbd,NULL,M1
3319,5f2bcac9ba0be61b0c1e6eba,NULL,M1
3320,5f2bcacaba0be61b0c1e70b9,NULL,M1
3321,5f2bcacaba0be61b0c1e716c,NULL,M1
3322,5f2bcacaba0be61b0c1e7246,NULL,M1
3323,5f2bcacaba0be61b0c1e73e3,NULL,M1
3324,5f2bcacaba0be61b0c1e7419,NULL,M1
3328,5f2bcaccba0be61b0c1e774a,NULL,M1
3330,5f2bcaccba0be61b0c1e7788,NULL,M1
3331,5f2bcaccba0be61b0c1e79cd,NULL,M1
3332,5f2bcaceba0be61b0c1e7abb,NULL,M1
3333,5f2bcaceba0be61b0c1e7aef,NULL,M1
3335,5f2bcaceba0be61b0c1e7d44,NULL,M1
3336,5f2bcaceba0be61b0c1e7d80,NULL,M1
3337,5f2bcacfba0be61b0c1e7e25,NULL,M1
3338,5f2bcacfba0be61b0c1e7e5b,NULL,M1
3339,5f2bcacfba0be61b0c1e7e9b,NULL,M1
3340,5f2bcacfba0be61b0c1e7f58,NULL,M1
3341,5f2bcacfba0be61b0c1e7f8a,NULL,M1
3342,5f2bcacfba0be61b0c1e80e0,NULL,M1
3343,5f2bcacfba0be61b0c1e81a1,NULL,M1
3344,5f2bcad0ba0be61b0c1e8225,NULL,M1
3346,5f2bcad1ba0be61b0c1e8458,NULL,M1
3349,5f2bcad1ba0be61b0c1e876c,NULL,M1
3351,5f2bcad1ba0be61b0c1e87f5,NULL,M1
3361,5f2bcad4ba0be61b0c1e8eb6,NULL,M1
3366,5f2bcad6ba0be61b0c1e968f,NULL,M1
3368,5f2bcad6ba0be61b0c1e9757,NULL,M1
3369,5f2bcad6ba0be61b0c1e9761,NULL,M1
3370,5f2bcad6ba0be61b0c1e9781,NULL,M1
3371,5f2bcad6ba0be61b0c1e9823,NULL,M1
3389,5f2bcad6ba0be61b0c1e98e3,NULL,M1
3403,5f2bcad6ba0be61b0c1e990f,NULL,M1
3441,5f2bcad7ba0be61b0c1e997e,NULL,M1
3579,5f2bcad7ba0be61b0c1e9a3d,NULL,M1
3588,5f2bcad7ba0be61b0c1e9a48,NULL,M1
3589,5f2bcad7ba0be61b0c1e9a49,NULL,M1
3712,5f2bcad7ba0be61b0c1e9ad9,NULL,M1
3720,5f2bcad7ba0be61b0c1e9ae2,NULL,M1
3757,5f2bcad7ba0be61b0c1e9b18,NULL,M1
3959,5f2bcad7ba0be61b0c1e9c48,NULL,M1
3963,5f2bcad7ba0be61b0c1e9c51,NULL,M1
3988,5f2bcad7ba0be61b0c1e9c7d,NULL,M1
4023,5f2bcad7ba0be61b0c1e9cb6,NULL,M1
4047,5f2bcad7ba0be61b0c1e9ce6,NULL,M1
4050,5f2bcad7ba0be61b0c1e9ced,NULL,M1
4074,5f2bcad7ba0be61b0c1e9d0b,NULL,M1
4095,5f2bcad7ba0be61b0c1e9d2b,NULL,M1
4096,5f2bcad7ba0be61b0c1e9d2c,NULL,M1
4114,5f2bcad8ba0be61b0c1e9d4a,NULL,M1
4140,5f2bcad8ba0be61b0c1e9d6b,NULL,M1
4194,5f2bcad8ba0be61b0c1e9dae,NULL,M1
4210,5f2bcad8ba0be61b0c1e9dc2,NULL,M1
4262,5f2bcad8ba0be61b0c1e9dfc,NULL,M1
4362,5f2bcad8ba0be61b0c1e9e77,NULL,M1
4388,5f2bcad8ba0be61b0c1e9e97,NULL,M1
4397,5f2bcad8ba0be61b0c1e9ea3,NULL,M1
4399,5f2bcad8ba0be61b0c1e9ea5,NULL,M1
4407,5f2bcad8ba0be61b0c1e9eb1,NULL,M1
4411,5f2bcad8ba0be61b0c1e9eb8,NULL,M1
4417,5f2bcad8ba0be61b0c1e9ec1,NULL,M1
4420,5f2bcad8ba0be61b0c1e9ec4,NULL,M1
4431,5f2bcad8ba0be61b0c1e9ed7,NULL,M1
4435,5f2bcad8ba0be61b0c1e9edb,NULL,M1
4437,5f2bcad8ba0be61b0c1e9edd,NULL,M1
4438,5f2bcad8ba0be61b0c1e9ee0,NULL,M1
4444,5f2bcad8ba0be61b0c1e9eee,NULL,M1
4457,5f2bcad8ba0be61b0c1e9f00,NULL,M1
4480,5f2bcad8ba0be61b0c1e9f2a,NULL,M1
4484,5f2bcad8ba0be61b0c1e9f2f,NULL,M1
4489,5f2bcad8ba0be61b0c1e9f37,NULL,M1
4490,5f2bcad8ba0be61b0c1e9f39,NULL,M1
4515,5f2bcad8ba0be61b0c1e9f57,NULL,M1
4521,5f2bcad8ba0be61b0c1e9f62,NULL,M1
4554,5f2bcad8ba0be61b0c1e9fb3,NULL,M1
4556,5f2bcad8ba0be61b0c1e9fba,NULL,M1
4561,5f2bcad8ba0be61b0c1e9fcb,NULL,M1
4564,5f2bcad8ba0be61b0c1e9fd4,NULL,M1
4565,5f2bcad8ba0be61b0c1e9fde,NULL,M1
4568,5f2bcad8ba0be61b0c1e9fe8,NULL,M1
4570,5f2bcad8ba0be61b0c1e9ffb,NULL,M1
4575,5f2bcad8ba0be61b0c1ea017,NULL,M1
4580,5f2bcad8ba0be61b0c1ea02b,NULL,M1
4581,5f2bcad8ba0be61b0c1ea02f,NULL,M1
4585,5f2bcad8ba0be61b0c1ea03f,NULL,M1
4590,5f2bcad8ba0be61b0c1ea059,NULL,M1
4592,5f2bcad8ba0be61b0c1ea065,NULL,M1
4608,5f2bcad8ba0be61b0c1ea096,NULL,M1
4612,5f2bcad8ba0be61b0c1ea0a1,NULL,M1
4621,5f2bcad8ba0be61b0c1ea0bd,NULL,M1
4625,5f2bcad8ba0be61b0c1ea0ce,NULL,M1
4637,5f2bcad8ba0be61b0c1ea0f7,NULL,M1
4639,5f2bcad8ba0be61b0c1ea107,NULL,M1
4641,5f2bcad8ba0be61b0c1ea116,NULL,M1
4646,5f2bcad8ba0be61b0c1ea12a,NULL,M1
4652,5f2bcadaba0be61b0c1ea13f,NULL,M1
4658,5f2bcadaba0be61b0c1ea152,NULL,M1
4693,5f2bcadaba0be61b0c1ea1a3,NULL,M1
4694,5f2bcadaba0be61b0c1ea1a6,NULL,M1
4695,5f2bcadaba0be61b0c1ea1a9,NULL,M1
4696,5f2bcadaba0be61b0c1ea1ac,NULL,M1
4698,5f2bcadaba0be61b0c1ea1b1,NULL,M1
4703,5f2bcadaba0be61b0c1ea1bb,NULL,M1
4704,5f2bcadaba0be61b0c1ea1bc,NULL,M1
4711,5f2bcadaba0be61b0c1ea1d4,NULL,M1
4716,5f2bcadaba0be61b0c1ea1e6,NULL,M1
4717,5f2bcadaba0be61b0c1ea1ea,NULL,M1
4718,5f2bcadaba0be61b0c1ea1ed,NULL,M1
4720,5f2bcadaba0be61b0c1ea1f1,NULL,M1
4721,5f2bcadaba0be61b0c1ea1fc,NULL,M1
4722,5f2bcadaba0be61b0c1ea204,NULL,M1
4732,5f2bcadaba0be61b0c1ea249,NULL,M1
4733,5f2bcadaba0be61b0c1ea24b,NULL,M1
4734,5f2bcadaba0be61b0c1ea24e,NULL,M1
4735,5f2bcadaba0be61b0c1ea259,NULL,M1
4736,5f2bcadaba0be61b0c1ea25b,NULL,M1
4737,5f2bcadaba0be61b0c1ea25d,NULL,M1
4740,5f2bcadaba0be61b0c1ea279,NULL,M1
4741,5f2bcadaba0be61b0c1ea27a,NULL,M1
4743,5f2bcadaba0be61b0c1ea27c,NULL,M1
4744,5f2bcadaba0be61b0c1ea27d,NULL,M1
4745,5f2bcadaba0be61b0c1ea284,NULL,M1
4746,5f2bcadaba0be61b0c1ea28f,NULL,M1
4747,5f2bcadaba0be61b0c1ea295,NULL,M1
4748,5f2bcadaba0be61b0c1ea29d,NULL,M1
4749,5f2bcadaba0be61b0c1ea29f,NULL,M1
4750,5f2bcadaba0be61b0c1ea2a0,NULL,M1
4751,5f2bcadaba0be61b0c1ea2a1,NULL,M1
4752,5f2bcadaba0be61b0c1ea2a4,NULL,M1
4753,5f2bcadaba0be61b0c1ea2a7,NULL,M1
4754,5f2bcadaba0be61b0c1ea2a8,NULL,M1
4755,5f2bcadaba0be61b0c1ea2a9,NULL,M1
4756,5f2bcadaba0be61b0c1ea2ae,NULL,M1
4757,5f2bcadaba0be61b0c1ea2af,NULL,M1
4758,5f2bcadaba0be61b0c1ea2b1,NULL,M1
4759,5f2bcadaba0be61b0c1ea2b3,NULL,M1
4760,5f2bcadaba0be61b0c1ea2b6,NULL,M1
4761,5f2bcadaba0be61b0c1ea2bc,NULL,M1
4762,5f2bcadaba0be61b0c1ea2bd,NULL,M1
4763,5f2bcadaba0be61b0c1ea2c6,NULL,M1
4764,5f2bcadaba0be61b0c1ea2ca,NULL,M1
4765,5f2bcadaba0be61b0c1ea2cd,NULL,M1
4766,5f2bcadaba0be61b0c1ea2cf,NULL,M1
4767,5f2bcadaba0be61b0c1ea2d2,NULL,M1
4768,5f2bcadaba0be61b0c1ea2d6,NULL,M1
4769,5f2bcadaba0be61b0c1ea2db,NULL,M1
4770,5f2bcadaba0be61b0c1ea2e2,NULL,M1
4771,5f2bcadaba0be61b0c1ea2e5,NULL,M1
4772,5f2bcadaba0be61b0c1ea2e6,NULL,M1
4773,5f2bcadaba0be61b0c1ea2e7,NULL,M1
4774,5f2bcadaba0be61b0c1ea2eb,NULL,M1
4775,5f2bcadaba0be61b0c1ea2f0,NULL,M1
4776,5f2bcadaba0be61b0c1ea2f3,NULL,M1
4777,5f2bcadaba0be61b0c1ea2f5,NULL,M1
4778,5f2bcadaba0be61b0c1ea300,NULL,M1
4780,5f2bcadaba0be61b0c1ea305,NULL,M1
4781,5f2bcadaba0be61b0c1ea306,NULL,M1
4782,5f2bcadaba0be61b0c1ea307,NULL,M1
4783,5f2bcadaba0be61b0c1ea30c,NULL,M1
4784,5f2bcadaba0be61b0c1ea30e,NULL,M1
4785,5f2bcadaba0be61b0c1ea311,NULL,M1
4786,5f2bcadaba0be61b0c1ea31b,NULL,M1
4787,5f2bcadaba0be61b0c1ea323,NULL,M1
4788,5f2bcadaba0be61b0c1ea325,NULL,M1
4789,5f2bcadaba0be61b0c1ea327,NULL,M1
4792,5f2bcadaba0be61b0c1ea344,NULL,M1
4793,5f2bcadaba0be61b0c1ea348,NULL,M1
4794,5f2bcadaba0be61b0c1ea34b,NULL,M1
4795,5f2bcadaba0be61b0c1ea34c,NULL,M1
4796,5f2bcadaba0be61b0c1ea34e,NULL,M1
4797,5f2bcadaba0be61b0c1ea351,NULL,M1
4799,5f2bcadaba0be61b0c1ea357,NULL,M1
4802,5f2bcadaba0be61b0c1ea373,NULL,M1
4803,5f2bcadaba0be61b0c1ea375,NULL,M1
4805,5f2bcadaba0be61b0c1ea381,NULL,M1
4806,5f2bcadaba0be61b0c1ea383,NULL,M1
4807,5f2bcadaba0be61b0c1ea387,NULL,M1
4808,5f2bcadaba0be61b0c1ea389,NULL,M1
4809,5f2bcadaba0be61b0c1ea39b,NULL,M1
4811,5f2bcadaba0be61b0c1ea39f,NULL,M1
4812,5f2bcadaba0be61b0c1ea3a4,NULL,M1
4813,5f2bcadaba0be61b0c1ea3ad,NULL,M1
4814,5f2bcadaba0be61b0c1ea3bc,NULL,M1
4815,5f2bcadaba0be61b0c1ea3c5,NULL,M1
4816,5f2bcadaba0be61b0c1ea3d3,NULL,M1
4818,5f2bcadaba0be61b0c1ea3e9,NULL,M1
4820,5f2bcadaba0be61b0c1ea3f1,NULL,M1
4821,5f2bcadaba0be61b0c1ea3f5,NULL,M1
4822,5f2bcadaba0be61b0c1ea3fb,NULL,M1
4824,5f2bcadaba0be61b0c1ea407,NULL,M1
4825,5f2bcadaba0be61b0c1ea408,NULL,M1
4826,5f2bcadaba0be61b0c1ea413,NULL,M1
4827,5f2bcadaba0be61b0c1ea416,NULL,M1
4829,5f2bcadaba0be61b0c1ea41f,NULL,M1
4830,5f2bcadaba0be61b0c1ea421,NULL,M1
4831,5f2bcadaba0be61b0c1ea423,NULL,M1
4832,5f2bcadaba0be61b0c1ea42c,NULL,M1
4833,5f2bcadaba0be61b0c1ea438,NULL,M1
4834,5f2bcadaba0be61b0c1ea43d,NULL,M1
4836,5f2bcadaba0be61b0c1ea442,NULL,M1
4837,5f2bcadaba0be61b0c1ea445,NULL,M1
4839,5f2bcadaba0be61b0c1ea482,NULL,M1
4840,5f2bcadaba0be61b0c1ea483,NULL,M1
4841,5f2bcadaba0be61b0c1ea485,NULL,M1
4842,5f2bcadaba0be61b0c1ea487,NULL,M1
4843,5f2bcadaba0be61b0c1ea488,NULL,M1
4844,5f2bcadaba0be61b0c1ea4ed,NULL,M1
4845,5f2bcadaba0be61b0c1ea4ee,NULL,M1
4846,5f2bcadaba0be61b0c1ea4f4,NULL,M1
4847,5f2bcadaba0be61b0c1ea4f6,NULL,M1
4848,5f2bcadaba0be61b0c1ea4fb,NULL,M1
4849,5f2bcadaba0be61b0c1ea501,NULL,M1
4850,5f2bcadaba0be61b0c1ea504,NULL,M1
4851,5f2bcadaba0be61b0c1ea506,NULL,M1
4852,5f2bcadaba0be61b0c1ea50f,NULL,M1
4853,5f2bcadaba0be61b0c1ea511,NULL,M1
4854,5f2bcadbba0be61b0c1ea518,NULL,M1
4855,5f2bcadbba0be61b0c1ea521,NULL,M1
4857,5f2bcadbba0be61b0c1ea532,NULL,M1
4858,5f2bcadbba0be61b0c1ea53d,NULL,M1
4859,5f2bcadbba0be61b0c1ea545,NULL,M1
4860,5f2bcadbba0be61b0c1ea548,NULL,M1
4861,5f2bcadbba0be61b0c1ea54b,NULL,M1
4864,5f2bcadbba0be61b0c1ea54f,NULL,M1
4869,5f2bcadbba0be61b0c1ea55a,NULL,M1
4870,5f2bcadbba0be61b0c1ea55b,NULL,M1
4873,5f2bcadbba0be61b0c1ea567,NULL,M1
4875,5f2bcadbba0be61b0c1ea56c,NULL,M1
4876,5f2bcadbba0be61b0c1ea56f,NULL,M1
4877,5f2bcadbba0be61b0c1ea570,NULL,M1
4879,5f2bcadbba0be61b0c1ea574,NULL,M1
4880,5f2bcadbba0be61b0c1ea575,NULL,M1
4882,5f2bcadbba0be61b0c1ea57d,NULL,M1
4883,5f2bcadbba0be61b0c1ea583,NULL,M1
4885,5f2bcadbba0be61b0c1ea586,NULL,M1
4886,5f2bcadbba0be61b0c1ea587,NULL,M1
4889,5f2bcadbba0be61b0c1ea58e,NULL,M1
4890,5f2bcadbba0be61b0c1ea593,NULL,M1
4891,5f2bcadbba0be61b0c1ea594,NULL,M1
4892,5f2bcadbba0be61b0c1ea596,NULL,M1
4894,5f2bcadbba0be61b0c1ea59b,NULL,M1
4896,5f2bcadbba0be61b0c1ea59e,NULL,M1
4897,5f2bcadbba0be61b0c1ea5a3,NULL,M1
4901,5f2bcadbba0be61b0c1ea5b0,NULL,M1
4902,5f2bcadbba0be61b0c1ea5b2,NULL,M1
4903,5f2bcadbba0be61b0c1ea5b6,NULL,M1
4905,5f2bcadbba0be61b0c1ea5bc,NULL,M1
4906,5f2bcadbba0be61b0c1ea5bd,NULL,M1
4909,5f2bcadbba0be61b0c1ea5c0,NULL,M1
4910,5f2bcadbba0be61b0c1ea5c2,NULL,M1
4911,5f2bcadbba0be61b0c1ea5c5,NULL,M1
4912,5f2bcadbba0be61b0c1ea5c6,NULL,M1
4913,5f2bcadbba0be61b0c1ea5c8,NULL,M1
4916,5f2bcadbba0be61b0c1ea5cd,NULL,M1
4920,5f2bcadbba0be61b0c1ea5dd,NULL,M1
4922,5f2bcadbba0be61b0c1ea5e1,NULL,M1
4924,5f2bcadbba0be61b0c1ea5e6,NULL,M1
4926,5f4bc1ada8202933374f2bef,NULL,M1
4927,5f4ca257e893e805f460bab5,NULL,M1
4930,5f4ca257e893e805f460babc,NULL,M1
4936,5f4d11b2762c3e25a9b9f78b,NULL,M1
4961,5f56ea631b1d8b39055eaf08,NULL,M1
5137,600e4f21b2a4b90fa1f29d4b,,M1
5140,6014998f6d33395959cb4e74,,M1
5143,601876dc043b08505d926215,,M1
5144,601910f59b58e1072f40cd58,,M1
5145,60197101294c4b4734a20f20,,M1
5149,6022aac7cc02b056acef0907,,M1
5150,602bc31d8f896e768324cc5f,,M1
5151,602bc52a8f896e768324ce37,,M1
5152,602bc7698f896e768324cf20,,M1
5153,602bcb0ea40ec566240c8684,,M1
5154,602be4759122946bd590debd,,M1
5155,602be63a9122946bd590df5c,,M1
5156,602bea2448e352170f9d571c,,M1
