,USER_NAME,EMAIL_ID,DEVICE_USED,MODE_OF_PAYMENT,TYPE_OF_PAYMENT,Last_Payment_Date,Payment_Amount
17,Christine Vincze,cdvincze@hotmail.com,ANDROID,APPLE,MOBILE,2021-04-25,9.989999771118164
21,Alex Barber,alexbarber@uwalumni.com,ANDROID,GOOGLE,MOBILE,2020-08-14,5.989999771118164
22,Stacy Trout,stacymtrout@hotmail.com,IOS,APPLE,MOBILE,2020-12-07,59.9900016784668
26,Debrah Scanlon ,debbers05@gmail.com,IOS,GOOGLE,MOBILE,2021-01-23,99.98999786376953
42,Lindsay ,lmbraman1288@gmail.com,IOS,APPLE,MOBILE,2020-07-07,5.989999771118164
44,Nedda Lewers,nlewers@me.com,IOS,APPLE,MOBILE,2020-07-14,5.989999771118164
46,Kiya Edwards,kiyaedwards57@gmail.com,IOS,APPLE,MOBILE,2020-07-24,59.9900016784668
48,Stephanie White,stephanie.white78@gmail.com,ANDROID,GOOGLE,MOBILE,2020-07-29,59.9900016784668
50,kyndra ,kyndraraasch@me.com,IOS,APPLE,MOBILE,2020-09-17,5.989999771118164
53,drew,drewpaulson03@gmail.com,IOS,APPLE,MOBILE,2020-09-28,5.989999771118164
55,Worley Brown,worley.brown@sbcglobal.net,ANDROID,GOOGLE,MOBILE,2021-01-25,99.98999786376953
58,Shaoni Bandy,sbandy@ucsd.edu,IOS,APPLE,MOBILE,2020-11-02,5.989999771118164
59,Heather R,ghaluv@gmail.com,ANDROID,GOOGLE,MOBILE,2020-12-30,9.989999771118164
61,Kimberly Sandridge,ksandridge@evergreenschool.com,IOS,APPLE,MOBILE,2020-12-04,59.9900016784668
63,yurika,yuri.wiryanti@gmail.com,ANDROID,GOOGLE,MOBILE,2020-12-28,9.989999771118164
66,Discovery,discoverylc.mail@gmail.com,ANDROID,GOOGLE,MOBILE,2021-02-10,99.98999786376953
