,USER_NAME,EMAIL_ID,DEVICE_USED,MODE_OF_PAYMENT,TYPE_OF_PAYMENT,Last_Payment_Date,Payment_Amount
0,Delna Bliss,delna.bliss@millardk12.org,WEBAPP,SQUARE PAYMENT,SCHOOL,2021-01-25,1400.0
2,SUPER ADMIN,lbakosh@innerexplorer.org,WEBAPP,PAYPAL,SCHOOL,2020-10-23,1400.0
4,Tracy Schenk,tschenk@pagosa.k12.co.us,WEBAPP,SQUARE PAYMENT,SCHOOL,2020-09-22,1000.0
9,MARLENE RAMIREZ,MER0800@LAUSD.NET,WEBAPP,OTHERS,SCHOOL,2020-10-28,1000.0
12,Jen McDonald,j_mcdonald@ludlowps.org,WEBAPP,PAYPAL,SCHOOL,2020-11-02,1000.0
13,Ricardo Tamayo,ricardo.tamayo@vistamiddle.net,WEBAPP,SIGNUP,SCHOOL,2020-08-31,990.0
14,Jill DeVane,Jill.DeVane@hhchealth.org,WEBAPP,SIGNUP,SCHOOL,2020-08-28,210.0
17,Christine Vincze,cdvincze@hotmail.com,ANDROID,APPLE,MOBILE,2021-04-25,9.989999771118164
19,Judy,jxiong@canyon.k12.ca.us,WEBAPP,SIGNUP,SCHOOL,2020-08-30,1000.0
20,MarciTaylor,mtaylor3@graniteschools.org,WEBAPP,SQUARE PAYMENT,SCHOOL,2020-11-09,1000.02001953125
21,Alex Barber,alexbarber@uwalumni.com,ANDROID,GOOGLE,MOBILE,2020-08-14,5.989999771118164
22,Stacy Trout,stacymtrout@hotmail.com,IOS,APPLE,MOBILE,2020-12-07,59.9900016784668
26,Debrah Scanlon ,debbers05@gmail.com,IOS,GOOGLE,MOBILE,2021-01-23,99.98999786376953
30,Griffin Snider,jensnider530@gmail.com,WEBAPP,SQUARE PAYMENT,SCHOOL,2020-07-02,2100.0
35,Joshua Nichols,jnichols@amboy.net,WEBAPP,SQUARE PAYMENT,SCHOOL,2021-01-27,1400.0
36,Artrice Shine,artrice.shine@browardschools.com,WEBAPP,SIGNUP,SCHOOL,2020-08-21,1400.0
39,Rollin Dubois,rdubois@englewoodcliffs.org,NO INFO,APPLE,SCHOOL,2021-03-18,59.9900016784668
40,amela backes,nicolehigel@hotmail.com,WEBAPP,PAYPAL,SCHOOL,2020-08-31,2079.0
41,L,henleykindergarten@icloud.com,NO INFO,APPLE,SCHOOL,2021-01-26,59.9900016784668
42,Lindsay ,lmbraman1288@gmail.com,IOS,APPLE,MOBILE,2020-07-07,5.989999771118164
43,Jeffrey R Schommer,jschommer@nwphs.org,WEBAPP,SIGNUP,SCHOOL,2020-09-03,1000.0
44,Nedda Lewers,nlewers@me.com,IOS,APPLE,MOBILE,2020-07-14,5.989999771118164
45,alex,alexvann@gmail.com,WEBAPP,SIGNUP,SCHOOL,2020-07-18,1000.0
46,Kiya Edwards,kiyaedwards57@gmail.com,IOS,APPLE,MOBILE,2020-07-24,59.9900016784668
47,Shannon New,shannonnew@mays.k12.in.us,WEBAPP,SQUARE PAYMENT,SCHOOL,2020-07-28,2100.0
48,Stephanie White,stephanie.white78@gmail.com,ANDROID,GOOGLE,MOBILE,2020-07-29,59.9900016784668
49,Diane Richards,drichard@hamadyhawks.net,WEBAPP,SIGNUP,SCHOOL,2020-09-15,1000.0
50,kyndra ,kyndraraasch@me.com,IOS,APPLE,MOBILE,2020-09-17,5.989999771118164
53,drew,drewpaulson03@gmail.com,IOS,APPLE,MOBILE,2020-09-28,5.989999771118164
55,Worley Brown,worley.brown@sbcglobal.net,ANDROID,GOOGLE,MOBILE,2021-01-25,99.98999786376953
56,Rita Bergquist,rita_bergquist@bismarckschools.org,WEBAPP,SQUARE PAYMENT,SCHOOL,2020-10-27,1000.0
57,Jenny Gempeler,jgempeler@ssummit.org,WEBAPP,SQUARE PAYMENT,SCHOOL,2020-10-29,1400.0
58,Shaoni Bandy,sbandy@ucsd.edu,IOS,APPLE,MOBILE,2020-11-02,5.989999771118164
59,Heather R,ghaluv@gmail.com,ANDROID,GOOGLE,MOBILE,2020-12-30,9.989999771118164
61,Kimberly Sandridge,ksandridge@evergreenschool.com,IOS,APPLE,MOBILE,2020-12-04,59.9900016784668
63,yurika,yuri.wiryanti@gmail.com,ANDROID,GOOGLE,MOBILE,2020-12-28,9.989999771118164
64,Heather Young,heatheryoung@alpinedistrict.org,WEBAPP,SQUARE PAYMENT,SCHOOL,2021-01-20,1000.0
66,Discovery,discoverylc.mail@gmail.com,ANDROID,GOOGLE,MOBILE,2021-02-10,99.98999786376953
67,LaShonda Tillmon ,ltillmon@psusd.us,WEBAPP,SQUARE PAYMENT,SCHOOL,2021-03-31,1400.0
68,Northwood,dixonbs@fultonschools.org,WEBAPP,SQUARE PAYMENT,SCHOOL,2021-04-19,1400.0
0,DIAN (DINA) GROSSMAN KJAERGAARD,diankj@gmail.com,COMPASS,ONLINE,DONATION,2021-04-20,51.099998474121094
1,PERRIN WRIGHT,perringwright@gmail.com,COMPASS,ONLINE,DONATION,2021-05-09,500.0
0,Amanda Suraci,asuraci@pleasantonusd.net,OFFLINE,CHEQUE,SCHOOL,2020-08-01,1000.0
1,Staci Anderson,stacianderson@mtsd.us,OFFLINE,CHEQUE,SCHOOL,2020-07-24,1000.0
2,Carla Peterson,cpeterson@rvschools.org,OFFLINE,CHEQUE,SCHOOL,2021-03-01,1000.0
3,Jennifer,jenn.andes@alturaprep.org,OFFLINE,CHEQUE,SCHOOL,2020-08-25,1000.0
4,Denise Fenton,dfenton@psusd.us,OFFLINE,CHEQUE,SCHOOL,2020-07-01,1000.0
5,Heidi Thompson,hthompson@melissaisd.org,OFFLINE,CHEQUE,SCHOOL,2020-08-06,1000.0
6,Kaitlin ODonnell,kodonnell@mtsd.us,OFFLINE,CHEQUE,SCHOOL,2020-08-18,1000.0
7,Nadalee Daves,nadalee.daves@krumisd.net,OFFLINE,CHEQUE,SCHOOL,2020-08-19,1400.0
8,Jacquelyn Cunningham,Jacquelyn.cunningham@stockdaleisd.org,OFFLINE,CHEQUE,SCHOOL,2020-08-24,1000.0
9,North Star Counseling Center,edservices@inyocoe.org,OFFLINE,CHEQUE,SCHOOL,2020-07-19,1000.0
10,Stacey B Ward,sward@psusd.us,OFFLINE,CHEQUE,SCHOOL,2020-08-21,1000.0
11,Teresa Patterson,pattersont@pcsb.org,OFFLINE,CHEQUE,SCHOOL,2020-09-01,2800.0
12,Andy Stotz,andy.stotz@swcsd.us,OFFLINE,CHEQUE,SCHOOL,2020-08-23,1000.0
13,Dr Cathy Cervantes,cathy_cervantes@cjusd.net,OFFLINE,CHEQUE,SCHOOL,2020-10-17,1000.0
14,Cynthia Orr,cynthia.orr@cvesd.org,OFFLINE,CHEQUE,SCHOOL,2020-09-14,1000.0
15,Kelsey Schatte,kelsey.schatte@elginisd.net,OFFLINE,CHEQUE,SCHOOL,2020-09-25,1400.0
16,Wanda Vinson,wanda.vinson@sdhc.k12.fl.us,OFFLINE,CHEQUE,SCHOOL,2020-09-25,1000.0
17,Sonja Davidson,davidsons@ogdensd.org,OFFLINE,CHEQUE,SCHOOL,2020-09-30,1400.0
18,Alyson Reid,alyson.reid@schoolsofwestfield.org,OFFLINE,CHEQUE,SCHOOL,2020-09-30,1000.0
19,iamoneTruTH.org,iamoneTruTH.org,OFFLINE,CHEQUE,SCHOOL,2020-10-01,500.0
20,Angelica Torres,cni@besd.org,OFFLINE,CHEQUE,SCHOOL,2020-08-25,1400.0
21,Jenna Miller,jenna.miller@canyonsdistrict.org,OFFLINE,CHEQUE,SCHOOL,2020-10-06,999.0
22,Diane Brown,browndi@springfieldpublicschools.com,OFFLINE,CHEQUE,SCHOOL,2020-10-23,1000.0
23,Dr Barbara Rountree,brountree@thecapitolschool.com,OFFLINE,CHEQUE,SCHOOL,2020-10-14,1000.0
24,Brian,blewy@cocsd.k12.az.us,OFFLINE,CHEQUE,SCHOOL,2020-10-22,1000.0
25,Andrew Sanchez,andrew.sanchez@rpcsaz.org,OFFLINE,CHEQUE,SCHOOL,2020-10-15,1000.0
26,Rebecca Quisenberry,rebecca.quisenberry@nisd.net,OFFLINE,CHEQUE,SCHOOL,2020-10-21,1400.0
27,Pamela Horton,phorton@psusd.us,OFFLINE,CHEQUE,SCHOOL,2020-10-27,1000.0
29,Nina Odatalia,nodatalla@teaneckschools.org,OFFLINE,CHEQUE,SCHOOL,2020-10-26,1400.0
30,Maria,maria.fajardocorrea@students.teaneckschools.org,OFFLINE,CHEQUE,SCHOOL,2020-10-26,1400.0
31,Greg Moffitt,gmoffitt@vacavilleusd.org,OFFLINE,CHEQUE,SCHOOL,2020-10-16,1000.0
32,Misti Warner,warnermi@tcapsstudent.net,OFFLINE,CHEQUE,SCHOOL,2020-09-30,210.0
33,Margarita Belmares,margaritabelmares@gisd.org,OFFLINE,CHEQUE,SCHOOL,2020-11-18,1400.0
34,Sabrina Hendrickson,sabrina.hendrickson@krumisd.net,OFFLINE,CHEQUE,SCHOOL,2020-11-01,1000.0
35,Attention Lorraine Tallman,lorraine@amandahope.org,OFFLINE,CHEQUE,SCHOOL,2020-12-15,1400.0
36,Eileen,belastocke@nausetschools.org,OFFLINE,CHEQUE,SCHOOL,2021-01-01,1000.0
37,Andrew Peterson,apeterson@tooeleschools.org,OFFLINE,CHEQUE,SCHOOL,2021-01-01,1000.0
38,Nancy Sirski,nancy_sirski@mtbaldy.k12.ca.us,OFFLINE,CHEQUE,SCHOOL,2021-01-04,1000.0
39,Zach Eagar,zeagar@alpinedistrict.org,OFFLINE,CHEQUE,SCHOOL,2021-01-15,1000.0
40,Stacia Lemond,slemondflaherty@bostonpublicschools.org,OFFLINE,CHEQUE,SCHOOL,2021-03-26,1000.0
42,Youngstown City School District,NO INFO.,OFFLINE,CHEQUE,DISTRICT,2020-10-31,12500.0
43,Racine School District,NO INFO.,OFFLINE,CHEQUE,DISTRICT,2020-09-01,28000.0
44,Belleville Schools,NO INFO.,OFFLINE,CHEQUE,DISTRICT,2020-08-01,7000.0
46,Wichita Falls Independent School District,NO INFO.,OFFLINE,CHEQUE,DISTRICT,2020-08-19,4200.0
47,Fairfield-Suisun USD,NO INFO.,OFFLINE,CHEQUE,DISTRICT,2020-07-01,25000.0
48,Upland Unified School District,NO INFO.,OFFLINE,CHEQUE,DISTRICT,2020-08-17,1000.0
49,Ogden School District,NO INFO.,OFFLINE,CHEQUE,DISTRICT,2020-09-14,5600.0
50,Salt Lake City School District,NO INFO.,OFFLINE,CHEQUE,DISTRICT,2020-09-11,18000.0
51,Wayne Metro-Detroit,NO INFO.,OFFLINE,CHEQUE,DISTRICT,2020-09-21,11200.0
52,Broward County Public Schools,NO INFO.,OFFLINE,CHEQUE,DISTRICT,2020-09-01,150000.0
53,San Leandro Unified School District,NO INFO.,OFFLINE,CHEQUE,DISTRICT,2020-09-29,8000.0
54,LaJoya ISD (11 Schools),NO INFO.,OFFLINE,CHEQUE,DISTRICT,2020-08-31,15400.0
55,Paradise USD,NO INFO.,OFFLINE,CHEQUE,DISTRICT,2020-10-15,5000.0
56,LaJoya ISD (5 Schools),NO INFO.,OFFLINE,CHEQUE,DISTRICT,2020-09-01,7000.0
57,Vega ISD,NO INFO.,OFFLINE,CHEQUE,DISTRICT,2020-11-02,1400.0
58,Fairfield-Suisun USD,NO INFO.,OFFLINE,CHEQUE,DISTRICT,2020-12-01,1156.16
59,ANNETTE J. HAGENS MEMORIAL FOUNDATION,NO INFO.,OFFLINE,CHEQUE,FOUNDATION,2020-08-03,3500.0
60,CVS HEALTH FOUNDATION,NO INFO.,OFFLINE,CHEQUE,FOUNDATION,2020-08-03,500.0
61,TRUST FOR THE MEDITATION PROCESS,NO INFO.,OFFLINE,CHEQUE,FOUNDATION,2020-08-24,6000.0
62,COMMUNITY FOUNDATION OF TAMPA BAY,NO INFO.,OFFLINE,CHEQUE,FOUNDATION,2020-09-30,27000.0
63,THE SKILLMAN FOUNDATION,NO INFO.,OFFLINE,CHEQUE,FOUNDATION,2020-10-14,80000.0
64,"COMMUNITY FOUNDATION OF SARASOTA COUNTY, INC",NO INFO.,OFFLINE,CHEQUE,FOUNDATION,2020-10-30,500.0
65,LG ELECTRONICS USA,NO INFO.,OFFLINE,CHEQUE,FOUNDATION,2020-11-09,342000.0
177,Comox Valley School District 17,NO INFO.,OFFLINE,CHEQUE,DISTRICT,2020-08-01,15000.0
178,Brawley Elementary School District,NO INFO.,OFFLINE,CHEQUE,DISTRICT,2020-08-12,1000.0
179,Kingston Public Schools (OK),NO INFO.,OFFLINE,CHEQUE,DISTRICT,2021-01-01,1000.0
180,Chula Vista Elementary School District,NO INFO.,OFFLINE,CHEQUE,DISTRICT,2021-01-15,24000.0
181,Fairfield-Suisun USD,NO INFO.,OFFLINE,CHEQUE,DISTRICT,2020-12-01,1156.0
182,Angela Krampitz,akrampitz@graceschool.org,OFFLINE,CHEQUE,SCHOOL,2021-01-26,1000.0
183,Denise Martell,martelld@sfusd.edu,OFFLINE,CHEQUE,SCHOOL,2021-01-21,1400.0
184,Delna Bliss,delna.bliss@millardk12.org,OFFLINE,CHEQUE,SCHOOL,2021-01-22,1400.0
185,Dina Winterton,dwinterton@sandi.net,OFFLINE,CHEQUE,SCHOOL,2021-01-26,1250.0
186,Ilene Strong,istrong@alpinedistrict.org,OFFLINE,CHEQUE,SCHOOL,2021-01-20,1000.0
187,Lisa Buley,lbuley@lacrossesd.org,OFFLINE,CHEQUE,SCHOOL,2021-02-02,2000.0
188,Steve Elizondo,selizondo@sandi.net,OFFLINE,CHEQUE,SCHOOL,2021-02-11,1200.0
189,Oscar Zenteno Romero,novato1979@gmail.com,OFFLINE,CHEQUE,SCHOOL,2021-02-12,1000.0
190,Kyan Foundation,NO INFO.,OFFLINE,CHEQUE,FOUNDATION,2021-02-08,14000.0
191,Palm Beach County Schools,NO INFO.,OFFLINE,CHEQUE,DISTRICT,2021-02-03,7000.0
192,Kingston Public Schools (OK),NO INFO.,OFFLINE,CHEQUE,DISTRICT,2021-02-25,500.0
193,Sue,Sue_Audibert@needham.k12.ma.us,OFFLINE,CHEQUE,SCHOOL,2021-03-01,1400.0
194,Joann Akrawi,akrawi@gesd.us,OFFLINE,CHEQUE,SCHOOL,2021-03-15,1400.0
196,Pam Thatcher,pthatcher@alpinedistrict.org,OFFLINE,CHEQUE,SCHOOL,2021-03-03,999.0
197,Joshua Nichols,jnichols@amboy.net,OFFLINE,CHEQUE,SCHOOL,2021-03-05,1000.0
199,Chris Platamone,cplatamone@psusd.us,OFFLINE,CHEQUE,SCHOOL,2021-03-25,1400.0
200,Debbie Lerner,dlerner@thermalito.org,OFFLINE,CHEQUE,SCHOOL,2021-04-01,1400.0
201,Aaron Tarzian,atarzian@psusd.us,OFFLINE,CHEQUE,SCHOOL,2021-04-06,1400.0
202,Jamie Wright,jamie.wright@rogueriver.k12.or.us,OFFLINE,CHEQUE,SCHOOL,2021-04-08,1400.0
203,Access Youth & Education Dept,NO INFO.,OFFLINE,CHEQUE,FOUNDATION,2021-04-08,8000.0
204,Jocie Zaja,jzaja@lacrossesd.org,OFFLINE,CHEQUE,SCHOOL,2021-04-14,1000.0
205,Tanya Vaughn,tvaughn@lacrossesd.org,OFFLINE,CHEQUE,SCHOOL,2021-04-14,1000.0
206,Nadia Tovar,ntovar@psusd.us,OFFLINE,CHEQUE,SCHOOL,2021-04-15,1400.0
207,Ross,lross@psusd.us,OFFLINE,CHEQUE,SCHOOL,2021-04-19,1400.0
208,Wichita Falls Independent School District,NO INFO.,OFFLINE,CHEQUE,DISTRICT,2021-04-19,2800.0
209,LaShonda Tillmon,ltillmon@psusd.us,OFFLINE,CHEQUE,SCHOOL,2021-04-19,1400.0
210,Adam Hoover,adhoover@colonialsd.org,OFFLINE,CHEQUE,SCHOOL,2021-04-19,1000.0
211,Lisa D Roberts,LRoberts13@schools.nyc.gov,OFFLINE,CHEQUE,SCHOOL,2021-04-21,1754.0
212,Kimberly Starks,Kimberly_Starks@mcpsmd.org,OFFLINE,CHEQUE,SCHOOL,2021-04-27,1400.0
213,liz,ebarric@schools.nyc.gov,OFFLINE,CHEQUE,SCHOOL,2021-04-30,1400.0
214,Angela Stornaiuolo,ps102uft@gmail.com,OFFLINE,CHEQUE,SCHOOL,2021-05-03,1400.0
278,IRIS PARK,rexrico@yahoo.com,NFG,ONLINE,DONATION,2020-07-06,25.0
279,CHERYL SYLVIA,NO EMAIL,NFG,ONLINE,DONATION,2020-07-09,50.0
280,DG & JL SVENDEN,NO EMAIL,NFG,ONLINE,DONATION,2020-07-15,35.0
281,ROBERT DELAIVE,bdelaive@verizon.net,NFG,ONLINE,DONATION,2020-08-13,500.0
282,KATHI KEMPER,kathi.kemper.md@gmail.com,NFG,ONLINE,DONATION,2020-08-26,50.0
283,SHERITA CEASAR,sherita_ceasar@cable.comcast.com,NFG,ONLINE,DONATION,2020-09-04,2500.0
284,KRISTIE DELUCA,kristiecotter@me.com,NFG,ONLINE,DONATION,2020-09-15,1000.0
285,PAUL SUGAR,paulsugar@cox.net,NFG,ONLINE,DONATION,2020-09-17,125.0
286,LAURA BAKOSH,lbakosh@innerexplorer.org,CAMPAIGN,ONLINE,DONATION,2020-09-24,25.0
287,SAMANTHA ALLISON,sallison@innerexplorer.org,NFG,ONLINE,DONATION,2020-09-24,2500.0
288,KATHI KEMPER,kathi.kemper.md@gmail.com,NFG,ONLINE,DONATION,2020-09-26,50.0
289,DEBRA ESTON,debbieeston@gmail.com,NFG,ONLINE,DONATION,2020-09-30,2000.0
290,CARLA L GREGORY,gregory.carla@gmail.com,CAMPAIGN,ONLINE,DONATION,2020-10-21,50.0
291,JILL EDWARDS,jilledw14@gmail.com,CAMPAIGN,ONLINE,DONATION,2020-10-21,50.0
292,JENNIFER LIN,jwlin.mit@gmail.com,NFG,ONLINE,DONATION,2020-10-26,2000.0
293,JENNIFER LIN,jwlin.mit@gmail.com,NFG,ONLINE,DONATION,2020-10-26,2000.0
294,KATHI KEMPER,kathi.kemper.md@gmail.com,NFG,ONLINE,DONATION,2020-10-26,50.0
295,THERESA HENNESY,theresaahennesy@gmail.com,NFG,ONLINE,DONATION,2020-11-19,500.0
296,KENDRA HOLMAN,Muehlfelt.Kendra@gmail.com,CAMPAIGN,ONLINE,DONATION,2020-10-30,10.0
297,PAULA GREEN,pjakgreen@msn.com,CAMPAIGN,ONLINE,DONATION,2020-11-05,5.0
298,LISSET HANEWICZ,gonzalez_lisset@yahoo.com,CAMPAIGN,ONLINE,DONATION,2020-11-09,50.0
299,HISTORIC UPTOWN,historicuptown@gmail.com,CAMPAIGN,ONLINE,DONATION,2020-11-10,100.0
300,KATHLEEN BEAM,kpbeam5@comcast.net,NFG,ONLINE,DONATION,2020-11-19,500.0
301,JULIE NADEAU,juliehouli@me.com,NFG,ONLINE,DONATION,2020-11-24,25.0
302,KATHI KEMPER,kathi.kemper.md@gmail.com,NFG,ONLINE,DONATION,2020-11-26,50.0
303,ELLEN HECHT,ellendhecht@gmail.com,NFG,ONLINE,DONATION,2020-11-28,25.0
304,REBEKA SALEMI,NO EMAIL,NFG,ONLINE,DONATION,2020-11-29,275.0
305,NINA BERNARDI,nkbfreelance@gmail.com,NFG,ONLINE,DONATION,2020-11-30,75.0
306,SHELLY SMITH,mctjsmith21@gmail.com,NFG,ONLINE,DONATION,2020-11-30,50.0
307,DIANE BERNARDI,dmbernardi@aol.com,NFG,ONLINE,DONATION,2020-12-01,50.0
308,JOE BERNARDI,196bernardi@gmail.com,NFG,ONLINE,DONATION,2020-12-01,200.0
309,LAURIE GROSSMAN,NO EMAIL,NFG,ONLINE,DONATION,2020-12-01,1000.0
310,SHERITA CEASAR,sherita_ceasar@cable.comcast.com,NFG,ONLINE,DONATION,2020-12-01,2500.0
311,LISA CAHILL,lisarcahill@gmaill.com,PAYPAL,ONLINE,DONATION,2020-12-01,255.5
312,MARY REDINGTON,maryredington@chart.com,PAYPAL,ONLINE,DONATION,2020-12-01,102.2
313,JIM GRAZINANO,jgraz510@gmail.com,PAYPAL,ONLINE,DONATION,2020-12-01,102.2
314,LISA BOYNES SINDAS,fireflywellnessmd@gmail.com,PAYPAL,ONLINE,DONATION,2020-12-01,10.22
315,PAUL SINGH,paul.singh@certusplus.com,PAYPAL,ONLINE,DONATION,2020-12-02,1.02
316,JOHAN BARRIOS,jcb033@hotmail.com,PAYPAL,ONLINE,DONATION,2020-12-02,100.0
317,GREG DUPLESSIE,gduplessie@gmail.com,PAYPAL,ONLINE,DONATION,2020-12-02,10.22
318,BONNIE AYERS,ban3alob@gmail.com,PAYPAL,ONLINE,DONATION,2020-12-04,10.22
319,PAMELA MULLEN,mullthree@aol.com,PAYPAL,ONLINE,DONATION,2020-12-04,51.1
320,SARAH DRAKE,sdrake508-earthlink.net,PAYPAL,ONLINE,DONATION,2020-12-05,102.2
321,LISA THOMPSON,lthompson@sturbridgegrowthpartners.com,PAYPAL,ONLINE,DONATION,2020-12-10,102.2
322,KRISHNAPRASAD SHETTY,shalinikpshetty@yahoo.com,PAYPAL,ONLINE,DONATION,2020-12-11,51.1
323,KRISTIE DELUCA,kristiecotter@me.com,NFG,ONLINE,DONATION,2020-12-15,1000.0
324,VOSS BABCOCK,NO EMAIL,NFG,ONLINE,DONATION,2020-12-16,500.0
359,DENNETTE GARDNER,dennette.gardner@yahoo.com,NFG,ONLINE,DONATION,2020-12-16,100.0
360,PAUL SUGAR,paulsugar@cox.net,NFG,ONLINE,DONATION,2020-12-17,125.0
361,NANCY GROSSMAN,nancyeve2@gmail.com,NFG,ONLINE,DONATION,2020-12-18,1000.0
362,TRACEY EDWARDS,tracey@edwards123.com,NFG,ONLINE,DONATION,2020-12-21,2000.0
363,RANDEE STAPLETON,randeelyn@gmail.com,NFG,ONLINE,DONATION,2020-12-22,500.0
364,JANICE HOULIHAN,NO EMAIL,NFG,ONLINE,DONATION,2020-12-23,1500.0
365,SHERITA CEASAR,sherita_ceasar@cable.comcast.com,NFG,ONLINE,DONATION,2020-12-24,10000.0
366,PAULA SANDHAM,Paula.Sandham@dell.com,NFG,ONLINE,DONATION,2020-12-24,500.0
367,KATHI KEMPER,kathi.kemper.md@gmail.com,NFG,ONLINE,DONATION,2020-12-26,50.0
368,JANE GROSSMAN,NO EMAIL,NFG,ONLINE,DONATION,2020-12-28,2000.0
369,STEPHEN WARSHAW,stephen@linchpinatlarge.com,NFG,ONLINE,DONATION,2020-12-29,1000.0
370,SAMANTHA ALLISON,sallison@innerexplorer.org,PAYPAL,ONLINE,DONATION,2020-12-30,2550.0
371,GREG DUPLESSIE,gduplessie@gmail.com,PAYPAL,ONLINE,DONATION,2020-12-30,102.2
372,DON MATTOS,mattos.don@gmail.com,PAYPAL,ONLINE,DONATION,2020-12-30,100.0
373,JOANNE LIBERLES,joanne.liberles@gibsonsir.com,NFG,ONLINE,DONATION,2020-12-31,1000.0
374,MICHAEL ORMSBY,mormsby41@gmail.com,NFG,ONLINE,DONATION,2020-12-31,250.0
375,MICHAEL PRUELL,mpruell06@hotmail.com,NFG,ONLINE,DONATION,2020-12-31,400.0
376,DEBRA ESTON,NO EMAIL,NFG,ONLINE,DONATION,2020-12-31,3000.0
377,AVNEET,aarora@1gen.io,SQUARE PAYMENT,ONLINE,DONATION,2020-12-04,51.1
378,CONSTANCE,cquinta@swbell.net,SQUARE PAYMENT,ONLINE,DONATION,2020-12-02,51.1
379,HARSH,harsh@1gen.io,SQUARE PAYMENT,ONLINE,DONATION,2020-12-01,2.0
380,HARSH,harsh@1gen.io,SQUARE PAYMENT,ONLINE,DONATION,2020-12-01,1.0
381,HISTORIC UPTOWN,historicuptown@gmail.com,SQUARE PAYMENT,ONLINE,DONATION,2020-11-10,100.0
382,LISSET HANEWICZ,gonzalez_lisset@yahoo.com,PAYPAL,ONLINE,DONATION,2020-11-09,50.0
383,PAULA GREEN,pjakgreen@msn.com,PAYPAL,ONLINE,DONATION,2020-11-05,5.0
384,KENDRA HOLMAN,Muehlfelt.Kendra@gmail.com,SQUARE PAYMENT,ONLINE,DONATION,2020-10-30,10.0
385,RAJBIR KAUR,rajbir@1gen.io,PAYPAL,ONLINE,DONATION,2020-10-29,1.0
386,RAJBIR KAUR,rajbir@1gen.io,PAYPAL,ONLINE,DONATION,2020-10-28,1.0
387,CARLA L GREGORY,gregory.carla@gmail.com,SQUARE PAYMENT,ONLINE,DONATION,2020-10-21,50.0
388,JILL EDWARDS,jilledw14@gmail.com,SQUARE PAYMENT,ONLINE,DONATION,2020-10-21,50.0
389,RAJBIR KAUR,rkaur@innerexplorer.org,SQUARE PAYMENT,ONLINE,DONATION,2020-09-24,1.0
390,LAURA BAKOSH,lbakosh@innerexplorer.org,SQUARE PAYMENT,ONLINE,DONATION,2020-09-24,25.0
1076,MINDFUL 30,NO EMAIL,NFG,ONLINE,DONATION,2020-11-30,2017.15
1077,JUDY LEVIN & BARRY EPSTEIN,NO EMAIL,NFG,ONLINE,DONATION,2021-01-21,500.0
1078,KATHI KEMPER,NO EMAIL,NFG,ONLINE,DONATION,2021-01-26,50.0
1079,MARY REDINGTON,NO EMAIL,PAYPAL,ONLINE,DONATION,2021-01-29,102.2
1080,Kristie DeLuca,kristiecotter@me.com,CHECK,ONLINE,DONATION,2021-01-26,1000.0
1081,Jill Devane,jill.devane@hhchealth.org,SQUARE PAYMENT,ONLINE,DONATION,2021-02-05,10.0
1082,Laura Bakosh,lbakosh@innerexplorer.org,PAYPAL,ONLINE,DONATION,2021-02-05,10.0
1083,Paul Singh,paul@1gen.io,PAYPAL,ONLINE,DONATION,2021-02-09,1.0
1084,Sallie & Martin Land,atoussai@aol.com,PAYPAL,ONLINE,DONATION,2021-02-10,100.0
1085,Kathi Kemper,kathi.kemper.md@gmail.com,NFG,ONLINE,DONATION,2021-02-26,50.0
1086,Saideep  Raj,saideep.raj@accenture.com,CHECK,ONLINE,DONATION,2021-02-17,10000.0
1087,Janine Milakeve,NO EMAIL,CHECK,ONLINE,DONATION,2021-02-27,100.0
1088,Sherita Ceasar,sherita_ceasar@cable.comcast.com,NFG,ONLINE,DONATION,2021-03-09,2500.0
1089,Kristie DeLuca,kristiecotter@me.com,CHECK,ONLINE,DONATION,2021-03-09,1500.0
1090,Paul Sugar,paulsugar@cox.net,NFG,ONLINE,DONATION,2021-03-17,125.0
1091,Samantha Allison,NO EMAIL,CHECK,ONLINE,DONATION,2021-03-19,2500.0
1092,Kathi Kemper,kathi.kemper.md@gmail.com,NFG,ONLINE,DONATION,2021-03-26,50.0
1093,Sarah Drake,sdrake508@earthlink.net,CHECK,ONLINE,DONATION,2021-03-01,25.0
1094,Laura Bakosh,lbakosh@innerexplorer.org,PAYPAL,ONLINE,DONATION,2021-04-14,102.0
1095,Rajbir,rajbir@1gen.io,PAYPAL,ONLINE,DONATION,2021-04-15,1.0
1096,Adam Avin,thinkwell@wufshanti.com,PAYPAL,ONLINE,DONATION,2021-04-16,36.0
1097,Kathi Kemper,kathi.kemper.md@gmail.com,NFG,ONLINE,DONATION,2021-04-26,50.0
