,0
0,5f2bca13ba0be61b0c1ca1b5
1,5f2bca13ba0be61b0c1ca1d0
2,5f2bca14ba0be61b0c1ca26d
3,5f2bca14ba0be61b0c1ca29d
4,5f2bca14ba0be61b0c1ca351
5,5f2bca14ba0be61b0c1ca46b
6,5f2bca16ba0be61b0c1ca891
7,5f2bca18ba0be61b0c1caa61
8,5f2bca18ba0be61b0c1cace1
9,5f2bca1aba0be61b0c1cad3e
10,5f2bca1aba0be61b0c1cad59
11,5f2bca1aba0be61b0c1cafbe
12,5f2bca1cba0be61b0c1cb168
13,5f2bca1dba0be61b0c1cb2e6
14,5f2bca1dba0be61b0c1cb4fc
15,5f2bca1fba0be61b0c1cb831
16,5f2bca20ba0be61b0c1cb8f2
17,5f2bca20ba0be61b0c1cb981
18,5f2bca20ba0be61b0c1cb9b4
19,5f2bca20ba0be61b0c1cb9f9
20,5f2bca20ba0be61b0c1cba44
21,5f2bca20ba0be61b0c1cba47
22,5f2bca20ba0be61b0c1cbab3
23,5f2bca20ba0be61b0c1cbae4
24,5f2bca20ba0be61b0c1cbc6a
25,5f2bca20ba0be61b0c1cbc87
26,5f2bca21ba0be61b0c1cbd0f
27,5f2bca21ba0be61b0c1cbf2a
28,5f2bca21ba0be61b0c1cbfc8
29,5f2bca21ba0be61b0c1cbfee
30,5f2bca21ba0be61b0c1cc079
31,5f2bca22ba0be61b0c1cc0ea
32,5f2bca22ba0be61b0c1cc16e
33,5f2bca22ba0be61b0c1cc183
34,5f2bca22ba0be61b0c1cc1d6
35,5f2bca22ba0be61b0c1cc401
36,5f2bca23ba0be61b0c1cc6be
37,5f2bca24ba0be61b0c1cc825
38,5f2bca25ba0be61b0c1cc96f
39,5f2bca25ba0be61b0c1cca8d
40,5f2bca25ba0be61b0c1ccaa2
41,5f2bca25ba0be61b0c1ccb6c
42,5f2bca25ba0be61b0c1ccbd5
43,5f2bca25ba0be61b0c1ccc61
44,5f2bca25ba0be61b0c1ccc63
45,5f2bca26ba0be61b0c1ccd1a
46,5f2bca26ba0be61b0c1cce64
47,5f2bca26ba0be61b0c1ccfab
48,5f2bca26ba0be61b0c1ccffc
49,5f2bca27ba0be61b0c1cd069
50,5f2bca27ba0be61b0c1cd1de
51,5f2bca27ba0be61b0c1cd376
52,5f2bca27ba0be61b0c1cd393
53,5f2bca27ba0be61b0c1cd3de
54,5f2bca28ba0be61b0c1cd4cd
55,5f2bca28ba0be61b0c1cd553
56,5f2bca29ba0be61b0c1cd57d
57,5f2bca29ba0be61b0c1cd592
58,5f2bca29ba0be61b0c1cd631
59,5f2bca2aba0be61b0c1cd857
60,5f2bca2aba0be61b0c1cd91f
61,5f2bca2aba0be61b0c1cda89
62,5f2bca2aba0be61b0c1cdb9a
63,5f2bca2aba0be61b0c1cdbda
64,5f2bca2cba0be61b0c1cdd8d
65,5f2bca2cba0be61b0c1cddb9
66,5f2bca2cba0be61b0c1cdeeb
67,5f2bca2cba0be61b0c1cdf06
68,5f2bca2cba0be61b0c1cdf13
69,5f2bca2dba0be61b0c1ce0d4
70,5f2bca2dba0be61b0c1ce266
71,5f2bca2dba0be61b0c1ce352
72,5f2bca2fba0be61b0c1ce831
73,5f2bca2fba0be61b0c1ce9a0
74,5f2bca30ba0be61b0c1cecc1
75,5f2bca30ba0be61b0c1ceda4
76,5f2bca30ba0be61b0c1cee70
77,5f2bca30ba0be61b0c1cee77
78,5f2bca30ba0be61b0c1cee98
79,5f2bca30ba0be61b0c1ceed1
80,5f2bca30ba0be61b0c1cef4f
81,5f2bca31ba0be61b0c1cf12c
82,5f2bca31ba0be61b0c1cf1f1
83,5f2bca31ba0be61b0c1cf369
84,5f2bca32ba0be61b0c1cf721
85,5f2bca32ba0be61b0c1cf755
86,5f2bca33ba0be61b0c1cf76b
87,5f2bca33ba0be61b0c1cf832
88,5f2bca33ba0be61b0c1cf8c7
89,5f2bca33ba0be61b0c1cf8dc
90,5f2bca33ba0be61b0c1cf8e2
91,5f2bca33ba0be61b0c1cf9a7
92,5f2bca33ba0be61b0c1cfa99
93,5f2bca36ba0be61b0c1cff81
94,5f2bca37ba0be61b0c1d0644
95,5f2bca37ba0be61b0c1d065a
96,5f2bca38ba0be61b0c1d083c
97,5f2bca38ba0be61b0c1d0930
98,5f2bca39ba0be61b0c1d0c5d
99,5f2bca39ba0be61b0c1d0c8d
100,5f2bca39ba0be61b0c1d0e15
101,5f2bca3aba0be61b0c1d0fbf
102,5f2bca3aba0be61b0c1d110e
103,5f2bca3dba0be61b0c1d1886
104,5f2bca3eba0be61b0c1d1afd
105,5f2bca3eba0be61b0c1d1d1e
106,5f2bca3eba0be61b0c1d1d92
107,5f2bca3eba0be61b0c1d1dfd
108,5f2bca3fba0be61b0c1d2146
109,5f2bca3fba0be61b0c1d2241
110,5f2bca3fba0be61b0c1d2250
111,5f2bca42ba0be61b0c1d2673
112,5f2bca43ba0be61b0c1d2a08
113,5f2bca45ba0be61b0c1d3542
114,5f2bca45ba0be61b0c1d359b
115,5f2bca45ba0be61b0c1d35cf
116,5f2bca46ba0be61b0c1d37af
117,5f2bca46ba0be61b0c1d37fa
118,5f2bca46ba0be61b0c1d396e
119,5f2bca4bba0be61b0c1d41ac
120,5f2bca4bba0be61b0c1d4561
121,5f2bca4cba0be61b0c1d46c8
122,5f2bca4dba0be61b0c1d49dc
123,5f2bca4dba0be61b0c1d4ace
124,5f2bca4dba0be61b0c1d4c35
125,5f2bca4fba0be61b0c1d4efb
126,5f2bca4fba0be61b0c1d50f4
127,5f2bca50ba0be61b0c1d531b
128,5f2bca57ba0be61b0c1d6254
129,5f2bca57ba0be61b0c1d6455
130,5f2bca5aba0be61b0c1d6a65
131,5f2bca5cba0be61b0c1d6fe2
132,5f2bca5cba0be61b0c1d7411
133,5f2bca5dba0be61b0c1d7719
134,5f2bca5dba0be61b0c1d7848
135,5f2bca5eba0be61b0c1d78a1
136,5f2bca5eba0be61b0c1d7a2f
137,5f2bca61ba0be61b0c1d7d1d
138,5f2bca61ba0be61b0c1d7fd8
139,5f2bca63ba0be61b0c1d84c9
140,5f2bca63ba0be61b0c1d86fe
141,5f2bca65ba0be61b0c1d8e9b
142,5f2bca68ba0be61b0c1d9178
143,5f2bca69ba0be61b0c1d96b3
144,5f2bca6aba0be61b0c1d98ea
145,5f2bca6bba0be61b0c1d9fb5
146,5f2bca6bba0be61b0c1da077
147,5f2bca6bba0be61b0c1da0de
148,5f2bca71ba0be61b0c1da6c2
149,5f2bca71ba0be61b0c1da6f5
150,5f2bca72ba0be61b0c1da8b8
151,5f2bca72ba0be61b0c1daac4
152,5f2bca73ba0be61b0c1dabad
153,5f2bca73ba0be61b0c1dae04
154,5f2bca73ba0be61b0c1daf9c
155,5f2bca73ba0be61b0c1db107
156,5f2bca73ba0be61b0c1db146
157,5f2bca79ba0be61b0c1dc5ab
158,5f2bca7aba0be61b0c1dc9c7
159,5f2bca85ba0be61b0c1dd131
160,5f2bca87ba0be61b0c1dd86e
161,5f2bca88ba0be61b0c1ddae7
162,5f2bca8aba0be61b0c1dde81
163,5f2bca8aba0be61b0c1ddf2d
164,5f2bca8fba0be61b0c1deba1
165,5f2bca8fba0be61b0c1dec43
166,5f2bca90ba0be61b0c1def16
167,5f2bcaa6ba0be61b0c1dfd3f
168,5f2bcaa6ba0be61b0c1dff2c
169,5f2bcaa7ba0be61b0c1e0436
170,5f2bcaa8ba0be61b0c1e06a3
171,5f2bcaa8ba0be61b0c1e06fc
172,5f2bcaa8ba0be61b0c1e0705
173,5f2bcaabba0be61b0c1e13e4
174,5f2bcaacba0be61b0c1e15e8
175,5f2bcaadba0be61b0c1e17e1
176,5f2bcaafba0be61b0c1e1c8e
177,5f2bcaafba0be61b0c1e1e36
178,5f2bcab1ba0be61b0c1e22d2
179,5f2bcab2ba0be61b0c1e2556
180,5f2bcab2ba0be61b0c1e256d
181,5f2bcab2ba0be61b0c1e27c2
182,5f2bcab4ba0be61b0c1e2f5c
183,5f2bcab8ba0be61b0c1e3acf
184,5f2bcab9ba0be61b0c1e3e92
185,5f2bcababa0be61b0c1e3f9e
186,5f2bcababa0be61b0c1e4168
187,5f2bcababa0be61b0c1e4257
188,5f2bcabcba0be61b0c1e437f
189,5f2bcabeba0be61b0c1e4d24
190,5f2bcabfba0be61b0c1e4fc8
191,5f2bcabfba0be61b0c1e5102
192,5f2bcabfba0be61b0c1e5201
193,5f2bcabfba0be61b0c1e5203
194,5f2bcabfba0be61b0c1e52c6
195,5f2bcac1ba0be61b0c1e5343
196,5f2bcac1ba0be61b0c1e5365
197,5f2bcac1ba0be61b0c1e5426
198,5f2bcac1ba0be61b0c1e54f3
199,5f2bcac1ba0be61b0c1e55ea
200,5f2bcac2ba0be61b0c1e578b
201,5f2bcac2ba0be61b0c1e57f1
202,5f2bcac2ba0be61b0c1e582a
203,5f2bcac2ba0be61b0c1e5984
204,5f2bcac4ba0be61b0c1e5b8e
205,5f2bcac4ba0be61b0c1e5cd9
206,5f2bcac4ba0be61b0c1e5e1f
207,5f2bcac5ba0be61b0c1e5f10
208,5f2bcac7ba0be61b0c1e6766
209,5f2bcac7ba0be61b0c1e694d
210,5f2bcac8ba0be61b0c1e6c97
211,5f2bcac9ba0be61b0c1e6db7
212,5f2bcac9ba0be61b0c1e6dbd
213,5f2bcacaba0be61b0c1e7419
214,5f2bcaceba0be61b0c1e7aef
215,5f2bcacfba0be61b0c1e7e25
216,5f2bcacfba0be61b0c1e7f58
217,5f2bcacfba0be61b0c1e7f8a
218,5f2bcad0ba0be61b0c1e8225
219,5f2bcad4ba0be61b0c1e8eb6
220,5f2bcad6ba0be61b0c1e9757
221,5f2bcad6ba0be61b0c1e9761
222,5f2bcad6ba0be61b0c1e9781
223,5f2bcad6ba0be61b0c1e9823
224,5f2bcad7ba0be61b0c1e997e
225,5f2bcad7ba0be61b0c1e9a48
226,5f2bcad7ba0be61b0c1e9a49
227,5f2bcad7ba0be61b0c1e9a7d
228,5f2bcad7ba0be61b0c1e9ad9
229,5f2bcad7ba0be61b0c1e9ae2
230,5f2bcad7ba0be61b0c1e9b18
231,5f2bcad7ba0be61b0c1e9c48
232,5f2bcad7ba0be61b0c1e9c51
233,5f2bcad7ba0be61b0c1e9ca0
234,5f2bcad7ba0be61b0c1e9cb6
235,5f2bcad7ba0be61b0c1e9ce6
236,5f2bcad7ba0be61b0c1e9ced
237,5f2bcad7ba0be61b0c1e9d0b
238,5f2bcad7ba0be61b0c1e9d2b
239,5f2bcad7ba0be61b0c1e9d2c
240,5f2bcad8ba0be61b0c1e9d4a
241,5f2bcad8ba0be61b0c1e9d6b
242,5f2bcad8ba0be61b0c1e9dae
243,5f2bcad8ba0be61b0c1e9dc2
244,5f2bcad8ba0be61b0c1e9e77
245,5f2bcad8ba0be61b0c1e9e97
246,5f2bcad8ba0be61b0c1e9ea3
247,5f2bcad8ba0be61b0c1e9ea5
248,5f2bcad8ba0be61b0c1e9eb1
249,5f2bcad8ba0be61b0c1e9eb8
250,5f2bcad8ba0be61b0c1e9ec1
251,5f2bcad8ba0be61b0c1e9ec4
252,5f2bcad8ba0be61b0c1e9ed7
253,5f2bcad8ba0be61b0c1e9edb
254,5f2bcad8ba0be61b0c1e9edd
255,5f2bcad8ba0be61b0c1e9ee0
256,5f2bcad8ba0be61b0c1e9eee
257,5f2bcad8ba0be61b0c1e9f00
258,5f2bcad8ba0be61b0c1e9f37
259,5f2bcad8ba0be61b0c1e9f55
260,5f2bcad8ba0be61b0c1e9f57
261,5f2bcad8ba0be61b0c1e9f62
262,5f2bcad8ba0be61b0c1e9f8e
263,5f2bcad8ba0be61b0c1e9fb3
264,5f2bcad8ba0be61b0c1e9fba
265,5f2bcad8ba0be61b0c1e9fcb
266,5f2bcad8ba0be61b0c1e9fd4
267,5f2bcad8ba0be61b0c1e9fde
268,5f2bcad8ba0be61b0c1e9fe8
269,5f2bcad8ba0be61b0c1e9ffb
270,5f2bcad8ba0be61b0c1ea017
271,5f2bcad8ba0be61b0c1ea02b
272,5f2bcad8ba0be61b0c1ea02f
273,5f2bcad8ba0be61b0c1ea049
274,5f2bcad8ba0be61b0c1ea050
275,5f2bcad8ba0be61b0c1ea059
276,5f2bcad8ba0be61b0c1ea065
277,5f2bcad8ba0be61b0c1ea096
278,5f2bcad8ba0be61b0c1ea0a1
279,5f2bcad8ba0be61b0c1ea0aa
280,5f2bcad8ba0be61b0c1ea0bd
281,5f2bcad8ba0be61b0c1ea0ce
282,5f2bcad8ba0be61b0c1ea0f7
283,5f2bcad8ba0be61b0c1ea107
284,5f2bcad8ba0be61b0c1ea116
285,5f2bcad8ba0be61b0c1ea12a
286,5f2bcadaba0be61b0c1ea13f
287,5f2bcadaba0be61b0c1ea152
288,5f2bcadaba0be61b0c1ea1a3
289,5f2bcadaba0be61b0c1ea1a6
290,5f2bcadaba0be61b0c1ea1a9
291,5f2bcadaba0be61b0c1ea1ac
292,5f2bcadaba0be61b0c1ea1bb
293,5f2bcadaba0be61b0c1ea1bc
294,5f2bcadaba0be61b0c1ea1d4
295,5f2bcadaba0be61b0c1ea1e6
296,5f2bcadaba0be61b0c1ea1ea
297,5f2bcadaba0be61b0c1ea1ed
298,5f2bcadaba0be61b0c1ea1f1
299,5f2bcadaba0be61b0c1ea204
300,5f2bcadaba0be61b0c1ea24b
301,5f2bcadaba0be61b0c1ea24e
302,5f2bcadaba0be61b0c1ea259
303,5f2bcadaba0be61b0c1ea25b
304,5f2bcadaba0be61b0c1ea25d
305,5f2bcadaba0be61b0c1ea27a
306,5f2bcadaba0be61b0c1ea2a9
307,5f2bcadaba0be61b0c1ea2db
308,5f2bcadaba0be61b0c1ea2e5
309,5f2bcadaba0be61b0c1ea305
310,5f2bcadaba0be61b0c1ea30e
311,5f2bcadaba0be61b0c1ea34e
312,5f2bcadaba0be61b0c1ea351
313,5f2bcadaba0be61b0c1ea357
314,5f2bcadaba0be61b0c1ea373
315,5f2bcadaba0be61b0c1ea375
316,5f2bcadaba0be61b0c1ea387
317,5f2bcadaba0be61b0c1ea39b
318,5f2bcadaba0be61b0c1ea3bc
319,5f2bcadaba0be61b0c1ea3c9
320,5f2bcadaba0be61b0c1ea3e9
321,5f2bcadaba0be61b0c1ea3fb
322,5f2bcadaba0be61b0c1ea401
323,5f2bcadaba0be61b0c1ea407
324,5f2bcadaba0be61b0c1ea408
325,5f2bcadaba0be61b0c1ea413
326,5f2bcadaba0be61b0c1ea416
327,5f2bcadaba0be61b0c1ea41f
328,5f2bcadaba0be61b0c1ea438
329,5f2bcadaba0be61b0c1ea43d
330,5f2bcadaba0be61b0c1ea442
331,5f2bcadaba0be61b0c1ea445
332,5f2bcadaba0be61b0c1ea449
333,5f2bcadaba0be61b0c1ea482
334,5f2bcadaba0be61b0c1ea485
335,5f2bcadaba0be61b0c1ea488
336,5f2bcadaba0be61b0c1ea4ed
337,5f2bcadaba0be61b0c1ea4f4
338,5f2bcadaba0be61b0c1ea4fb
339,5f2bcadaba0be61b0c1ea506
340,5f2bcadaba0be61b0c1ea50f
341,5f2bcadaba0be61b0c1ea511
342,5f2bcadbba0be61b0c1ea521
343,5f2bcadbba0be61b0c1ea52d
344,5f2bcadbba0be61b0c1ea532
345,5f2bcadbba0be61b0c1ea53d
346,5f2bcadbba0be61b0c1ea545
347,5f2bcadbba0be61b0c1ea548
348,5f2bcadbba0be61b0c1ea54b
349,5f2bcadbba0be61b0c1ea54f
350,5f2bcadbba0be61b0c1ea55a
351,5f2bcadbba0be61b0c1ea567
352,5f2bcadbba0be61b0c1ea56c
353,5f2bcadbba0be61b0c1ea56f
354,5f2bcadbba0be61b0c1ea574
355,5f2bcadbba0be61b0c1ea57d
356,5f2bcadbba0be61b0c1ea583
357,5f2bcadbba0be61b0c1ea586
358,5f2bcadbba0be61b0c1ea587
359,5f2bcadbba0be61b0c1ea58e
360,5f2bcadbba0be61b0c1ea593
361,5f2bcadbba0be61b0c1ea596
362,5f2bcadbba0be61b0c1ea59b
363,5f2bcadbba0be61b0c1ea5a3
364,5f2bcadbba0be61b0c1ea5b0
365,5f2bcadbba0be61b0c1ea5b2
366,5f2bcadbba0be61b0c1ea5b6
367,5f2bcadbba0be61b0c1ea5bc
368,5f2bcadbba0be61b0c1ea5bd
369,5f2bcadbba0be61b0c1ea5c2
370,5f2bcadbba0be61b0c1ea5c6
371,5f2bcadbba0be61b0c1ea5c8
372,5f2bcadbba0be61b0c1ea5cd
373,5f2bcadbba0be61b0c1ea5dd
374,5f2bcadbba0be61b0c1ea5e1
375,5f4ca257e893e805f460bab5
376,5f4ca257e893e805f460babc
377,5f4d11b2762c3e25a9b9f78b
378,601876dc043b08505d926215
379,60197101294c4b4734a20f20
380,602bc31d8f896e768324cc5f
381,602bc52a8f896e768324ce37
382,602bc7698f896e768324cf20
383,602bcb0ea40ec566240c8684
384,602be4759122946bd590debd
385,602be63a9122946bd590df5c
386,602bea2448e352170f9d571c
387,603ea6a5a55532019961cfef
388,603f88dcf4a96870c8c8b7a3
389,604a37b4d26fbcb710e916c3
390,604a38a9d26fbcb710e916c5
391,604a38a9d26fbcb710e916c8
392,604a38a9d26fbcb710e916df
393,604a38a9d26fbcb710e916e7
394,604a38a9d26fbcb710e916eb
395,604a38a9d26fbcb710e916f8
396,604a38a9d26fbcb710e916fb
397,604a38a9d26fbcb710e916fc
398,604a38a9d26fbcb710e91702
399,604a38a9d26fbcb710e91703
400,604a38a9d26fbcb710e9170d
401,604a38a9d26fbcb710e9171f
402,604a38a9d26fbcb710e91728
403,604a38a9d26fbcb710e9172c
404,604a38a9d26fbcb710e9172d
405,604a38a9d26fbcb710e91731
406,604a38a9d26fbcb710e91739
407,604a38a9d26fbcb710e91741
408,604a38a9d26fbcb710e91753
409,604a38a9d26fbcb710e9175e
410,604a38a9d26fbcb710e9176d
411,604a38a9d26fbcb710e91773
412,604a38a9d26fbcb710e9177e
413,604a38a9d26fbcb710e9178d
414,604a38a9d26fbcb710e9178e
415,604a38a9d26fbcb710e91790
416,604a38a9d26fbcb710e917ae
417,604a38a9d26fbcb710e917b4
418,604a38a9d26fbcb710e917b6
419,604a38a9d26fbcb710e917c6
420,604a38a9d26fbcb710e917c7
421,604a38a9d26fbcb710e917d6
422,604a38a9d26fbcb710e917df
423,604a38a9d26fbcb710e917e1
424,604a38a9d26fbcb710e917e3
425,604a38a9d26fbcb710e917e5
426,604a38a9d26fbcb710e917eb
427,604a38a9d26fbcb710e917ed
428,604a38a9d26fbcb710e917ee
429,604a38a9d26fbcb710e917f7
430,604a38a9d26fbcb710e917fa
431,604a38a9d26fbcb710e91800
432,604a38a9d26fbcb710e91804
433,604a38a9d26fbcb710e91809
434,604a38a9d26fbcb710e9180a
435,604a38a9d26fbcb710e9180f
436,604a38a9d26fbcb710e91816
437,604a38a9d26fbcb710e91818
438,604a38a9d26fbcb710e91821
439,604a38a9d26fbcb710e91833
440,604a38a9d26fbcb710e91839
441,604a38a9d26fbcb710e9183b
442,604a38a9d26fbcb710e91844
443,604a38a9d26fbcb710e91846
444,604a38a9d26fbcb710e91848
445,604a38a9d26fbcb710e91851
446,604a38a9d26fbcb710e91854
447,604a38a9d26fbcb710e9185f
448,604a38a9d26fbcb710e91861
449,604a38a9d26fbcb710e91863
450,604a38a9d26fbcb710e91879
451,604a38a9d26fbcb710e9187c
452,604a38a9d26fbcb710e9187e
453,604a38a9d26fbcb710e9187f
454,604a38a9d26fbcb710e9188f
455,604a38a9d26fbcb710e91899
456,604a38a9d26fbcb710e9189e
457,604a38a9d26fbcb710e918ab
458,604a38a9d26fbcb710e918ae
459,604a38a9d26fbcb710e918af
460,604a38a9d26fbcb710e918b6
461,604a38a9d26fbcb710e918b7
462,604a38a9d26fbcb710e918bb
463,604a38a9d26fbcb710e918bd
464,604a38a9d26fbcb710e918bf
465,604a38a9d26fbcb710e918c5
466,604a38a9d26fbcb710e918cb
467,604a38a9d26fbcb710e918d2
468,604a38a9d26fbcb710e918db
469,604a38a9d26fbcb710e918df
470,604a38a9d26fbcb710e918e1
471,604a38a9d26fbcb710e918ed
472,604a38a9d26fbcb710e918f2
473,604a38a9d26fbcb710e918f7
474,604a38a9d26fbcb710e918f8
475,604a38a9d26fbcb710e918ff
476,604a38a9d26fbcb710e91904
477,604a38a9d26fbcb710e91913
478,604a38a9d26fbcb710e91915
479,604a38a9d26fbcb710e91916
480,604a38a9d26fbcb710e91917
481,604a38a9d26fbcb710e9191d
482,604a38a9d26fbcb710e9191f
483,604a38a9d26fbcb710e91920
484,604a38a9d26fbcb710e9192b
485,604a38a9d26fbcb710e9192f
486,604a38a9d26fbcb710e91931
487,604a38a9d26fbcb710e91932
488,604a38a9d26fbcb710e91937
489,604a38a9d26fbcb710e91941
490,604a38a9d26fbcb710e91947
491,604a38a9d26fbcb710e9194c
492,604a38a9d26fbcb710e91953
493,604a38a9d26fbcb710e91965
494,604a38a9d26fbcb710e91969
495,604a38a9d26fbcb710e91972
496,604a38a9d26fbcb710e91975
497,604a38a9d26fbcb710e91977
498,604a38a9d26fbcb710e91981
499,604a38a9d26fbcb710e91982
500,604a38a9d26fbcb710e9198a
501,604a38a9d26fbcb710e9198b
502,604a38a9d26fbcb710e9198d
503,604a38a9d26fbcb710e9198f
504,604a38a9d26fbcb710e91992
505,604a38a9d26fbcb710e9199c
506,604a38a9d26fbcb710e9199e
507,604a38a9d26fbcb710e9199f
508,604a38a9d26fbcb710e919a1
509,604a38a9d26fbcb710e919a8
510,604a38a9d26fbcb710e919a9
511,604a38a9d26fbcb710e919b6
512,604a38a9d26fbcb710e919ba
513,604a38a9d26fbcb710e919bf
514,604a38a9d26fbcb710e919c0
515,604a38a9d26fbcb710e919c3
516,604a38a9d26fbcb710e919c6
517,604a38a9d26fbcb710e919d6
518,604a38a9d26fbcb710e919d8
519,604a38a9d26fbcb710e919de
520,604a38a9d26fbcb710e919df
521,604a38a9d26fbcb710e919e1
522,604a38a9d26fbcb710e919e8
523,604a38a9d26fbcb710e919ea
524,604a38a9d26fbcb710e919ef
525,604a38a9d26fbcb710e919f5
526,604a38a9d26fbcb710e919f6
527,604a38a9d26fbcb710e91a05
528,604a38a9d26fbcb710e91a18
529,604a38a9d26fbcb710e91a1e
530,604a38a9d26fbcb710e91a20
531,604a38a9d26fbcb710e91a22
532,604a38a9d26fbcb710e91a2a
533,604a38a9d26fbcb710e91a30
534,604a38a9d26fbcb710e91a37
535,604a38a9d26fbcb710e91a46
536,604a38a9d26fbcb710e91a48
537,604a38a9d26fbcb710e91a4e
538,604a38a9d26fbcb710e91a54
539,604a38a9d26fbcb710e91a5a
540,604a38a9d26fbcb710e91a5c
541,604a38a9d26fbcb710e91a5d
542,604a38a9d26fbcb710e91a62
543,604a38a9d26fbcb710e91a64
544,604a38a9d26fbcb710e91a68
545,604a38a9d26fbcb710e91a6d
546,604a38a9d26fbcb710e91a79
547,604a38a9d26fbcb710e91a7f
548,604a38a9d26fbcb710e91a87
549,604a38a9d26fbcb710e91a88
550,604a38a9d26fbcb710e91a91
551,604a38a9d26fbcb710e91a94
552,604a38a9d26fbcb710e91a95
553,604a38a9d26fbcb710e91a9f
554,604a38a9d26fbcb710e91aa9
555,604a38a9d26fbcb710e91ab0
556,604a38a9d26fbcb710e91abf
557,604a38a9d26fbcb710e91ac1
558,604a38a9d26fbcb710e91ac4
559,604a38a9d26fbcb710e91ac9
560,6055128af7cb8b26c49db5e4
561,606f2ea7224b134cfb7c4181
562,6077b1c4224b134cfb7cf6b5
563,607b3377bdc15d1c35787a7b
